Customer ID,edad,genero,ubicacion,suscripcion,abandono,compras_registradas,gasto_total_usd,gasto_promedio_usd,primera_compra,ultima_compra,recencia_dias,cluster,segmento,recencia_log
1,55,Male,Kentucky,Yes,1,15,857.9,57.19,2022-01-07,2024-07-09,175,0,Clientes de baja actividad,5.170483995038151
2,19,Male,Maine,Yes,0,3,188.5,62.83,2023-09-01,2024-11-20,41,0,Clientes de baja actividad,3.7376696182833684
3,50,Male,Massachusetts,Yes,0,24,1262.4,52.6,2022-04-04,2024-12-29,2,2,Clientes recientes en desarrollo,1.0986122886681098
4,21,Male,Rhode Island,Yes,0,50,2675.0,53.5,2022-01-01,2024-12-31,0,1,Clientes de alto valor activos,0.0
5,45,Male,Oregon,Yes,0,32,1785.5,55.8,2022-01-01,2024-12-27,4,1,Clientes de alto valor activos,1.6094379124341003
6,46,Male,Wyoming,Yes,0,15,819.4,54.63,2022-12-25,2024-12-28,3,2,Clientes recientes en desarrollo,1.3862943611198906
7,63,Male,Montana,Yes,0,50,2514.7,50.29,2022-03-02,2024-12-27,4,1,Clientes de alto valor activos,1.6094379124341003
8,27,Male,Louisiana,Yes,0,20,985.9,49.3,2022-03-25,2024-12-26,5,2,Clientes recientes en desarrollo,1.791759469228055
9,26,Male,West Virginia,Yes,0,9,521.3,57.92,2022-03-18,2024-12-29,2,2,Clientes recientes en desarrollo,1.0986122886681098
10,57,Male,Missouri,Yes,0,5,199.9,39.98,2022-09-10,2024-11-30,31,0,Clientes de baja actividad,3.4657359027997265
11,53,Male,Arkansas,Yes,1,27,1354.5,50.17,2022-03-04,2024-07-16,168,3,Clientes valiosos en riesgo,5.1298987149230735
12,30,Male,Hawaii,Yes,0,11,543.8,49.44,2022-01-21,2024-12-25,6,2,Clientes recientes en desarrollo,1.9459101490553132
13,61,Male,Delaware,Yes,0,38,1642.3,43.22,2022-03-06,2024-11-26,35,3,Clientes valiosos en riesgo,3.58351893845611
14,65,Male,New Hampshire,Yes,0,32,1502.2,46.94,2022-03-12,2024-12-20,11,3,Clientes valiosos en riesgo,2.4849066497880004
15,64,Male,New York,Yes,0,35,1974.2,56.41,2022-04-17,2024-12-29,2,1,Clientes de alto valor activos,1.0986122886681098
16,64,Male,Rhode Island,Yes,0,9,436.6,48.51,2022-12-01,2024-12-23,8,2,Clientes recientes en desarrollo,2.1972245773362196
17,25,Male,Alabama,Yes,0,45,2445.6,54.35,2022-02-19,2024-12-27,4,1,Clientes de alto valor activos,1.6094379124341003
18,53,Male,Mississippi,Yes,0,37,1795.1,48.52,2022-01-23,2024-12-20,11,1,Clientes de alto valor activos,2.4849066497880004
19,52,Male,Montana,Yes,0,18,1061.9,58.99,2022-03-25,2024-12-20,11,2,Clientes recientes en desarrollo,2.4849066497880004
20,66,Male,Rhode Island,Yes,0,47,2468.5,52.52,2022-05-31,2024-12-28,3,1,Clientes de alto valor activos,1.3862943611198906
21,21,Male,Louisiana,Yes,0,51,2619.5,51.36,2022-06-10,2024-12-21,10,1,Clientes de alto valor activos,2.3978952727983707
22,31,Male,North Carolina,Yes,0,23,1275.6,55.46,2022-01-13,2024-12-22,9,2,Clientes recientes en desarrollo,2.302585092994046
23,56,Male,California,Yes,0,33,1853.5,56.17,2022-01-22,2024-12-26,5,1,Clientes de alto valor activos,1.791759469228055
24,31,Male,Oklahoma,Yes,0,41,2343.4,57.16,2022-02-01,2024-12-25,6,1,Clientes de alto valor activos,1.9459101490553132
25,18,Male,Florida,Yes,0,17,850.6,50.04,2022-04-28,2024-12-08,23,2,Clientes recientes en desarrollo,3.1780538303479458
26,18,Male,Texas,Yes,0,15,762.6,50.84,2022-03-18,2024-12-20,11,2,Clientes recientes en desarrollo,2.4849066497880004
27,38,Male,Nevada,Yes,0,14,945.7,67.55,2022-03-17,2024-09-04,118,0,Clientes de baja actividad,4.77912349311153
28,56,Male,Kentucky,Yes,0,8,474.1,59.26,2023-05-02,2024-11-27,34,0,Clientes de baja actividad,3.5553480614894135
29,54,Male,North Carolina,Yes,0,42,2307.1,54.93,2022-01-27,2024-12-27,4,1,Clientes de alto valor activos,1.6094379124341003
30,31,Male,Wyoming,Yes,0,15,823.8,54.92,2022-02-06,2024-11-25,36,0,Clientes de baja actividad,3.6109179126442243
31,57,Male,North Carolina,Yes,0,17,961.2,56.54,2022-01-01,2024-12-24,7,2,Clientes recientes en desarrollo,2.0794415416798357
32,33,Male,West Virginia,Yes,0,46,2458.3,53.44,2022-01-25,2024-12-27,4,1,Clientes de alto valor activos,1.6094379124341003
33,36,Male,Kansas,Yes,0,38,1898.6,49.96,2022-03-26,2024-12-29,2,1,Clientes de alto valor activos,1.0986122886681098
34,54,Male,Colorado,Yes,0,46,2511.1,54.59,2022-01-08,2024-12-29,2,1,Clientes de alto valor activos,1.0986122886681098
35,36,Male,North Dakota,Yes,0,39,1920.3,49.24,2022-02-10,2024-11-20,41,3,Clientes valiosos en riesgo,3.7376696182833684
36,54,Male,Massachusetts,Yes,0,49,2430.4,49.6,2022-03-20,2024-12-05,26,3,Clientes valiosos en riesgo,3.295836866004329
37,35,Male,Illinois,Yes,0,45,2361.1,52.47,2022-01-09,2024-12-29,2,1,Clientes de alto valor activos,1.0986122886681098
38,35,Male,Indiana,Yes,0,11,521.8,47.44,2022-05-13,2024-12-22,9,2,Clientes recientes en desarrollo,2.302585092994046
39,29,Male,Florida,Yes,0,45,2243.0,49.84,2022-05-15,2024-12-22,9,1,Clientes de alto valor activos,2.302585092994046
40,70,Male,Arizona,Yes,0,19,1109.7,58.41,2022-01-01,2024-10-31,61,0,Clientes de baja actividad,4.127134385045092
41,69,Male,Louisiana,Yes,0,32,1602.2,50.07,2022-02-01,2024-12-20,11,3,Clientes valiosos en riesgo,2.4849066497880004
42,67,Male,Alaska,Yes,0,41,2278.2,55.57,2022-01-23,2024-12-22,9,1,Clientes de alto valor activos,2.302585092994046
43,20,Male,Tennessee,Yes,0,16,805.4,50.34,2022-01-16,2024-08-23,130,0,Clientes de baja actividad,4.875197323201151
44,25,Male,Ohio,Yes,0,20,959.7,47.98,2022-01-10,2024-12-13,18,2,Clientes recientes en desarrollo,2.9444389791664403
45,39,Male,Kentucky,Yes,0,46,2273.0,49.41,2022-03-12,2024-12-26,5,1,Clientes de alto valor activos,1.791759469228055
46,50,Male,Tennessee,Yes,0,26,1517.9,58.38,2022-02-02,2024-12-27,4,2,Clientes recientes en desarrollo,1.6094379124341003
47,57,Male,California,Yes,0,46,2505.9,54.48,2022-01-01,2024-12-24,7,1,Clientes de alto valor activos,2.0794415416798357
48,55,Male,Montana,Yes,0,37,1842.3,49.79,2022-02-19,2024-12-07,24,3,Clientes valiosos en riesgo,3.2188758248682006
49,42,Male,Nevada,Yes,0,39,1900.9,48.74,2022-03-20,2024-12-31,0,1,Clientes de alto valor activos,0.0
50,68,Male,New Jersey,Yes,0,35,2093.3,59.81,2022-01-12,2024-12-26,5,1,Clientes de alto valor activos,1.791759469228055
51,49,Male,Maryland,Yes,0,40,1905.6,47.64,2022-01-01,2024-11-05,56,3,Clientes valiosos en riesgo,4.04305126783455
52,59,Male,Vermont,Yes,0,8,406.3,50.79,2023-03-12,2024-08-22,131,0,Clientes de baja actividad,4.882801922586371
53,42,Male,Alaska,Yes,0,27,1371.1,50.78,2022-01-20,2024-11-01,60,3,Clientes valiosos en riesgo,4.110873864173311
54,29,Male,Mississippi,Yes,0,36,1947.7,54.1,2022-05-01,2024-12-27,4,1,Clientes de alto valor activos,1.6094379124341003
55,47,Male,New Mexico,Yes,0,36,2007.8,55.77,2022-04-03,2024-12-31,0,1,Clientes de alto valor activos,0.0
56,40,Male,South Carolina,Yes,0,50,2517.9,50.36,2022-02-04,2024-12-22,9,1,Clientes de alto valor activos,2.302585092994046
57,41,Male,Mississippi,Yes,0,47,2584.9,55.0,2022-02-12,2024-12-23,8,1,Clientes de alto valor activos,2.1972245773362196
58,21,Male,West Virginia,Yes,0,18,963.5,53.53,2022-06-03,2024-12-22,9,2,Clientes recientes en desarrollo,2.302585092994046
59,69,Male,Missouri,Yes,0,30,1703.7,56.79,2022-01-01,2024-12-29,2,1,Clientes de alto valor activos,1.0986122886681098
60,63,Male,Louisiana,Yes,1,5,260.7,52.14,2022-03-23,2023-10-29,429,0,Clientes de baja actividad,6.063785208687608
61,50,Male,Idaho,Yes,0,18,828.4,46.02,2022-04-08,2024-12-28,3,2,Clientes recientes en desarrollo,1.3862943611198906
62,55,Male,Texas,Yes,0,22,1143.9,52.0,2022-02-05,2024-12-25,6,2,Clientes recientes en desarrollo,1.9459101490553132
63,30,Male,Mississippi,Yes,0,32,1579.3,49.35,2022-01-01,2024-11-22,39,3,Clientes valiosos en riesgo,3.6888794541139363
64,33,Male,Arizona,Yes,0,44,2499.0,56.8,2022-01-01,2024-12-28,3,1,Clientes de alto valor activos,1.3862943611198906
65,65,Male,Alabama,Yes,0,19,860.3,45.28,2022-04-08,2024-12-21,10,2,Clientes recientes en desarrollo,2.3978952727983707
66,65,Male,New Jersey,Yes,0,45,2175.7,48.35,2022-02-03,2024-11-27,34,3,Clientes valiosos en riesgo,3.5553480614894135
67,31,Male,Pennsylvania,Yes,0,4,191.1,47.78,2023-05-20,2024-10-19,73,0,Clientes de baja actividad,4.30406509320417
68,45,Male,Connecticut,Yes,0,50,2566.1,51.32,2022-04-21,2024-12-27,4,1,Clientes de alto valor activos,1.6094379124341003
69,57,Male,Utah,Yes,0,22,931.6,42.35,2022-03-27,2024-11-22,39,3,Clientes valiosos en riesgo,3.6888794541139363
70,48,Male,Tennessee,Yes,1,6,339.6,56.6,2022-04-22,2024-01-10,356,0,Clientes de baja actividad,5.877735781779639
71,22,Male,Alabama,Yes,0,33,1823.0,55.24,2022-02-09,2024-12-27,4,1,Clientes de alto valor activos,1.6094379124341003
72,36,Male,Virginia,Yes,0,35,1754.9,50.14,2022-01-13,2024-12-01,30,3,Clientes valiosos en riesgo,3.4339872044851463
73,18,Male,Georgia,Yes,0,22,1001.9,45.54,2022-03-16,2024-11-27,34,3,Clientes valiosos en riesgo,3.5553480614894135
74,48,Male,Hawaii,Yes,0,44,2574.7,58.52,2022-02-03,2024-12-28,3,1,Clientes de alto valor activos,1.3862943611198906
75,49,Male,Indiana,Yes,0,4,200.9,50.22,2022-04-04,2024-03-20,286,0,Clientes de baja actividad,5.659482215759621
76,64,Male,Utah,Yes,0,22,1170.7,53.21,2022-02-02,2024-12-24,7,2,Clientes recientes en desarrollo,2.0794415416798357
77,50,Male,Delaware,Yes,0,33,1528.5,46.32,2022-01-18,2024-12-27,4,1,Clientes de alto valor activos,1.6094379124341003
78,22,Male,Delaware,Yes,0,37,1870.4,50.55,2022-01-16,2024-12-15,16,3,Clientes valiosos en riesgo,2.833213344056216
79,50,Male,Nebraska,Yes,0,51,2549.3,49.99,2022-03-19,2024-12-27,4,1,Clientes de alto valor activos,1.6094379124341003
80,38,Male,Iowa,Yes,0,44,2354.5,53.51,2022-01-01,2024-12-31,0,1,Clientes de alto valor activos,0.0
81,19,Male,New York,Yes,0,25,1349.5,53.98,2022-04-15,2024-11-25,36,3,Clientes valiosos en riesgo,3.6109179126442243
82,67,Male,Virginia,Yes,0,37,1830.1,49.46,2022-01-25,2024-12-21,10,1,Clientes de alto valor activos,2.3978952727983707
83,19,Male,Georgia,Yes,0,22,1108.8,50.4,2022-03-26,2024-11-24,37,3,Clientes valiosos en riesgo,3.6375861597263857
84,36,Male,Texas,Yes,0,35,1730.2,49.43,2022-02-12,2024-12-07,24,3,Clientes valiosos en riesgo,3.2188758248682006
85,52,Male,Arizona,Yes,0,43,1926.3,44.8,2022-03-04,2024-11-30,31,3,Clientes valiosos en riesgo,3.4657359027997265
86,53,Male,New Mexico,Yes,0,3,128.5,42.83,2023-04-16,2024-10-03,89,0,Clientes de baja actividad,4.499809670330265
87,24,Male,Nevada,Yes,0,48,2398.3,49.96,2022-03-12,2024-12-30,1,1,Clientes de alto valor activos,0.6931471805599453
88,52,Male,Ohio,Yes,0,45,2284.5,50.77,2022-02-03,2024-12-21,10,1,Clientes de alto valor activos,2.3978952727983707
89,33,Male,Wyoming,Yes,0,36,2076.3,57.68,2022-03-09,2024-12-21,10,1,Clientes de alto valor activos,2.3978952727983707
90,47,Male,California,Yes,0,16,781.7,48.86,2022-02-04,2024-12-22,9,2,Clientes recientes en desarrollo,2.302585092994046
91,25,Male,South Carolina,Yes,0,30,1713.7,57.12,2022-03-19,2024-12-22,9,2,Clientes recientes en desarrollo,2.302585092994046
92,44,Male,South Carolina,Yes,0,19,823.0,43.32,2022-07-08,2024-11-24,37,0,Clientes de baja actividad,3.6375861597263857
93,61,Male,Texas,Yes,0,14,649.0,46.36,2022-08-31,2024-12-18,13,2,Clientes recientes en desarrollo,2.6390573296152584
94,37,Male,Florida,Yes,0,47,2429.9,51.7,2022-02-06,2024-12-10,21,3,Clientes valiosos en riesgo,3.091042453358316
95,58,Male,Nevada,Yes,0,29,1516.1,52.28,2022-03-05,2024-12-21,10,2,Clientes recientes en desarrollo,2.3978952727983707
96,37,Male,Missouri,Yes,0,49,2421.5,49.42,2022-02-09,2024-12-22,9,1,Clientes de alto valor activos,2.302585092994046
97,32,Male,Delaware,Yes,0,44,2432.1,55.28,2022-01-26,2024-12-27,4,1,Clientes de alto valor activos,1.6094379124341003
98,21,Male,Virginia,Yes,0,38,2067.0,54.39,2022-02-09,2024-12-21,10,1,Clientes de alto valor activos,2.3978952727983707
99,20,Male,New York,Yes,0,21,1068.1,50.86,2022-06-19,2024-12-29,2,2,Clientes recientes en desarrollo,1.0986122886681098
100,26,Male,Missouri,Yes,0,34,1834.5,53.96,2022-01-01,2024-12-25,6,1,Clientes de alto valor activos,1.9459101490553132
101,62,Male,South Dakota,Yes,0,32,1706.8,53.34,2022-01-01,2024-12-21,10,1,Clientes de alto valor activos,2.3978952727983707
102,27,Male,North Dakota,Yes,0,51,2797.8,54.86,2022-01-01,2024-12-26,5,1,Clientes de alto valor activos,1.791759469228055
103,51,Male,Oklahoma,Yes,0,36,2138.9,59.41,2022-01-07,2024-12-27,4,1,Clientes de alto valor activos,1.6094379124341003
104,54,Male,West Virginia,Yes,0,23,1065.0,46.3,2022-02-06,2024-10-15,77,0,Clientes de baja actividad,4.356708826689592
105,55,Male,New Hampshire,Yes,0,2,85.8,42.9,2024-05-07,2024-08-31,122,0,Clientes de baja actividad,4.812184355372417
106,69,Male,New York,Yes,0,5,228.3,45.66,2022-06-28,2024-11-20,41,0,Clientes de baja actividad,3.7376696182833684
107,64,Male,Minnesota,Yes,1,32,1536.1,48.0,2022-01-01,2024-09-06,116,3,Clientes valiosos en riesgo,4.762173934797756
108,28,Male,Maryland,Yes,0,47,2420.7,51.5,2022-01-22,2024-12-28,3,1,Clientes de alto valor activos,1.3862943611198906
109,70,Male,Montana,Yes,0,33,1704.0,51.64,2022-01-01,2024-12-21,10,1,Clientes de alto valor activos,2.3978952727983707
110,58,Male,Alabama,Yes,0,44,2357.9,53.59,2022-01-15,2024-12-15,16,1,Clientes de alto valor activos,2.833213344056216
111,56,Male,New York,Yes,0,27,1356.2,50.23,2022-01-07,2024-12-18,13,2,Clientes recientes en desarrollo,2.6390573296152584
112,26,Male,Massachusetts,Yes,0,10,547.5,54.75,2022-03-05,2024-09-06,116,0,Clientes de baja actividad,4.762173934797756
113,37,Male,Florida,Yes,0,29,1446.1,49.87,2022-01-01,2024-11-30,31,3,Clientes valiosos en riesgo,3.4657359027997265
114,44,Male,New Jersey,Yes,0,21,1237.3,58.92,2022-01-29,2024-12-27,4,2,Clientes recientes en desarrollo,1.6094379124341003
115,70,Male,Massachusetts,Yes,1,10,547.4,54.74,2022-04-06,2024-05-09,236,0,Clientes de baja actividad,5.4680601411351315
116,53,Male,Wyoming,Yes,0,49,2563.9,52.32,2022-03-13,2024-12-31,0,1,Clientes de alto valor activos,0.0
117,55,Male,Virginia,Yes,0,13,708.6,54.51,2023-01-18,2024-12-22,9,2,Clientes recientes en desarrollo,2.302585092994046
118,50,Male,South Dakota,Yes,0,30,1488.0,49.6,2022-01-01,2024-11-29,32,3,Clientes valiosos en riesgo,3.4965075614664802
119,50,Male,Kentucky,Yes,0,28,1307.0,46.68,2022-05-09,2024-12-31,0,2,Clientes recientes en desarrollo,0.0
120,38,Male,Wyoming,Yes,0,45,2405.5,53.46,2022-01-29,2024-11-20,41,3,Clientes valiosos en riesgo,3.7376696182833684
121,64,Male,West Virginia,Yes,0,33,1661.9,50.36,2022-03-04,2024-11-30,31,3,Clientes valiosos en riesgo,3.4657359027997265
122,19,Male,Virginia,Yes,0,12,594.8,49.57,2022-06-17,2024-11-26,35,0,Clientes de baja actividad,3.58351893845611
123,40,Male,Washington,Yes,0,45,2286.5,50.81,2022-04-22,2024-12-18,13,1,Clientes de alto valor activos,2.6390573296152584
124,57,Male,Louisiana,Yes,0,47,2208.3,46.99,2022-03-13,2024-11-16,45,3,Clientes valiosos en riesgo,3.828641396489095
125,44,Male,Nevada,Yes,0,51,2762.2,54.16,2022-02-11,2024-12-21,10,1,Clientes de alto valor activos,2.3978952727983707
126,49,Male,California,Yes,0,46,2501.5,54.38,2022-02-06,2024-12-21,10,1,Clientes de alto valor activos,2.3978952727983707
127,43,Male,Mississippi,Yes,0,49,2578.8,52.63,2022-02-06,2024-12-30,1,1,Clientes de alto valor activos,0.6931471805599453
128,24,Male,Mississippi,Yes,0,27,1535.9,56.89,2022-04-22,2024-12-28,3,2,Clientes recientes en desarrollo,1.3862943611198906
129,20,Male,California,Yes,0,22,1296.4,58.93,2022-01-28,2024-12-29,2,2,Clientes recientes en desarrollo,1.0986122886681098
130,24,Male,Pennsylvania,Yes,1,50,2827.1,56.54,2022-03-04,2024-08-23,130,3,Clientes valiosos en riesgo,4.875197323201151
131,44,Male,Kentucky,Yes,0,14,870.2,62.16,2022-01-01,2024-11-22,39,0,Clientes de baja actividad,3.6888794541139363
132,28,Male,Maine,Yes,0,47,2313.6,49.23,2022-01-22,2024-12-24,7,1,Clientes de alto valor activos,2.0794415416798357
133,30,Male,New Mexico,Yes,0,43,2128.7,49.5,2022-02-17,2024-12-27,4,1,Clientes de alto valor activos,1.6094379124341003
134,52,Male,Montana,Yes,0,26,1407.9,54.15,2022-01-16,2024-12-21,10,2,Clientes recientes en desarrollo,2.3978952727983707
135,43,Male,Texas,Yes,0,26,1304.5,50.17,2022-01-22,2024-12-29,2,2,Clientes recientes en desarrollo,1.0986122886681098
136,43,Male,Kansas,Yes,0,13,642.7,49.44,2022-02-13,2024-12-24,7,2,Clientes recientes en desarrollo,2.0794415416798357
137,39,Male,South Carolina,Yes,0,5,249.5,49.9,2022-04-16,2024-12-28,3,2,Clientes recientes en desarrollo,1.3862943611198906
138,68,Male,Colorado,Yes,0,39,2248.4,57.65,2022-02-04,2024-12-22,9,1,Clientes de alto valor activos,2.302585092994046
139,68,Male,Georgia,Yes,0,43,2312.4,53.78,2022-02-12,2024-12-29,2,1,Clientes de alto valor activos,1.0986122886681098
140,49,Male,Florida,Yes,0,31,1517.8,48.96,2022-03-07,2024-11-09,52,3,Clientes valiosos en riesgo,3.970291913552122
141,63,Male,North Carolina,Yes,0,51,2593.9,50.86,2022-01-01,2024-12-27,4,1,Clientes de alto valor activos,1.6094379124341003
142,56,Male,Virginia,Yes,0,46,2517.6,54.73,2022-01-03,2024-12-26,5,1,Clientes de alto valor activos,1.791759469228055
143,37,Male,Nebraska,Yes,0,34,1579.5,46.46,2022-02-14,2024-12-29,2,1,Clientes de alto valor activos,1.0986122886681098
144,30,Male,Missouri,Yes,0,26,1245.0,47.88,2022-04-05,2024-10-27,65,3,Clientes valiosos en riesgo,4.189654742026425
145,19,Male,New Jersey,Yes,0,26,1240.9,47.73,2022-02-10,2024-12-26,5,2,Clientes recientes en desarrollo,1.791759469228055
146,24,Male,Missouri,Yes,0,45,2611.7,58.04,2022-01-12,2024-12-29,2,1,Clientes de alto valor activos,1.0986122886681098
147,52,Male,Colorado,Yes,1,22,1129.5,51.34,2022-03-29,2024-09-15,107,0,Clientes de baja actividad,4.68213122712422
148,63,Male,Idaho,Yes,0,32,1805.3,56.42,2022-01-21,2024-11-29,32,3,Clientes valiosos en riesgo,3.4965075614664802
149,37,Male,Wyoming,Yes,0,48,2551.8,53.16,2022-01-01,2024-12-28,3,1,Clientes de alto valor activos,1.3862943611198906
150,38,Male,Delaware,Yes,0,15,821.6,54.77,2022-01-28,2024-12-25,6,2,Clientes recientes en desarrollo,1.9459101490553132
151,35,Male,California,Yes,0,18,868.5,48.25,2022-02-07,2024-11-26,35,0,Clientes de baja actividad,3.58351893845611
152,28,Male,North Dakota,Yes,0,4,216.4,54.1,2022-04-29,2024-01-06,360,0,Clientes de baja actividad,5.8888779583328805
153,30,Male,South Carolina,Yes,0,43,2467.2,57.38,2022-02-15,2024-12-20,11,1,Clientes de alto valor activos,2.4849066497880004
154,69,Male,North Carolina,Yes,0,23,1265.5,55.02,2022-06-10,2024-11-29,32,3,Clientes valiosos en riesgo,3.4965075614664802
155,41,Male,Oklahoma,Yes,0,22,1133.9,51.54,2022-01-07,2024-12-30,1,2,Clientes recientes en desarrollo,0.6931471805599453
156,63,Male,Maine,Yes,0,22,1109.8,50.45,2022-02-13,2024-12-25,6,2,Clientes recientes en desarrollo,1.9459101490553132
157,35,Male,Missouri,Yes,0,41,1970.1,48.05,2022-02-04,2024-12-22,9,1,Clientes de alto valor activos,2.302585092994046
158,36,Male,Vermont,Yes,0,2,75.8,37.9,2023-08-28,2024-11-27,34,0,Clientes de baja actividad,3.5553480614894135
159,25,Male,Connecticut,Yes,0,51,2776.9,54.45,2022-04-08,2024-12-25,6,1,Clientes de alto valor activos,1.9459101490553132
160,58,Male,New Hampshire,Yes,0,40,2060.3,51.51,2022-02-10,2024-12-27,4,1,Clientes de alto valor activos,1.6094379124341003
161,27,Male,Texas,Yes,1,35,1838.4,52.53,2022-03-19,2024-09-05,117,3,Clientes valiosos en riesgo,4.770684624465665
162,65,Male,North Dakota,Yes,1,30,1580.7,52.69,2022-01-13,2024-09-07,115,3,Clientes valiosos en riesgo,4.7535901911063645
163,54,Male,California,Yes,0,32,1639.9,51.25,2022-02-03,2024-12-28,3,1,Clientes de alto valor activos,1.3862943611198906
164,54,Male,Virginia,Yes,0,9,444.6,49.4,2022-01-01,2024-10-10,82,0,Clientes de baja actividad,4.418840607796598
165,59,Male,Delaware,Yes,0,6,330.8,55.13,2023-06-17,2024-11-01,60,0,Clientes de baja actividad,4.110873864173311
166,42,Male,Kentucky,Yes,0,8,479.7,59.96,2022-09-01,2024-12-15,16,2,Clientes recientes en desarrollo,2.833213344056216
167,46,Male,Delaware,Yes,0,31,1596.8,51.51,2022-01-15,2024-11-10,51,3,Clientes valiosos en riesgo,3.9512437185814275
168,33,Male,Arkansas,Yes,0,15,800.0,53.33,2022-02-13,2024-11-29,32,0,Clientes de baja actividad,3.4965075614664802
169,34,Male,Louisiana,Yes,0,6,306.0,51.0,2022-04-04,2024-09-21,101,0,Clientes de baja actividad,4.624972813284271
170,27,Male,Nevada,Yes,0,4,219.6,54.9,2022-09-06,2024-10-19,73,0,Clientes de baja actividad,4.30406509320417
171,52,Male,Wyoming,Yes,0,47,2308.2,49.11,2022-01-01,2024-12-27,4,1,Clientes de alto valor activos,1.6094379124341003
172,29,Male,Virginia,Yes,0,5,389.4,77.88,2022-11-28,2024-04-28,247,0,Clientes de baja actividad,5.5134287461649825
173,54,Male,Nebraska,Yes,0,43,2313.4,53.8,2022-01-01,2024-12-29,2,1,Clientes de alto valor activos,1.0986122886681098
174,25,Male,Hawaii,Yes,0,31,1580.1,50.97,2022-03-05,2024-12-31,0,1,Clientes de alto valor activos,0.0
175,41,Male,Vermont,Yes,0,38,1941.2,51.08,2022-01-02,2024-11-27,34,3,Clientes valiosos en riesgo,3.5553480614894135
176,53,Male,Oklahoma,Yes,0,3,136.0,45.33,2023-09-14,2024-09-03,119,0,Clientes de baja actividad,4.787491742782046
177,53,Male,New Hampshire,Yes,0,31,1705.5,55.02,2022-03-04,2024-12-26,5,1,Clientes de alto valor activos,1.791759469228055
178,21,Male,Kansas,Yes,0,48,2346.8,48.89,2022-03-09,2024-11-26,35,3,Clientes valiosos en riesgo,3.58351893845611
179,61,Male,Idaho,Yes,0,22,1081.6,49.16,2022-02-09,2024-11-27,34,3,Clientes valiosos en riesgo,3.5553480614894135
180,64,Male,Illinois,Yes,0,10,508.1,50.81,2022-01-01,2024-09-02,120,0,Clientes de baja actividad,4.795790545596741
181,51,Male,South Dakota,Yes,0,13,535.8,41.22,2022-04-22,2024-07-27,157,0,Clientes de baja actividad,5.062595033026967
182,32,Male,Massachusetts,Yes,0,5,318.6,63.72,2022-07-09,2024-12-27,4,2,Clientes recientes en desarrollo,1.6094379124341003
183,38,Male,Alabama,Yes,1,11,586.7,53.34,2022-01-14,2024-02-19,316,0,Clientes de baja actividad,5.75890177387728
184,58,Male,Ohio,Yes,0,27,1341.3,49.68,2022-01-01,2024-12-28,3,2,Clientes recientes en desarrollo,1.3862943611198906
185,32,Male,Hawaii,Yes,0,41,1744.4,42.55,2022-03-12,2024-12-16,15,3,Clientes valiosos en riesgo,2.772588722239781
186,46,Male,Wisconsin,Yes,0,35,1617.5,46.21,2022-01-08,2024-12-29,2,1,Clientes de alto valor activos,1.0986122886681098
187,39,Male,Minnesota,Yes,0,32,1821.4,56.92,2022-02-09,2024-12-24,7,1,Clientes de alto valor activos,2.0794415416798357
188,19,Male,Georgia,Yes,0,2,105.1,52.55,2023-08-20,2024-11-06,55,0,Clientes de baja actividad,4.02535169073515
189,50,Male,Arkansas,Yes,0,6,429.7,71.62,2022-05-09,2024-12-20,11,2,Clientes recientes en desarrollo,2.4849066497880004
190,36,Male,West Virginia,Yes,0,5,306.4,61.28,2022-12-20,2024-10-20,72,0,Clientes de baja actividad,4.290459441148391
191,65,Male,Indiana,Yes,0,49,2567.8,52.4,2022-01-01,2024-12-30,1,1,Clientes de alto valor activos,0.6931471805599453
192,64,Male,Utah,Yes,0,30,1518.5,50.62,2022-01-16,2024-12-29,2,1,Clientes de alto valor activos,1.0986122886681098
193,46,Male,Nebraska,Yes,0,13,702.6,54.05,2022-08-20,2024-11-29,32,0,Clientes de baja actividad,3.4965075614664802
194,36,Male,North Dakota,Yes,0,30,1580.1,52.67,2022-04-10,2024-11-22,39,3,Clientes valiosos en riesgo,3.6888794541139363
195,51,Male,Missouri,Yes,0,16,841.2,52.58,2022-04-04,2024-12-25,6,2,Clientes recientes en desarrollo,1.9459101490553132
196,51,Male,New York,Yes,1,35,1790.6,51.16,2022-01-01,2024-08-27,126,3,Clientes valiosos en riesgo,4.844187086458591
197,38,Male,Washington,Yes,0,42,2085.5,49.65,2022-01-30,2024-11-20,41,3,Clientes valiosos en riesgo,3.7376696182833684
198,59,Male,South Carolina,Yes,0,42,2255.8,53.71,2022-01-16,2024-12-24,7,1,Clientes de alto valor activos,2.0794415416798357
199,57,Male,Utah,Yes,0,40,1885.9,47.15,2022-01-11,2024-12-20,11,1,Clientes de alto valor activos,2.4849066497880004
200,54,Male,Idaho,Yes,0,33,1794.2,54.37,2022-01-20,2024-12-10,21,3,Clientes valiosos en riesgo,3.091042453358316
201,25,Male,Pennsylvania,Yes,1,30,1595.1,53.17,2022-03-12,2024-09-29,93,3,Clientes valiosos en riesgo,4.543294782270004
202,69,Male,Missouri,Yes,0,16,697.1,43.57,2022-04-07,2024-12-24,7,2,Clientes recientes en desarrollo,2.0794415416798357
203,57,Male,Nebraska,Yes,0,34,1515.2,44.56,2022-03-01,2024-11-29,32,3,Clientes valiosos en riesgo,3.4965075614664802
204,70,Male,Indiana,Yes,0,19,1083.0,57.0,2022-03-26,2024-12-21,10,2,Clientes recientes en desarrollo,2.3978952727983707
205,24,Male,Arizona,Yes,0,36,2144.5,59.57,2022-02-02,2024-12-23,8,1,Clientes de alto valor activos,2.1972245773362196
206,67,Male,Hawaii,Yes,0,26,1379.9,53.07,2022-04-11,2024-11-22,39,3,Clientes valiosos en riesgo,3.6888794541139363
207,24,Male,Wisconsin,Yes,0,7,404.8,57.83,2023-04-20,2024-11-30,31,0,Clientes de baja actividad,3.4657359027997265
208,62,Male,Rhode Island,Yes,0,18,1123.6,62.42,2022-03-19,2024-12-31,0,2,Clientes recientes en desarrollo,0.0
209,57,Male,Wisconsin,Yes,0,18,841.7,46.76,2022-05-14,2024-12-19,12,2,Clientes recientes en desarrollo,2.5649493574615367
210,55,Male,Minnesota,Yes,0,45,2238.4,49.74,2022-01-14,2024-12-05,26,3,Clientes valiosos en riesgo,3.295836866004329
211,45,Male,Vermont,Yes,0,7,408.6,58.37,2022-04-08,2024-10-12,80,0,Clientes de baja actividad,4.394449154672439
212,69,Male,South Dakota,Yes,0,46,2369.3,51.51,2022-03-12,2024-12-21,10,1,Clientes de alto valor activos,2.3978952727983707
213,67,Male,Virginia,Yes,0,8,493.0,61.62,2022-12-03,2024-09-01,121,0,Clientes de baja actividad,4.804021044733257
214,30,Male,Nevada,Yes,0,12,483.7,40.31,2022-02-06,2024-12-05,26,0,Clientes de baja actividad,3.295836866004329
215,24,Male,Hawaii,Yes,0,42,2082.0,49.57,2022-01-27,2024-12-24,7,1,Clientes de alto valor activos,2.0794415416798357
216,62,Male,New Jersey,Yes,0,25,1291.3,51.65,2022-01-01,2024-11-24,37,3,Clientes valiosos en riesgo,3.6375861597263857
217,43,Male,Massachusetts,Yes,0,22,1224.8,55.67,2022-02-26,2024-12-28,3,2,Clientes recientes en desarrollo,1.3862943611198906
218,35,Male,Oklahoma,Yes,0,25,1316.0,52.64,2022-04-06,2024-11-22,39,3,Clientes valiosos en riesgo,3.6888794541139363
219,28,Male,California,Yes,0,9,422.8,46.98,2023-03-05,2024-12-26,5,2,Clientes recientes en desarrollo,1.791759469228055
220,32,Male,Nevada,Yes,0,13,762.6,58.66,2022-05-19,2024-12-26,5,2,Clientes recientes en desarrollo,1.791759469228055
221,39,Male,Arizona,Yes,0,49,2786.7,56.87,2022-01-08,2024-12-23,8,1,Clientes de alto valor activos,2.1972245773362196
222,28,Male,North Carolina,Yes,0,7,322.6,46.09,2022-06-17,2024-11-29,32,0,Clientes de baja actividad,3.4965075614664802
223,47,Male,New York,Yes,0,15,939.2,62.61,2022-08-28,2024-12-21,10,2,Clientes recientes en desarrollo,2.3978952727983707
224,20,Male,Wyoming,Yes,0,35,1666.6,47.62,2022-04-04,2024-10-31,61,3,Clientes valiosos en riesgo,4.127134385045092
225,63,Male,South Dakota,Yes,0,13,732.2,56.32,2022-01-30,2024-08-16,137,0,Clientes de baja actividad,4.927253685157205
226,25,Male,Arkansas,Yes,0,12,735.5,61.29,2022-01-20,2024-12-24,7,2,Clientes recientes en desarrollo,2.0794415416798357
227,29,Male,Texas,Yes,0,6,275.9,45.98,2022-06-03,2024-11-28,33,0,Clientes de baja actividad,3.5263605246161616
228,50,Male,Rhode Island,Yes,0,26,1416.0,54.46,2022-02-11,2024-11-23,38,3,Clientes valiosos en riesgo,3.6635616461296463
229,18,Male,New Hampshire,Yes,0,12,656.3,54.69,2022-06-18,2024-12-26,5,2,Clientes recientes en desarrollo,1.791759469228055
230,70,Male,Ohio,Yes,0,28,1324.7,47.31,2022-03-03,2024-11-30,31,3,Clientes valiosos en riesgo,3.4657359027997265
231,66,Male,Utah,Yes,0,44,2410.7,54.79,2022-01-18,2024-12-28,3,1,Clientes de alto valor activos,1.3862943611198906
232,28,Male,Tennessee,Yes,0,19,804.0,42.32,2022-03-11,2024-09-27,95,0,Clientes de baja actividad,4.564348191467836
233,54,Male,Hawaii,Yes,0,33,1766.7,53.54,2022-01-09,2024-12-26,5,1,Clientes de alto valor activos,1.791759469228055
234,19,Male,Arizona,Yes,0,28,1362.3,48.65,2022-03-19,2024-12-21,10,2,Clientes recientes en desarrollo,2.3978952727983707
235,20,Male,South Dakota,Yes,0,25,1181.7,47.27,2022-03-05,2024-11-23,38,3,Clientes valiosos en riesgo,3.6635616461296463
236,43,Male,New Jersey,Yes,0,32,1597.2,49.91,2022-01-02,2024-12-29,2,1,Clientes de alto valor activos,1.0986122886681098
237,38,Male,North Dakota,Yes,0,40,1865.5,46.64,2022-03-05,2024-12-25,6,1,Clientes de alto valor activos,1.9459101490553132
238,50,Male,Iowa,Yes,0,37,1704.5,46.07,2022-03-24,2024-11-29,32,3,Clientes valiosos en riesgo,3.4965075614664802
239,64,Male,Ohio,Yes,0,6,262.9,43.82,2023-05-01,2024-10-31,61,0,Clientes de baja actividad,4.127134385045092
240,49,Male,Vermont,Yes,0,48,2479.3,51.65,2022-02-14,2024-12-21,10,1,Clientes de alto valor activos,2.3978952727983707
241,47,Male,Montana,Yes,0,30,1392.1,46.4,2022-04-09,2024-12-29,2,1,Clientes de alto valor activos,1.0986122886681098
242,36,Male,Delaware,Yes,0,44,2373.3,53.94,2022-02-13,2024-12-27,4,1,Clientes de alto valor activos,1.6094379124341003
243,55,Male,New York,Yes,0,41,2180.9,53.19,2022-04-13,2024-12-05,26,3,Clientes valiosos en riesgo,3.295836866004329
244,25,Male,Kentucky,Yes,0,5,242.8,48.56,2023-06-20,2024-08-30,123,0,Clientes de baja actividad,4.820281565605037
245,53,Male,Oregon,Yes,0,40,1955.2,48.88,2022-01-15,2024-12-15,16,3,Clientes valiosos en riesgo,2.833213344056216
246,49,Male,Rhode Island,Yes,0,46,2406.8,52.32,2022-02-12,2024-12-21,10,1,Clientes de alto valor activos,2.3978952727983707
247,35,Male,Nevada,Yes,0,21,1058.4,50.4,2022-04-03,2024-12-24,7,2,Clientes recientes en desarrollo,2.0794415416798357
248,29,Male,Montana,Yes,0,15,745.9,49.73,2022-05-10,2024-10-12,80,0,Clientes de baja actividad,4.394449154672439
249,47,Male,Pennsylvania,Yes,0,34,1920.3,56.48,2022-02-11,2024-12-28,3,1,Clientes de alto valor activos,1.3862943611198906
250,53,Male,Alaska,Yes,0,19,1071.7,56.41,2022-02-03,2024-12-30,1,2,Clientes recientes en desarrollo,0.6931471805599453
251,33,Male,Mississippi,Yes,0,10,511.1,51.11,2022-01-01,2024-12-01,30,0,Clientes de baja actividad,3.4339872044851463
252,21,Male,Wyoming,Yes,0,35,1771.7,50.62,2022-03-03,2024-11-25,36,3,Clientes valiosos en riesgo,3.6109179126442243
253,32,Male,Delaware,Yes,0,34,1642.4,48.31,2022-02-04,2024-12-15,16,3,Clientes valiosos en riesgo,2.833213344056216
254,52,Male,Oklahoma,Yes,0,16,858.5,53.66,2022-07-21,2024-12-18,13,2,Clientes recientes en desarrollo,2.6390573296152584
255,67,Male,Indiana,Yes,0,5,218.7,43.74,2023-01-14,2024-06-19,195,0,Clientes de baja actividad,5.278114659230517
256,43,Male,Maryland,Yes,0,26,1161.7,44.68,2022-04-04,2024-12-28,3,2,Clientes recientes en desarrollo,1.3862943611198906
257,58,Male,South Dakota,Yes,0,21,1150.7,54.8,2022-03-26,2024-12-27,4,2,Clientes recientes en desarrollo,1.6094379124341003
258,20,Male,West Virginia,Yes,0,6,282.7,47.12,2022-03-19,2024-09-07,115,0,Clientes de baja actividad,4.7535901911063645
259,61,Male,Alabama,Yes,0,17,828.6,48.74,2022-01-26,2024-10-12,80,0,Clientes de baja actividad,4.394449154672439
260,32,Male,Louisiana,Yes,0,14,593.2,42.37,2022-06-28,2024-11-29,32,0,Clientes de baja actividad,3.4965075614664802
261,38,Male,Montana,Yes,0,12,719.2,59.93,2022-03-13,2024-12-25,6,2,Clientes recientes en desarrollo,1.9459101490553132
262,21,Male,California,Yes,0,22,1072.9,48.77,2022-04-07,2024-12-31,0,2,Clientes recientes en desarrollo,0.0
263,37,Male,Hawaii,Yes,1,7,413.2,59.03,2022-04-03,2024-02-10,325,0,Clientes de baja actividad,5.786897381366708
264,27,Male,Iowa,Yes,0,30,1770.9,59.03,2022-05-15,2024-12-26,5,2,Clientes recientes en desarrollo,1.791759469228055
265,36,Male,Colorado,Yes,0,16,793.9,49.62,2022-01-03,2024-12-18,13,2,Clientes recientes en desarrollo,2.6390573296152584
266,32,Male,Michigan,Yes,0,18,1259.3,69.96,2022-01-07,2024-12-31,0,2,Clientes recientes en desarrollo,0.0
267,51,Male,Louisiana,Yes,0,33,1764.4,53.47,2022-01-01,2024-12-27,4,1,Clientes de alto valor activos,1.6094379124341003
268,64,Male,Maryland,Yes,0,43,2244.9,52.21,2022-01-01,2024-12-25,6,1,Clientes de alto valor activos,1.9459101490553132
269,68,Male,Georgia,Yes,1,22,1269.9,57.72,2022-02-04,2024-08-29,124,0,Clientes de baja actividad,4.8283137373023015
270,68,Male,Georgia,Yes,0,10,483.5,48.35,2022-04-21,2024-11-23,38,0,Clientes de baja actividad,3.6635616461296463
271,33,Male,North Dakota,Yes,0,17,799.6,47.04,2022-06-24,2024-12-20,11,2,Clientes recientes en desarrollo,2.4849066497880004
272,65,Male,Maryland,Yes,0,43,2157.0,50.16,2022-02-04,2024-11-24,37,3,Clientes valiosos en riesgo,3.6375861597263857
273,48,Male,Oregon,Yes,0,38,2003.1,52.71,2022-01-01,2024-12-25,6,1,Clientes de alto valor activos,1.9459101490553132
274,69,Male,North Dakota,Yes,0,33,1637.2,49.61,2022-02-12,2024-11-30,31,3,Clientes valiosos en riesgo,3.4657359027997265
275,59,Male,Maryland,Yes,0,29,1557.3,53.7,2022-02-06,2024-12-26,5,2,Clientes recientes en desarrollo,1.791759469228055
276,48,Male,Virginia,Yes,0,14,666.0,47.57,2022-01-14,2024-09-19,103,0,Clientes de baja actividad,4.6443908991413725
277,25,Male,South Dakota,Yes,0,12,470.8,39.23,2022-03-17,2024-10-13,79,0,Clientes de baja actividad,4.382026634673881
278,29,Male,Georgia,Yes,0,37,1892.9,51.16,2022-02-04,2024-12-29,2,1,Clientes de alto valor activos,1.0986122886681098
279,57,Male,Hawaii,Yes,0,24,1160.2,48.34,2022-03-03,2024-12-27,4,2,Clientes recientes en desarrollo,1.6094379124341003
280,23,Male,Arkansas,Yes,0,38,2103.0,55.34,2022-01-22,2024-12-29,2,1,Clientes de alto valor activos,1.0986122886681098
281,45,Male,Montana,Yes,0,22,1365.1,62.05,2022-03-25,2024-12-09,22,2,Clientes recientes en desarrollo,3.1354942159291497
282,38,Male,Oklahoma,Yes,0,23,1156.2,50.27,2022-04-02,2024-12-28,3,2,Clientes recientes en desarrollo,1.3862943611198906
283,21,Male,Minnesota,Yes,0,10,530.8,53.08,2022-07-27,2024-11-24,37,0,Clientes de baja actividad,3.6375861597263857
284,32,Male,Montana,Yes,0,17,833.5,49.03,2022-01-01,2024-08-26,127,0,Clientes de baja actividad,4.852030263919617
285,63,Male,Ohio,Yes,0,5,308.6,61.72,2022-05-08,2024-04-06,269,0,Clientes de baja actividad,5.598421958998375
286,29,Male,Kentucky,Yes,0,4,286.0,71.5,2022-07-16,2024-12-23,8,2,Clientes recientes en desarrollo,2.1972245773362196
287,27,Male,Nebraska,Yes,0,7,319.5,45.64,2022-08-26,2024-11-29,32,0,Clientes de baja actividad,3.4965075614664802
288,56,Male,Delaware,Yes,0,19,1085.7,57.14,2022-02-05,2024-10-16,76,0,Clientes de baja actividad,4.343805421853684
289,30,Male,North Carolina,Yes,0,35,1662.0,47.49,2022-01-01,2024-12-20,11,1,Clientes de alto valor activos,2.4849066497880004
290,49,Male,New York,Yes,0,27,1266.2,46.9,2022-02-11,2024-12-31,0,2,Clientes recientes en desarrollo,0.0
291,58,Male,Colorado,Yes,0,51,2787.5,54.66,2022-01-01,2024-12-30,1,1,Clientes de alto valor activos,0.6931471805599453
292,57,Male,Delaware,Yes,1,41,2268.4,55.33,2022-03-05,2024-09-28,94,3,Clientes valiosos en riesgo,4.553876891600541
293,60,Male,Utah,Yes,0,25,1513.3,60.53,2022-02-06,2024-12-31,0,2,Clientes recientes en desarrollo,0.0
294,69,Male,Connecticut,Yes,1,34,1712.9,50.38,2022-01-16,2024-08-25,128,3,Clientes valiosos en riesgo,4.859812404361672
295,70,Male,New Jersey,Yes,0,20,1065.0,53.25,2022-04-15,2024-10-08,84,0,Clientes de baja actividad,4.442651256490317
296,53,Male,West Virginia,Yes,0,25,1268.9,50.76,2022-05-06,2024-11-23,38,3,Clientes valiosos en riesgo,3.6635616461296463
297,25,Male,Indiana,Yes,1,20,893.9,44.7,2022-01-07,2024-08-20,133,0,Clientes de baja actividad,4.897839799950911
298,48,Male,Delaware,Yes,0,5,314.3,62.86,2022-02-12,2024-06-06,208,0,Clientes de baja actividad,5.342334251964811
299,69,Male,Maryland,Yes,0,12,727.7,60.64,2022-04-30,2024-12-20,11,2,Clientes recientes en desarrollo,2.4849066497880004
300,25,Male,Pennsylvania,Yes,0,29,1332.6,45.95,2022-01-16,2024-12-22,9,2,Clientes recientes en desarrollo,2.302585092994046
301,29,Male,Iowa,Yes,0,25,1113.0,44.52,2022-07-11,2024-10-31,61,3,Clientes valiosos en riesgo,4.127134385045092
302,46,Male,Pennsylvania,Yes,0,26,1535.6,59.06,2022-01-23,2024-12-24,7,2,Clientes recientes en desarrollo,2.0794415416798357
303,37,Male,Delaware,Yes,0,28,1522.8,54.39,2022-01-02,2024-12-27,4,2,Clientes recientes en desarrollo,1.6094379124341003
304,20,Male,Oregon,Yes,0,50,2640.8,52.82,2022-04-05,2024-11-27,34,3,Clientes valiosos en riesgo,3.5553480614894135
305,40,Male,Oregon,Yes,0,46,2336.5,50.79,2022-01-01,2024-11-30,31,3,Clientes valiosos en riesgo,3.4657359027997265
306,60,Male,Utah,Yes,0,27,1603.9,59.4,2022-01-29,2024-12-31,0,2,Clientes recientes en desarrollo,0.0
307,26,Male,North Dakota,Yes,0,5,254.2,50.84,2022-05-27,2024-10-19,73,0,Clientes de baja actividad,4.30406509320417
308,29,Male,Florida,Yes,0,4,228.9,57.22,2022-11-28,2024-08-21,132,0,Clientes de baja actividad,4.890349128221754
309,66,Male,Maryland,Yes,0,46,2331.0,50.67,2022-01-21,2024-12-29,2,1,Clientes de alto valor activos,1.0986122886681098
310,66,Male,Minnesota,Yes,1,22,1044.9,47.5,2022-01-29,2024-08-30,123,0,Clientes de baja actividad,4.820281565605037
311,56,Male,Montana,Yes,0,51,2752.2,53.96,2022-02-06,2024-12-22,9,1,Clientes de alto valor activos,2.302585092994046
312,69,Male,Rhode Island,Yes,1,20,1006.9,50.34,2022-03-20,2024-09-06,116,0,Clientes de baja actividad,4.762173934797756
313,38,Male,Massachusetts,Yes,0,7,409.6,58.51,2022-05-12,2024-04-27,248,0,Clientes de baja actividad,5.517452896464707
314,42,Male,Vermont,Yes,0,51,2557.9,50.15,2022-01-01,2024-12-18,13,1,Clientes de alto valor activos,2.6390573296152584
315,30,Male,New Jersey,Yes,0,18,910.5,50.58,2022-06-26,2024-12-31,0,2,Clientes recientes en desarrollo,0.0
316,66,Male,Wisconsin,Yes,0,25,1284.8,51.39,2022-02-05,2024-11-29,32,3,Clientes valiosos en riesgo,3.4965075614664802
317,36,Male,California,Yes,0,47,2562.4,54.52,2022-01-01,2024-12-01,30,3,Clientes valiosos en riesgo,3.4339872044851463
318,58,Male,West Virginia,Yes,0,43,2205.8,51.3,2022-01-08,2024-12-15,16,3,Clientes valiosos en riesgo,2.833213344056216
319,45,Male,South Dakota,Yes,0,11,561.1,51.01,2022-03-01,2024-10-06,86,0,Clientes de baja actividad,4.465908118654584
320,47,Male,Maine,Yes,1,2,86.4,43.2,2022-05-02,2022-12-16,746,0,Clientes de baja actividad,6.616065185132817
321,66,Male,Kansas,Yes,0,29,1606.7,55.4,2022-02-11,2024-12-27,4,2,Clientes recientes en desarrollo,1.6094379124341003
322,41,Male,Vermont,Yes,0,49,2502.2,51.07,2022-01-16,2024-12-26,5,1,Clientes de alto valor activos,1.791759469228055
323,41,Male,Tennessee,Yes,0,48,2601.2,54.19,2022-04-10,2024-12-15,16,1,Clientes de alto valor activos,2.833213344056216
324,66,Male,Tennessee,Yes,0,30,1503.7,50.12,2022-02-26,2024-12-24,7,2,Clientes recientes en desarrollo,2.0794415416798357
325,37,Male,Wyoming,Yes,1,38,1924.2,50.64,2022-01-01,2024-09-16,106,3,Clientes valiosos en riesgo,4.672828834461906
326,70,Male,Vermont,Yes,0,39,2044.3,52.42,2022-01-20,2024-12-30,1,1,Clientes de alto valor activos,0.6931471805599453
327,62,Male,New Jersey,Yes,0,49,2738.3,55.88,2022-01-01,2024-12-28,3,1,Clientes de alto valor activos,1.3862943611198906
328,61,Male,Iowa,Yes,0,37,2274.6,61.48,2022-01-28,2024-12-29,2,1,Clientes de alto valor activos,1.0986122886681098
329,48,Male,Florida,Yes,0,10,622.3,62.23,2022-03-26,2024-12-29,2,2,Clientes recientes en desarrollo,1.0986122886681098
330,70,Male,Nevada,Yes,0,35,1840.6,52.59,2022-05-08,2024-12-29,2,1,Clientes de alto valor activos,1.0986122886681098
331,46,Male,North Dakota,Yes,0,44,2374.3,53.96,2022-01-04,2024-12-31,0,1,Clientes de alto valor activos,0.0
332,31,Male,Florida,Yes,1,47,2226.4,47.37,2022-05-14,2024-08-24,129,3,Clientes valiosos en riesgo,4.867534450455582
333,19,Male,New York,Yes,0,6,366.4,61.07,2022-08-22,2024-12-21,10,2,Clientes recientes en desarrollo,2.3978952727983707
334,39,Male,Alaska,Yes,0,16,762.4,47.65,2022-04-10,2024-11-28,33,0,Clientes de baja actividad,3.5263605246161616
335,41,Male,Kansas,Yes,0,31,1730.0,55.81,2022-05-09,2024-12-31,0,1,Clientes de alto valor activos,0.0
336,20,Male,Oregon,Yes,0,45,2175.1,48.34,2022-01-23,2024-12-30,1,1,Clientes de alto valor activos,0.6931471805599453
337,36,Male,Rhode Island,Yes,1,17,944.7,55.57,2022-01-01,2024-07-15,169,0,Clientes de baja actividad,5.135798437050262
338,32,Male,New Mexico,Yes,0,17,981.1,57.71,2022-06-11,2024-12-06,25,0,Clientes de baja actividad,3.258096538021482
339,69,Male,Massachusetts,Yes,0,17,770.6,45.33,2022-06-09,2024-11-26,35,0,Clientes de baja actividad,3.58351893845611
340,40,Male,Pennsylvania,Yes,0,22,1440.1,65.46,2022-02-07,2024-12-21,10,2,Clientes recientes en desarrollo,2.3978952727983707
341,40,Male,New Jersey,Yes,0,40,2297.5,57.44,2022-01-31,2024-12-28,3,1,Clientes de alto valor activos,1.3862943611198906
342,20,Male,Utah,Yes,1,41,1929.5,47.06,2022-02-07,2024-10-31,61,3,Clientes valiosos en riesgo,4.127134385045092
343,64,Male,Kentucky,Yes,0,49,2502.6,51.07,2022-02-11,2024-12-31,0,1,Clientes de alto valor activos,0.0
344,27,Male,Nebraska,Yes,0,27,1163.6,43.1,2022-04-01,2024-12-10,21,3,Clientes valiosos en riesgo,3.091042453358316
345,24,Male,Virginia,Yes,1,47,2213.0,47.09,2022-01-21,2024-10-29,63,3,Clientes valiosos en riesgo,4.1588830833596715
346,48,Male,Wyoming,Yes,0,28,1404.0,50.14,2022-03-11,2024-12-28,3,2,Clientes recientes en desarrollo,1.3862943611198906
347,49,Male,New Mexico,Yes,0,6,268.2,44.7,2022-07-24,2024-11-28,33,0,Clientes de baja actividad,3.5263605246161616
348,36,Male,Oregon,Yes,0,44,2133.6,48.49,2022-04-10,2024-11-27,34,3,Clientes valiosos en riesgo,3.5553480614894135
349,56,Male,South Carolina,Yes,1,18,891.0,49.5,2022-02-09,2024-08-21,132,0,Clientes de baja actividad,4.890349128221754
350,37,Male,Arizona,Yes,0,4,258.6,64.65,2023-09-08,2024-11-18,43,0,Clientes de baja actividad,3.784189633918261
351,42,Male,Kentucky,Yes,0,48,2575.8,53.66,2022-01-07,2024-12-28,3,1,Clientes de alto valor activos,1.3862943611198906
352,28,Male,New York,Yes,0,25,1305.7,52.23,2022-01-01,2024-12-21,10,2,Clientes recientes en desarrollo,2.3978952727983707
353,27,Male,Texas,Yes,0,13,697.7,53.67,2022-06-19,2024-12-15,16,2,Clientes recientes en desarrollo,2.833213344056216
354,63,Male,Missouri,Yes,0,36,1818.1,50.5,2022-03-09,2024-11-26,35,3,Clientes valiosos en riesgo,3.58351893845611
355,58,Male,Pennsylvania,Yes,0,43,2124.4,49.4,2022-01-01,2024-12-25,6,1,Clientes de alto valor activos,1.9459101490553132
356,37,Male,Oregon,Yes,1,2,99.9,49.95,2022-11-15,2022-12-31,731,0,Clientes de baja actividad,6.595780513961311
357,56,Male,Nevada,Yes,0,28,1500.8,53.6,2022-02-12,2024-12-28,3,2,Clientes recientes en desarrollo,1.3862943611198906
358,18,Male,Arkansas,Yes,0,17,783.9,46.11,2022-01-02,2024-11-09,52,0,Clientes de baja actividad,3.970291913552122
359,48,Male,Minnesota,Yes,0,37,1761.7,47.61,2022-03-19,2024-12-22,9,1,Clientes de alto valor activos,2.302585092994046
360,31,Male,Georgia,Yes,0,31,1700.8,54.86,2022-03-06,2024-12-28,3,1,Clientes de alto valor activos,1.3862943611198906
361,51,Male,Rhode Island,Yes,0,19,734.1,38.64,2022-03-04,2024-10-15,77,0,Clientes de baja actividad,4.356708826689592
362,65,Male,Nevada,Yes,0,46,2215.2,48.16,2022-01-22,2024-11-30,31,3,Clientes valiosos en riesgo,3.4657359027997265
363,53,Male,Texas,Yes,0,2,78.1,39.05,2024-08-25,2024-12-28,3,2,Clientes recientes en desarrollo,1.3862943611198906
364,55,Male,Florida,Yes,0,43,2028.6,47.18,2022-03-10,2024-11-28,33,3,Clientes valiosos en riesgo,3.5263605246161616
365,62,Male,North Dakota,Yes,0,8,349.6,43.7,2022-07-04,2024-11-28,33,0,Clientes de baja actividad,3.5263605246161616
366,55,Male,West Virginia,Yes,0,51,2792.4,54.75,2022-01-01,2024-12-23,8,1,Clientes de alto valor activos,2.1972245773362196
367,64,Male,Nebraska,Yes,0,38,2013.9,53.0,2022-03-06,2024-12-21,10,1,Clientes de alto valor activos,2.3978952727983707
368,52,Male,Tennessee,Yes,0,19,1017.2,53.54,2022-05-13,2024-12-29,2,2,Clientes recientes en desarrollo,1.0986122886681098
369,24,Male,Oklahoma,Yes,0,30,1381.8,46.06,2022-04-27,2024-12-23,8,2,Clientes recientes en desarrollo,2.1972245773362196
370,38,Male,Wisconsin,Yes,0,46,2353.6,51.17,2022-02-11,2024-12-05,26,3,Clientes valiosos en riesgo,3.295836866004329
371,59,Male,Oregon,Yes,0,14,714.9,51.06,2022-07-04,2024-12-01,30,0,Clientes de baja actividad,3.4339872044851463
372,27,Male,North Carolina,Yes,0,48,2325.9,48.46,2022-02-19,2024-12-24,7,1,Clientes de alto valor activos,2.0794415416798357
373,24,Male,Pennsylvania,Yes,0,8,371.0,46.38,2022-05-20,2024-10-20,72,0,Clientes de baja actividad,4.290459441148391
374,23,Male,North Dakota,Yes,0,12,593.5,49.46,2022-02-02,2024-12-22,9,2,Clientes recientes en desarrollo,2.302585092994046
375,69,Male,Ohio,Yes,0,40,2206.8,55.17,2022-02-01,2024-12-26,5,1,Clientes de alto valor activos,1.791759469228055
376,59,Male,Oklahoma,Yes,0,7,466.3,66.61,2022-10-31,2024-07-04,180,0,Clientes de baja actividad,5.198497031265826
377,51,Male,South Carolina,Yes,0,3,188.5,62.83,2023-06-03,2024-05-17,228,0,Clientes de baja actividad,5.43372200355424
378,63,Male,Maine,Yes,0,40,2181.8,54.54,2022-01-21,2024-12-26,5,1,Clientes de alto valor activos,1.791759469228055
379,54,Male,Nevada,Yes,0,24,1093.4,45.56,2022-01-01,2024-12-24,7,2,Clientes recientes en desarrollo,2.0794415416798357
380,32,Male,Montana,Yes,0,47,2815.3,59.9,2022-02-06,2024-12-27,4,1,Clientes de alto valor activos,1.6094379124341003
381,39,Male,New Hampshire,Yes,0,20,1062.6,53.13,2022-02-05,2024-11-30,31,0,Clientes de baja actividad,3.4657359027997265
382,66,Male,Maine,Yes,0,4,273.5,68.38,2022-11-20,2024-12-22,9,2,Clientes recientes en desarrollo,2.302585092994046
383,28,Male,California,Yes,0,48,2719.3,56.65,2022-03-27,2024-12-27,4,1,Clientes de alto valor activos,1.6094379124341003
384,50,Male,West Virginia,Yes,0,7,402.6,57.51,2022-03-20,2024-09-05,117,0,Clientes de baja actividad,4.770684624465665
385,70,Male,California,Yes,0,7,374.0,53.43,2022-07-31,2024-12-18,13,2,Clientes recientes en desarrollo,2.6390573296152584
386,67,Male,West Virginia,Yes,0,13,763.3,58.72,2022-02-12,2024-12-27,4,2,Clientes recientes en desarrollo,1.6094379124341003
387,64,Male,Louisiana,Yes,0,41,2086.1,50.88,2022-01-06,2024-11-27,34,3,Clientes valiosos en riesgo,3.5553480614894135
388,45,Male,Georgia,Yes,0,39,2005.0,51.41,2022-01-01,2024-12-29,2,1,Clientes de alto valor activos,1.0986122886681098
389,22,Male,Washington,Yes,0,11,463.1,42.1,2022-06-23,2024-12-15,16,2,Clientes recientes en desarrollo,2.833213344056216
390,27,Male,Virginia,Yes,0,29,1401.2,48.32,2022-01-15,2024-12-30,1,2,Clientes recientes en desarrollo,0.6931471805599453
391,25,Male,Indiana,Yes,1,20,893.9,44.7,2022-02-07,2024-08-31,122,0,Clientes de baja actividad,4.812184355372417
392,37,Male,Minnesota,Yes,1,26,1245.4,47.9,2022-07-04,2024-09-17,105,3,Clientes valiosos en riesgo,4.663439094112067
393,26,Male,Idaho,Yes,0,39,1895.5,48.6,2022-04-27,2024-12-30,1,1,Clientes de alto valor activos,0.6931471805599453
394,33,Male,Vermont,Yes,0,7,388.4,55.49,2022-11-29,2024-11-22,39,0,Clientes de baja actividad,3.6888794541139363
395,43,Male,North Dakota,Yes,0,8,448.5,56.06,2022-04-09,2024-11-20,41,0,Clientes de baja actividad,3.7376696182833684
396,37,Male,Rhode Island,Yes,0,3,195.8,65.27,2023-02-04,2024-11-25,36,0,Clientes de baja actividad,3.6109179126442243
397,46,Male,South Carolina,Yes,0,25,1122.1,44.88,2022-05-05,2024-12-21,10,2,Clientes recientes en desarrollo,2.3978952727983707
398,22,Male,Mississippi,Yes,0,27,1436.6,53.21,2022-01-22,2024-12-24,7,2,Clientes recientes en desarrollo,2.0794415416798357
399,20,Male,Montana,Yes,0,26,1414.6,54.41,2022-03-04,2024-12-10,21,3,Clientes valiosos en riesgo,3.091042453358316
400,60,Male,Idaho,Yes,0,11,664.0,60.36,2022-06-23,2024-12-28,3,2,Clientes recientes en desarrollo,1.3862943611198906
401,39,Male,Utah,Yes,0,15,873.9,58.26,2022-04-11,2024-11-24,37,0,Clientes de baja actividad,3.6375861597263857
402,43,Male,Oklahoma,Yes,0,22,1092.1,49.64,2022-01-01,2024-11-25,36,3,Clientes valiosos en riesgo,3.6109179126442243
403,31,Male,California,Yes,0,27,1595.3,59.09,2022-01-01,2024-12-24,7,2,Clientes recientes en desarrollo,2.0794415416798357
404,19,Male,Nevada,Yes,0,13,543.4,41.8,2022-01-11,2024-08-20,133,0,Clientes de baja actividad,4.897839799950911
405,35,Male,Delaware,Yes,0,12,528.0,44.0,2022-05-01,2024-12-24,7,2,Clientes recientes en desarrollo,2.0794415416798357
406,41,Male,South Carolina,Yes,0,16,875.9,54.74,2022-05-09,2024-11-27,34,0,Clientes de baja actividad,3.5553480614894135
407,52,Male,Maryland,Yes,0,14,724.0,51.71,2022-12-18,2024-12-24,7,2,Clientes recientes en desarrollo,2.0794415416798357
408,45,Male,North Carolina,Yes,0,6,338.7,56.45,2022-07-20,2024-05-07,238,0,Clientes de baja actividad,5.476463551931511
409,34,Male,Alabama,Yes,0,37,1881.7,50.86,2022-01-15,2024-12-20,11,1,Clientes de alto valor activos,2.4849066497880004
410,35,Male,Minnesota,Yes,0,33,1521.6,46.11,2022-03-02,2024-12-28,3,1,Clientes de alto valor activos,1.3862943611198906
411,29,Male,Virginia,Yes,0,2,143.2,71.6,2022-01-01,2024-05-13,232,0,Clientes de baja actividad,5.4510384535657
412,59,Male,Michigan,Yes,0,16,846.4,52.9,2022-06-20,2024-12-18,13,2,Clientes recientes en desarrollo,2.6390573296152584
413,24,Male,Maine,Yes,0,4,276.2,69.05,2022-01-22,2024-03-30,276,0,Clientes de baja actividad,5.6240175061873385
414,70,Male,Nevada,Yes,0,49,2301.1,46.96,2022-01-01,2024-11-25,36,3,Clientes valiosos en riesgo,3.6109179126442243
415,29,Male,Wyoming,Yes,0,31,1613.1,52.04,2022-01-29,2024-12-27,4,1,Clientes de alto valor activos,1.6094379124341003
416,67,Male,Connecticut,Yes,0,41,2197.5,53.6,2022-03-16,2024-12-29,2,1,Clientes de alto valor activos,1.0986122886681098
417,36,Male,Oregon,Yes,0,25,1156.9,46.28,2022-05-15,2024-12-28,3,2,Clientes recientes en desarrollo,1.3862943611198906
418,23,Male,Mississippi,Yes,0,49,2416.1,49.31,2022-01-22,2024-12-27,4,1,Clientes de alto valor activos,1.6094379124341003
419,18,Male,Illinois,Yes,0,28,1558.7,55.67,2022-03-14,2024-12-25,6,2,Clientes recientes en desarrollo,1.9459101490553132
420,53,Male,Utah,Yes,0,15,822.7,54.85,2022-03-05,2024-11-25,36,0,Clientes de baja actividad,3.6109179126442243
421,32,Male,North Carolina,Yes,0,19,817.2,43.01,2022-03-31,2024-11-27,34,0,Clientes de baja actividad,3.5553480614894135
422,38,Male,Kentucky,Yes,0,49,2346.5,47.89,2022-01-01,2024-12-15,16,1,Clientes de alto valor activos,2.833213344056216
423,47,Male,Minnesota,Yes,0,33,1498.0,45.39,2022-03-05,2024-12-31,0,1,Clientes de alto valor activos,0.0
424,46,Male,New York,Yes,0,22,935.4,42.52,2022-04-03,2024-12-20,11,2,Clientes recientes en desarrollo,2.4849066497880004
425,66,Male,Illinois,Yes,0,43,2163.2,50.31,2022-02-18,2024-12-29,2,1,Clientes de alto valor activos,1.0986122886681098
426,40,Male,North Dakota,Yes,1,5,294.4,58.88,2022-12-29,2024-03-31,275,0,Clientes de baja actividad,5.62040086571715
427,43,Male,Louisiana,Yes,0,20,843.0,42.15,2022-03-25,2024-11-28,33,0,Clientes de baja actividad,3.5263605246161616
428,58,Male,Illinois,Yes,0,7,286.8,40.97,2022-04-14,2024-12-01,30,0,Clientes de baja actividad,3.4339872044851463
429,21,Male,Wyoming,Yes,0,3,211.0,70.33,2023-09-07,2024-11-27,34,0,Clientes de baja actividad,3.5553480614894135
430,42,Male,Washington,Yes,1,22,1066.9,48.5,2022-02-07,2024-08-29,124,0,Clientes de baja actividad,4.8283137373023015
431,24,Male,Texas,Yes,0,41,2190.7,53.43,2022-01-01,2024-12-26,5,1,Clientes de alto valor activos,1.791759469228055
432,43,Male,New Hampshire,Yes,0,34,1638.5,48.19,2022-01-09,2024-12-27,4,1,Clientes de alto valor activos,1.6094379124341003
433,47,Male,Indiana,Yes,0,27,1434.5,53.13,2022-02-11,2024-12-28,3,2,Clientes recientes en desarrollo,1.3862943611198906
434,49,Male,Alabama,Yes,0,24,1099.5,45.81,2022-03-18,2024-10-19,73,3,Clientes valiosos en riesgo,4.30406509320417
435,50,Male,Oklahoma,Yes,0,40,2021.8,50.54,2022-01-05,2024-12-25,6,1,Clientes de alto valor activos,1.9459101490553132
436,51,Male,Montana,Yes,0,43,2364.7,54.99,2022-02-05,2024-12-15,16,3,Clientes valiosos en riesgo,2.833213344056216
437,40,Male,Tennessee,Yes,0,42,2441.7,58.14,2022-02-12,2024-12-29,2,1,Clientes de alto valor activos,1.0986122886681098
438,45,Male,New Mexico,Yes,0,42,2047.3,48.75,2022-03-24,2024-11-22,39,3,Clientes valiosos en riesgo,3.6888794541139363
439,52,Male,Iowa,Yes,0,13,576.9,44.38,2022-01-20,2024-12-21,10,2,Clientes recientes en desarrollo,2.3978952727983707
440,62,Male,Idaho,Yes,0,32,1636.5,51.14,2022-02-01,2024-11-25,36,3,Clientes valiosos en riesgo,3.6109179126442243
441,20,Male,Oklahoma,Yes,0,35,1745.5,49.87,2022-01-23,2024-12-05,26,3,Clientes valiosos en riesgo,3.295836866004329
442,43,Male,Florida,Yes,0,33,1590.8,48.21,2022-04-21,2024-12-21,10,1,Clientes de alto valor activos,2.3978952727983707
443,29,Male,Michigan,Yes,0,32,1834.8,57.34,2022-03-19,2024-12-26,5,1,Clientes de alto valor activos,1.791759469228055
444,22,Male,Hawaii,Yes,0,25,1275.7,51.03,2022-02-05,2024-12-15,16,2,Clientes recientes en desarrollo,2.833213344056216
445,48,Male,California,Yes,0,32,1575.9,49.25,2022-03-07,2024-12-31,0,1,Clientes de alto valor activos,0.0
446,42,Male,Iowa,Yes,0,19,900.5,47.39,2022-01-01,2024-12-25,6,2,Clientes recientes en desarrollo,1.9459101490553132
447,19,Male,West Virginia,Yes,0,16,1004.4,62.78,2022-09-04,2024-12-27,4,2,Clientes recientes en desarrollo,1.6094379124341003
448,60,Male,Washington,Yes,0,8,385.6,48.2,2022-05-07,2024-12-27,4,2,Clientes recientes en desarrollo,1.6094379124341003
449,32,Male,Missouri,Yes,0,36,1971.2,54.76,2022-03-18,2024-12-05,26,3,Clientes valiosos en riesgo,3.295836866004329
450,26,Male,New York,Yes,0,36,1950.9,54.19,2022-05-13,2024-12-24,7,1,Clientes de alto valor activos,2.0794415416798357
451,25,Male,Connecticut,Yes,0,20,1117.8,55.89,2022-01-01,2024-12-27,4,2,Clientes recientes en desarrollo,1.6094379124341003
452,66,Male,Virginia,Yes,0,27,1514.9,56.11,2022-03-06,2024-12-28,3,2,Clientes recientes en desarrollo,1.3862943611198906
453,45,Male,Missouri,Yes,0,40,2158.7,53.97,2022-03-11,2024-11-22,39,3,Clientes valiosos en riesgo,3.6888794541139363
454,54,Male,Nebraska,Yes,0,23,1175.1,51.09,2022-02-05,2024-12-15,16,2,Clientes recientes en desarrollo,2.833213344056216
455,37,Male,New Jersey,Yes,0,15,796.9,53.13,2022-04-04,2024-12-05,26,0,Clientes de baja actividad,3.295836866004329
456,54,Male,Utah,Yes,0,51,2425.0,47.55,2022-03-16,2024-12-21,10,1,Clientes de alto valor activos,2.3978952727983707
457,50,Male,North Carolina,Yes,0,34,1875.4,55.16,2022-02-10,2024-12-28,3,1,Clientes de alto valor activos,1.3862943611198906
458,25,Male,Rhode Island,Yes,0,49,2587.0,52.8,2022-02-04,2024-12-27,4,1,Clientes de alto valor activos,1.6094379124341003
459,47,Male,Arkansas,Yes,0,49,2463.8,50.28,2022-04-20,2024-11-28,33,3,Clientes valiosos en riesgo,3.5263605246161616
460,63,Male,Maryland,Yes,0,28,1451.2,51.83,2022-01-31,2024-12-25,6,2,Clientes recientes en desarrollo,1.9459101490553132
461,64,Male,South Carolina,Yes,0,28,1459.5,52.12,2022-01-01,2024-12-21,10,2,Clientes recientes en desarrollo,2.3978952727983707
462,18,Male,Ohio,Yes,0,21,1122.1,53.43,2022-04-02,2024-12-12,19,2,Clientes recientes en desarrollo,2.995732273553991
463,59,Male,Illinois,Yes,0,49,2349.8,47.96,2022-02-13,2024-12-26,5,1,Clientes de alto valor activos,1.791759469228055
464,37,Male,Georgia,Yes,0,30,1324.5,44.15,2022-01-07,2024-12-10,21,3,Clientes valiosos en riesgo,3.091042453358316
465,23,Male,Alabama,Yes,0,46,2443.6,53.12,2022-01-09,2024-11-30,31,3,Clientes valiosos en riesgo,3.4657359027997265
466,54,Male,Oklahoma,Yes,0,26,1460.6,56.18,2022-02-11,2024-12-31,0,2,Clientes recientes en desarrollo,0.0
467,38,Male,Vermont,Yes,0,26,1462.4,56.25,2022-02-11,2024-12-30,1,2,Clientes recientes en desarrollo,0.6931471805599453
468,19,Male,Nebraska,Yes,0,38,1834.3,48.27,2022-04-06,2024-12-26,5,1,Clientes de alto valor activos,1.791759469228055
469,34,Male,Georgia,Yes,0,17,854.1,50.24,2022-05-14,2024-10-31,61,0,Clientes de baja actividad,4.127134385045092
470,21,Male,Alabama,Yes,0,31,1736.6,56.02,2022-01-01,2024-12-26,5,1,Clientes de alto valor activos,1.791759469228055
471,50,Male,Minnesota,Yes,0,7,413.7,59.1,2023-01-01,2024-12-20,11,2,Clientes recientes en desarrollo,2.4849066497880004
472,55,Male,Missouri,Yes,0,37,2003.3,54.14,2022-04-10,2024-12-22,9,1,Clientes de alto valor activos,2.302585092994046
473,20,Male,Georgia,Yes,0,4,227.2,56.8,2022-05-07,2024-03-10,296,0,Clientes de baja actividad,5.6937321388027
474,34,Male,West Virginia,Yes,1,30,1483.7,49.46,2022-01-29,2024-10-06,86,3,Clientes valiosos en riesgo,4.465908118654584
475,62,Male,Arkansas,Yes,0,16,838.8,52.42,2022-03-19,2024-08-30,123,0,Clientes de baja actividad,4.820281565605037
476,21,Male,Ohio,Yes,0,19,988.3,52.02,2022-04-29,2024-11-02,59,0,Clientes de baja actividad,4.0943445622221
477,21,Male,Connecticut,Yes,0,3,91.6,30.53,2023-10-24,2024-07-22,162,0,Clientes de baja actividad,5.093750200806762
478,42,Male,North Dakota,Yes,0,50,3082.7,61.65,2022-01-15,2024-12-28,3,1,Clientes de alto valor activos,1.3862943611198906
479,35,Male,Kansas,Yes,0,49,2731.1,55.74,2022-02-04,2024-12-20,11,1,Clientes de alto valor activos,2.4849066497880004
480,39,Male,Iowa,Yes,0,44,2168.7,49.29,2022-04-01,2024-12-27,4,1,Clientes de alto valor activos,1.6094379124341003
481,68,Male,Vermont,Yes,0,31,1854.1,59.81,2022-02-24,2024-12-30,1,1,Clientes de alto valor activos,0.6931471805599453
482,46,Male,Wisconsin,Yes,0,11,582.0,52.91,2022-03-12,2024-12-07,24,0,Clientes de baja actividad,3.2188758248682006
483,41,Male,Connecticut,Yes,0,12,705.5,58.79,2022-02-10,2024-12-30,1,2,Clientes recientes en desarrollo,0.6931471805599453
484,23,Male,Oklahoma,Yes,0,13,631.4,48.57,2022-01-20,2024-12-29,2,2,Clientes recientes en desarrollo,1.0986122886681098
485,68,Male,Missouri,Yes,0,29,1560.8,53.82,2022-02-06,2024-11-26,35,3,Clientes valiosos en riesgo,3.58351893845611
486,48,Male,Tennessee,Yes,0,37,2001.6,54.1,2022-01-09,2024-12-26,5,1,Clientes de alto valor activos,1.791759469228055
487,38,Male,New Mexico,Yes,0,38,1935.7,50.94,2022-03-12,2024-12-19,12,1,Clientes de alto valor activos,2.5649493574615367
488,41,Male,Iowa,Yes,1,23,1227.0,53.35,2022-01-27,2024-04-17,258,0,Clientes de baja actividad,5.556828061699537
489,58,Male,Maine,Yes,1,33,1703.8,51.63,2022-02-03,2024-10-16,76,3,Clientes valiosos en riesgo,4.343805421853684
490,49,Male,South Dakota,Yes,0,41,2268.1,55.32,2022-01-01,2024-12-24,7,1,Clientes de alto valor activos,2.0794415416798357
491,57,Male,Colorado,Yes,1,48,2405.1,50.11,2022-02-10,2024-10-04,88,3,Clientes valiosos en riesgo,4.48863636973214
492,49,Male,Vermont,Yes,0,25,1265.2,50.61,2022-03-12,2024-11-29,32,3,Clientes valiosos en riesgo,3.4965075614664802
493,50,Male,Michigan,Yes,0,12,563.9,46.99,2022-03-12,2024-12-18,13,2,Clientes recientes en desarrollo,2.6390573296152584
494,28,Male,Nevada,Yes,0,20,1149.8,57.49,2022-06-01,2024-12-25,6,2,Clientes recientes en desarrollo,1.9459101490553132
495,38,Male,Indiana,Yes,0,43,2486.7,57.83,2022-02-09,2024-12-05,26,3,Clientes valiosos en riesgo,3.295836866004329
496,33,Male,Michigan,Yes,0,7,421.8,60.26,2022-07-04,2024-06-21,193,0,Clientes de baja actividad,5.267858159063328
497,30,Male,California,Yes,0,32,1804.6,56.39,2022-05-05,2024-12-21,10,1,Clientes de alto valor activos,2.3978952727983707
498,43,Male,Oklahoma,Yes,0,32,1667.4,52.11,2022-02-12,2024-11-26,35,3,Clientes valiosos en riesgo,3.58351893845611
499,43,Male,Iowa,Yes,0,28,1392.4,49.73,2022-01-03,2024-12-21,10,2,Clientes recientes en desarrollo,2.3978952727983707
500,36,Male,Rhode Island,Yes,0,25,1452.2,58.09,2022-01-23,2024-12-28,3,2,Clientes recientes en desarrollo,1.3862943611198906
501,36,Male,Washington,Yes,0,36,1799.8,49.99,2022-01-14,2024-12-19,12,3,Clientes valiosos en riesgo,2.5649493574615367
502,64,Male,Florida,Yes,0,22,1226.6,55.75,2022-04-08,2024-11-26,35,3,Clientes valiosos en riesgo,3.58351893845611
503,59,Male,South Carolina,Yes,0,9,481.8,53.53,2022-06-19,2024-10-24,68,0,Clientes de baja actividad,4.23410650459726
504,55,Male,West Virginia,Yes,0,27,1224.8,45.36,2022-03-12,2024-11-27,34,3,Clientes valiosos en riesgo,3.5553480614894135
505,42,Male,Missouri,Yes,0,27,1274.2,47.19,2022-03-26,2024-12-18,13,2,Clientes recientes en desarrollo,2.6390573296152584
506,61,Male,Maine,Yes,0,10,410.2,41.02,2022-04-04,2024-06-30,184,0,Clientes de baja actividad,5.220355825078324
507,28,Male,Georgia,Yes,0,49,2476.7,50.54,2022-02-05,2024-12-05,26,3,Clientes valiosos en riesgo,3.295836866004329
508,65,Male,Maine,Yes,0,34,1850.3,54.42,2022-09-30,2024-12-28,3,1,Clientes de alto valor activos,1.3862943611198906
509,27,Male,Illinois,Yes,1,32,1543.3,48.23,2022-02-07,2024-08-26,127,3,Clientes valiosos en riesgo,4.852030263919617
510,41,Male,Delaware,Yes,0,18,968.3,53.79,2022-02-14,2024-10-01,91,0,Clientes de baja actividad,4.5217885770490405
511,21,Male,West Virginia,Yes,0,23,1053.9,45.82,2022-02-19,2024-11-26,35,3,Clientes valiosos en riesgo,3.58351893845611
512,61,Male,Hawaii,Yes,0,9,459.1,51.01,2022-04-10,2024-07-20,164,0,Clientes de baja actividad,5.10594547390058
513,19,Male,New York,Yes,0,3,183.2,61.07,2024-06-08,2024-11-28,33,0,Clientes de baja actividad,3.5263605246161616
514,22,Male,New Mexico,Yes,0,46,2484.0,54.0,2022-02-13,2024-12-22,9,1,Clientes de alto valor activos,2.302585092994046
515,64,Male,Indiana,Yes,0,48,2407.1,50.15,2022-01-27,2024-12-28,3,1,Clientes de alto valor activos,1.3862943611198906
516,28,Male,Kentucky,Yes,0,8,483.8,60.48,2022-03-12,2024-12-28,3,2,Clientes recientes en desarrollo,1.3862943611198906
517,34,Male,West Virginia,Yes,0,20,1039.4,51.97,2022-01-26,2024-12-28,3,2,Clientes recientes en desarrollo,1.3862943611198906
518,61,Male,North Dakota,Yes,0,45,2511.4,55.81,2022-01-01,2024-12-31,0,1,Clientes de alto valor activos,0.0
519,24,Male,Oregon,Yes,0,17,756.7,44.51,2022-01-12,2024-10-24,68,0,Clientes de baja actividad,4.23410650459726
520,19,Male,Minnesota,Yes,0,18,934.1,51.89,2022-11-06,2024-10-23,69,0,Clientes de baja actividad,4.248495242049359
521,51,Male,South Carolina,Yes,0,21,973.1,46.34,2022-02-19,2024-12-01,30,3,Clientes valiosos en riesgo,3.4339872044851463
522,36,Male,Vermont,Yes,0,51,2600.9,51.0,2022-01-07,2024-12-28,3,1,Clientes de alto valor activos,1.3862943611198906
523,65,Male,Minnesota,Yes,0,38,2193.3,57.72,2022-01-01,2024-12-22,9,1,Clientes de alto valor activos,2.302585092994046
524,46,Male,Delaware,Yes,0,6,278.8,46.47,2022-01-06,2024-12-13,18,0,Clientes de baja actividad,2.9444389791664403
525,59,Male,Pennsylvania,Yes,0,45,2499.9,55.55,2022-02-04,2024-12-28,3,1,Clientes de alto valor activos,1.3862943611198906
526,51,Male,Iowa,Yes,0,42,2226.2,53.0,2022-01-01,2024-12-13,18,3,Clientes valiosos en riesgo,2.9444389791664403
527,51,Male,New Jersey,Yes,0,20,870.0,43.5,2022-06-10,2024-11-15,46,0,Clientes de baja actividad,3.8501476017100584
528,21,Male,South Carolina,Yes,0,48,2432.0,50.67,2022-01-19,2024-12-25,6,1,Clientes de alto valor activos,1.9459101490553132
529,34,Male,Maryland,Yes,0,41,2009.4,49.01,2022-03-10,2024-12-19,12,1,Clientes de alto valor activos,2.5649493574615367
530,32,Male,California,Yes,0,7,288.5,41.21,2022-10-15,2024-10-18,74,0,Clientes de baja actividad,4.31748811353631
531,48,Male,Montana,Yes,0,26,1279.1,49.2,2022-05-02,2024-12-13,18,3,Clientes valiosos en riesgo,2.9444389791664403
532,50,Male,Vermont,Yes,0,43,2204.2,51.26,2022-02-12,2024-12-18,13,1,Clientes de alto valor activos,2.6390573296152584
533,26,Male,Texas,Yes,0,36,1832.9,50.91,2022-01-07,2024-12-22,9,1,Clientes de alto valor activos,2.302585092994046
534,57,Male,North Carolina,Yes,0,18,1003.8,55.77,2022-07-31,2024-11-28,33,0,Clientes de baja actividad,3.5263605246161616
535,65,Male,Florida,Yes,0,5,211.0,42.2,2022-12-30,2024-11-11,50,0,Clientes de baja actividad,3.9318256327243257
536,56,Male,West Virginia,Yes,0,25,1447.9,57.92,2022-02-11,2024-12-28,3,2,Clientes recientes en desarrollo,1.3862943611198906
537,44,Male,Illinois,Yes,0,17,910.6,53.56,2022-05-06,2024-10-23,69,0,Clientes de baja actividad,4.248495242049359
538,50,Male,Virginia,Yes,0,15,753.2,50.21,2022-01-30,2024-12-30,1,2,Clientes recientes en desarrollo,0.6931471805599453
539,27,Male,Virginia,Yes,0,44,2126.2,48.32,2022-01-08,2024-11-30,31,3,Clientes valiosos en riesgo,3.4657359027997265
540,49,Male,Wyoming,Yes,0,50,2602.2,52.04,2022-01-01,2024-12-27,4,1,Clientes de alto valor activos,1.6094379124341003
541,49,Male,South Carolina,Yes,1,34,1640.0,48.24,2022-03-27,2024-08-28,125,3,Clientes valiosos en riesgo,4.836281906951478
542,52,Male,Connecticut,Yes,0,46,2218.2,48.22,2022-03-02,2024-11-27,34,3,Clientes valiosos en riesgo,3.5553480614894135
543,27,Male,Illinois,Yes,0,36,1594.7,44.3,2022-01-25,2024-10-31,61,3,Clientes valiosos en riesgo,4.127134385045092
544,53,Male,Alabama,Yes,0,12,699.8,58.32,2022-01-03,2024-12-22,9,2,Clientes recientes en desarrollo,2.302585092994046
545,34,Male,Washington,Yes,0,31,1586.4,51.17,2022-03-06,2024-12-29,2,1,Clientes de alto valor activos,1.0986122886681098
546,33,Male,Alabama,Yes,0,49,2368.9,48.34,2022-02-02,2024-12-25,6,1,Clientes de alto valor activos,1.9459101490553132
547,62,Male,New Mexico,Yes,0,46,2746.2,59.7,2022-01-23,2024-12-31,0,1,Clientes de alto valor activos,0.0
548,38,Male,Nevada,Yes,0,27,1393.6,51.61,2022-03-03,2024-12-27,4,2,Clientes recientes en desarrollo,1.6094379124341003
549,36,Male,Nebraska,Yes,0,42,2172.4,51.72,2022-01-20,2024-12-28,3,1,Clientes de alto valor activos,1.3862943611198906
550,31,Male,Arizona,Yes,0,38,2115.1,55.66,2022-04-02,2024-12-15,16,3,Clientes valiosos en riesgo,2.833213344056216
551,62,Male,Georgia,Yes,0,13,670.4,51.57,2022-01-01,2024-08-26,127,0,Clientes de baja actividad,4.852030263919617
552,29,Male,Idaho,Yes,0,28,1545.7,55.2,2022-02-12,2024-12-10,21,3,Clientes valiosos en riesgo,3.091042453358316
553,24,Male,Missouri,Yes,0,19,1210.0,63.68,2022-02-11,2024-12-21,10,2,Clientes recientes en desarrollo,2.3978952727983707
554,63,Male,Florida,Yes,0,16,835.4,52.21,2022-03-18,2024-12-20,11,2,Clientes recientes en desarrollo,2.4849066497880004
555,56,Male,Minnesota,Yes,1,35,1735.5,49.59,2022-01-01,2024-08-31,122,3,Clientes valiosos en riesgo,4.812184355372417
556,63,Male,Maine,Yes,0,38,2112.3,55.59,2022-01-30,2024-12-29,2,1,Clientes de alto valor activos,1.0986122886681098
557,40,Male,Montana,Yes,0,22,1213.5,55.16,2022-02-05,2024-12-22,9,2,Clientes recientes en desarrollo,2.302585092994046
558,18,Male,Alaska,Yes,0,32,1673.2,52.29,2022-03-02,2024-12-21,10,1,Clientes de alto valor activos,2.3978952727983707
559,50,Male,Iowa,Yes,0,44,2320.7,52.74,2022-01-07,2024-12-29,2,1,Clientes de alto valor activos,1.0986122886681098
560,66,Male,Arizona,Yes,0,23,1202.7,52.29,2022-01-15,2024-12-29,2,2,Clientes recientes en desarrollo,1.0986122886681098
561,25,Male,Louisiana,Yes,0,13,772.6,59.43,2022-01-28,2024-12-23,8,2,Clientes recientes en desarrollo,2.1972245773362196
562,65,Male,Alabama,Yes,0,26,1265.0,48.65,2022-01-01,2024-12-26,5,2,Clientes recientes en desarrollo,1.791759469228055
563,53,Male,Missouri,Yes,0,41,2150.9,52.46,2022-01-01,2024-12-05,26,3,Clientes valiosos en riesgo,3.295836866004329
564,61,Male,Idaho,Yes,0,17,869.1,51.12,2022-05-11,2024-12-23,8,2,Clientes recientes en desarrollo,2.1972245773362196
565,67,Male,Florida,Yes,0,31,1632.4,52.66,2022-01-15,2024-11-20,41,3,Clientes valiosos en riesgo,3.7376696182833684
566,59,Male,Idaho,Yes,0,11,697.9,63.45,2022-04-04,2024-11-10,51,0,Clientes de baja actividad,3.9512437185814275
567,55,Male,Alabama,Yes,0,2,122.8,61.4,2024-01-02,2024-12-29,2,2,Clientes recientes en desarrollo,1.0986122886681098
568,21,Male,New Hampshire,Yes,0,25,1212.0,48.48,2022-06-24,2024-12-05,26,3,Clientes valiosos en riesgo,3.295836866004329
569,44,Male,Utah,Yes,0,37,1983.9,53.62,2022-01-01,2024-12-28,3,1,Clientes de alto valor activos,1.3862943611198906
570,65,Male,Alabama,Yes,0,47,2501.1,53.21,2022-02-10,2024-12-14,17,1,Clientes de alto valor activos,2.8903717578961645
571,65,Male,Iowa,Yes,0,21,1126.1,53.62,2022-01-29,2024-12-29,2,2,Clientes recientes en desarrollo,1.0986122886681098
572,54,Male,Kentucky,Yes,0,38,1958.5,51.54,2022-01-01,2024-11-21,40,3,Clientes valiosos en riesgo,3.713572066704308
573,56,Male,South Carolina,Yes,0,27,1452.0,53.78,2022-01-28,2024-11-22,39,3,Clientes valiosos en riesgo,3.6888794541139363
574,58,Male,California,Yes,0,24,1362.6,56.78,2022-01-20,2024-11-27,34,3,Clientes valiosos en riesgo,3.5553480614894135
575,54,Male,Maine,Yes,0,21,1255.2,59.77,2022-01-08,2024-12-27,4,2,Clientes recientes en desarrollo,1.6094379124341003
576,58,Male,Nebraska,Yes,0,39,2050.9,52.59,2022-01-01,2024-12-27,4,1,Clientes de alto valor activos,1.6094379124341003
577,48,Male,Washington,Yes,0,6,359.6,59.93,2022-10-31,2024-10-07,85,0,Clientes de baja actividad,4.454347296253507
578,19,Male,Alabama,Yes,0,42,2254.1,53.67,2022-01-01,2024-12-31,0,1,Clientes de alto valor activos,0.0
579,69,Male,Maine,Yes,0,23,1397.6,60.77,2022-03-11,2024-12-22,9,2,Clientes recientes en desarrollo,2.302585092994046
580,58,Male,California,Yes,0,49,2594.0,52.94,2022-01-01,2024-12-29,2,1,Clientes de alto valor activos,1.0986122886681098
581,49,Male,Iowa,Yes,0,11,426.7,38.79,2022-03-02,2024-10-08,84,0,Clientes de baja actividad,4.442651256490317
582,32,Male,Iowa,Yes,0,13,723.4,55.65,2022-02-13,2024-11-27,34,0,Clientes de baja actividad,3.5553480614894135
583,40,Male,Colorado,Yes,0,3,114.7,38.23,2022-12-17,2024-05-23,222,0,Clientes de baja actividad,5.407171771460119
584,25,Male,California,Yes,1,39,1943.2,49.83,2022-01-01,2024-08-24,129,3,Clientes valiosos en riesgo,4.867534450455582
585,70,Male,Indiana,Yes,0,21,1142.9,54.42,2022-05-11,2024-12-20,11,2,Clientes recientes en desarrollo,2.4849066497880004
586,69,Male,South Carolina,Yes,0,6,347.8,57.97,2022-08-30,2024-07-03,181,0,Clientes de baja actividad,5.204006687076795
587,45,Male,Wisconsin,Yes,0,10,367.3,36.73,2022-06-18,2024-07-24,160,0,Clientes de baja actividad,5.081404364984463
588,29,Male,Washington,Yes,1,49,2498.5,50.99,2022-03-18,2024-10-13,79,3,Clientes valiosos en riesgo,4.382026634673881
589,47,Male,South Dakota,Yes,0,10,481.3,48.13,2022-06-26,2024-12-01,30,0,Clientes de baja actividad,3.4339872044851463
590,28,Male,Minnesota,Yes,1,41,1868.5,45.57,2022-05-03,2024-10-31,61,3,Clientes valiosos en riesgo,4.127134385045092
591,64,Male,Alaska,Yes,0,31,1464.3,47.24,2022-04-04,2024-12-18,13,3,Clientes valiosos en riesgo,2.6390573296152584
592,47,Male,Kentucky,Yes,0,7,485.6,69.37,2022-11-26,2024-12-27,4,2,Clientes recientes en desarrollo,1.6094379124341003
593,60,Male,North Dakota,Yes,0,43,2577.2,59.93,2022-02-09,2024-12-29,2,1,Clientes de alto valor activos,1.0986122886681098
594,67,Male,Alaska,Yes,0,10,739.8,73.98,2022-02-14,2024-12-27,4,2,Clientes recientes en desarrollo,1.6094379124341003
595,35,Male,Oklahoma,Yes,0,7,346.0,49.43,2022-01-06,2024-07-28,156,0,Clientes de baja actividad,5.056245805348308
596,30,Male,Delaware,Yes,0,48,2595.1,54.06,2022-01-03,2024-12-20,11,1,Clientes de alto valor activos,2.4849066497880004
597,23,Male,Montana,Yes,0,37,1883.7,50.91,2022-02-10,2024-12-31,0,1,Clientes de alto valor activos,0.0
598,70,Male,Alaska,Yes,0,20,1076.4,53.82,2022-03-25,2024-12-20,11,2,Clientes recientes en desarrollo,2.4849066497880004
599,21,Male,California,Yes,0,31,1755.3,56.62,2022-01-02,2024-12-21,10,3,Clientes valiosos en riesgo,2.3978952727983707
600,51,Male,Massachusetts,Yes,0,28,1443.9,51.57,2022-01-01,2024-11-29,32,3,Clientes valiosos en riesgo,3.4965075614664802
601,22,Male,South Carolina,Yes,0,26,1269.9,48.84,2022-02-06,2024-12-14,17,3,Clientes valiosos en riesgo,2.8903717578961645
602,32,Male,West Virginia,Yes,0,6,338.3,56.38,2022-05-05,2024-12-24,7,2,Clientes recientes en desarrollo,2.0794415416798357
603,37,Male,Oregon,Yes,0,11,494.9,44.99,2022-04-15,2024-12-31,0,2,Clientes recientes en desarrollo,0.0
604,31,Male,Massachusetts,Yes,0,27,1374.3,50.9,2022-02-07,2024-11-22,39,3,Clientes valiosos en riesgo,3.6888794541139363
605,44,Male,West Virginia,Yes,0,12,599.2,49.93,2022-03-02,2024-11-23,38,0,Clientes de baja actividad,3.6635616461296463
606,40,Male,California,Yes,0,18,917.6,50.98,2022-01-08,2024-11-14,47,0,Clientes de baja actividad,3.871201010907891
607,27,Male,Colorado,Yes,0,45,2257.8,50.17,2022-02-08,2024-12-01,30,3,Clientes valiosos en riesgo,3.4339872044851463
608,47,Male,Indiana,Yes,0,45,2325.5,51.68,2022-03-27,2024-12-22,9,1,Clientes de alto valor activos,2.302585092994046
609,41,Male,Delaware,Yes,0,22,1303.2,59.24,2022-03-18,2024-11-22,39,3,Clientes valiosos en riesgo,3.6888794541139363
610,51,Male,Ohio,Yes,0,50,2756.4,55.13,2022-03-04,2024-12-10,21,3,Clientes valiosos en riesgo,3.091042453358316
611,53,Male,Oklahoma,Yes,0,28,1493.3,53.33,2022-03-17,2024-12-10,21,3,Clientes valiosos en riesgo,3.091042453358316
612,43,Male,California,Yes,1,20,1003.8,50.19,2022-05-11,2024-09-05,117,0,Clientes de baja actividad,4.770684624465665
613,67,Male,New Hampshire,Yes,0,34,1693.6,49.81,2022-01-07,2024-12-26,5,1,Clientes de alto valor activos,1.791759469228055
614,61,Male,Pennsylvania,Yes,0,47,2142.6,45.59,2022-03-17,2024-12-30,1,1,Clientes de alto valor activos,0.6931471805599453
615,68,Male,Idaho,Yes,0,22,1139.0,51.77,2022-01-01,2024-12-27,4,2,Clientes recientes en desarrollo,1.6094379124341003
616,67,Male,Maryland,Yes,0,24,1388.5,57.85,2022-02-15,2024-12-24,7,2,Clientes recientes en desarrollo,2.0794415416798357
617,29,Male,Pennsylvania,Yes,0,39,2144.9,55.0,2022-02-14,2024-12-18,13,1,Clientes de alto valor activos,2.6390573296152584
618,50,Male,Colorado,Yes,0,3,135.9,45.3,2022-08-06,2024-11-18,43,0,Clientes de baja actividad,3.784189633918261
619,61,Male,Indiana,Yes,0,22,1159.3,52.7,2022-01-15,2024-10-19,73,0,Clientes de baja actividad,4.30406509320417
620,19,Male,Nebraska,Yes,0,2,82.9,41.45,2023-04-28,2024-11-27,34,0,Clientes de baja actividad,3.5553480614894135
621,33,Male,Rhode Island,Yes,0,11,523.7,47.61,2022-03-23,2024-11-29,32,0,Clientes de baja actividad,3.4965075614664802
622,51,Male,Kansas,Yes,0,46,2393.8,52.04,2022-02-14,2024-12-27,4,1,Clientes de alto valor activos,1.6094379124341003
623,69,Male,Georgia,Yes,0,45,2352.7,52.28,2022-03-06,2024-12-29,2,1,Clientes de alto valor activos,1.0986122886681098
624,19,Male,Nevada,Yes,1,49,2678.2,54.66,2022-01-08,2024-09-15,107,3,Clientes valiosos en riesgo,4.68213122712422
625,55,Male,South Carolina,Yes,0,22,993.7,45.17,2022-01-28,2024-12-22,9,2,Clientes recientes en desarrollo,2.302585092994046
626,49,Male,Delaware,Yes,0,2,88.6,44.3,2022-04-03,2024-02-15,320,0,Clientes de baja actividad,5.771441123130016
627,31,Male,New Hampshire,Yes,0,11,561.7,51.06,2022-04-29,2024-12-24,7,2,Clientes recientes en desarrollo,2.0794415416798357
628,42,Male,Oregon,Yes,0,25,1211.7,48.47,2022-01-02,2024-12-25,6,2,Clientes recientes en desarrollo,1.9459101490553132
629,69,Male,Massachusetts,Yes,0,30,1454.7,48.49,2022-02-15,2024-12-24,7,2,Clientes recientes en desarrollo,2.0794415416798357
630,26,Male,Vermont,Yes,0,12,631.9,52.66,2022-01-15,2024-12-26,5,2,Clientes recientes en desarrollo,1.791759469228055
631,41,Male,Mississippi,Yes,0,34,1692.8,49.79,2022-03-03,2024-12-29,2,1,Clientes de alto valor activos,1.0986122886681098
632,55,Male,Washington,Yes,0,28,1408.2,50.29,2022-03-23,2024-12-18,13,3,Clientes valiosos en riesgo,2.6390573296152584
633,35,Male,Wyoming,Yes,0,20,1071.5,53.58,2022-01-22,2024-12-30,1,2,Clientes recientes en desarrollo,0.6931471805599453
634,66,Male,Minnesota,Yes,0,51,2608.9,51.15,2022-02-11,2024-11-29,32,3,Clientes valiosos en riesgo,3.4965075614664802
635,36,Male,Ohio,Yes,0,47,2332.3,49.62,2022-02-01,2024-12-30,1,1,Clientes de alto valor activos,0.6931471805599453
636,27,Male,South Carolina,Yes,0,29,1550.6,53.47,2022-02-03,2024-12-28,3,2,Clientes recientes en desarrollo,1.3862943611198906
637,41,Male,Wisconsin,Yes,0,15,811.4,54.09,2022-02-11,2024-11-30,31,0,Clientes de baja actividad,3.4657359027997265
638,21,Male,Tennessee,Yes,0,47,2451.6,52.16,2022-01-01,2024-12-15,16,1,Clientes de alto valor activos,2.833213344056216
639,53,Male,Maryland,Yes,0,42,2510.4,59.77,2022-02-11,2024-12-22,9,1,Clientes de alto valor activos,2.302585092994046
640,54,Male,Mississippi,Yes,0,51,3001.8,58.86,2022-01-01,2024-12-28,3,1,Clientes de alto valor activos,1.3862943611198906
641,53,Male,Minnesota,Yes,0,29,1426.8,49.2,2022-02-02,2024-11-24,37,3,Clientes valiosos en riesgo,3.6375861597263857
642,47,Male,Alaska,Yes,0,24,1344.0,56.0,2022-08-22,2024-12-27,4,2,Clientes recientes en desarrollo,1.6094379124341003
643,64,Male,Arkansas,Yes,0,15,701.1,46.74,2022-01-01,2024-12-18,13,2,Clientes recientes en desarrollo,2.6390573296152584
644,18,Male,Oregon,Yes,0,11,646.7,58.79,2022-05-25,2024-12-12,19,2,Clientes recientes en desarrollo,2.995732273553991
645,68,Male,Louisiana,Yes,0,38,1873.0,49.29,2022-03-12,2024-12-18,13,3,Clientes valiosos en riesgo,2.6390573296152584
646,62,Male,Oklahoma,Yes,0,16,946.8,59.18,2022-01-01,2024-10-10,82,0,Clientes de baja actividad,4.418840607796598
647,51,Male,Indiana,Yes,0,20,868.0,43.4,2022-03-22,2024-12-25,6,2,Clientes recientes en desarrollo,1.9459101490553132
648,54,Male,Mississippi,Yes,0,24,1256.1,52.34,2022-01-01,2024-12-28,3,2,Clientes recientes en desarrollo,1.3862943611198906
649,22,Male,Michigan,Yes,0,36,1652.3,45.9,2022-02-26,2024-12-31,0,1,Clientes de alto valor activos,0.0
650,53,Male,Delaware,Yes,0,34,1694.0,49.82,2022-01-01,2024-12-13,18,3,Clientes valiosos en riesgo,2.9444389791664403
651,34,Male,Florida,Yes,0,13,625.7,48.13,2022-03-21,2024-11-29,32,0,Clientes de baja actividad,3.4965075614664802
652,32,Male,Arkansas,Yes,0,42,2148.5,51.15,2022-01-23,2024-12-30,1,1,Clientes de alto valor activos,0.6931471805599453
653,64,Male,Minnesota,Yes,0,28,1462.2,52.22,2022-01-19,2024-12-20,11,2,Clientes recientes en desarrollo,2.4849066497880004
654,20,Male,North Dakota,Yes,1,46,2320.0,50.43,2022-03-14,2024-10-31,61,3,Clientes valiosos en riesgo,4.127134385045092
655,24,Male,California,Yes,0,24,1267.4,52.81,2022-04-22,2024-12-27,4,2,Clientes recientes en desarrollo,1.6094379124341003
656,20,Male,Mississippi,Yes,0,20,1030.5,51.52,2022-04-24,2024-12-15,16,2,Clientes recientes en desarrollo,2.833213344056216
657,42,Male,Pennsylvania,Yes,0,7,436.0,62.29,2022-11-20,2024-07-21,163,0,Clientes de baja actividad,5.099866427824199
658,48,Male,Arizona,Yes,0,7,368.6,52.66,2022-04-29,2024-06-19,195,0,Clientes de baja actividad,5.278114659230517
659,62,Male,Louisiana,Yes,0,21,1185.9,56.47,2022-01-20,2024-11-26,35,3,Clientes valiosos en riesgo,3.58351893845611
660,62,Male,Virginia,Yes,0,9,487.3,54.14,2022-01-01,2024-12-29,2,2,Clientes recientes en desarrollo,1.0986122886681098
661,50,Male,Montana,Yes,0,40,2099.4,52.48,2022-02-09,2024-11-29,32,3,Clientes valiosos en riesgo,3.4965075614664802
662,57,Male,Iowa,Yes,1,40,1894.3,47.36,2022-02-26,2024-09-07,115,3,Clientes valiosos en riesgo,4.7535901911063645
663,24,Male,Illinois,Yes,0,40,2243.1,56.08,2022-03-05,2024-12-15,16,3,Clientes valiosos en riesgo,2.833213344056216
664,59,Male,Alaska,Yes,0,24,1339.7,55.82,2022-02-01,2024-12-28,3,2,Clientes recientes en desarrollo,1.3862943611198906
665,63,Male,Colorado,Yes,0,42,2192.2,52.2,2022-03-04,2024-12-20,11,1,Clientes de alto valor activos,2.4849066497880004
666,41,Male,New Mexico,Yes,0,51,2911.6,57.09,2022-01-21,2024-12-28,3,1,Clientes de alto valor activos,1.3862943611198906
667,35,Male,Colorado,Yes,0,31,1662.8,53.64,2022-01-15,2024-11-29,32,3,Clientes valiosos en riesgo,3.4965075614664802
668,34,Male,Arizona,Yes,1,33,1720.8,52.15,2022-02-04,2024-08-24,129,3,Clientes valiosos en riesgo,4.867534450455582
669,49,Male,Hawaii,Yes,0,36,2148.5,59.68,2022-02-11,2024-12-28,3,1,Clientes de alto valor activos,1.3862943611198906
670,43,Male,Illinois,Yes,0,46,2449.8,53.26,2022-01-30,2024-12-26,5,1,Clientes de alto valor activos,1.791759469228055
671,63,Male,Louisiana,Yes,0,38,2016.8,53.07,2022-04-02,2024-11-15,46,3,Clientes valiosos en riesgo,3.8501476017100584
672,38,Male,Iowa,Yes,0,46,2431.4,52.86,2022-04-02,2024-12-05,26,3,Clientes valiosos en riesgo,3.295836866004329
673,59,Male,Washington,Yes,0,30,1399.9,46.66,2022-04-06,2024-12-29,2,1,Clientes de alto valor activos,1.0986122886681098
674,35,Male,Oklahoma,Yes,0,28,1629.0,58.18,2022-04-03,2024-11-21,40,3,Clientes valiosos en riesgo,3.713572066704308
675,48,Male,Washington,Yes,0,37,2104.3,56.87,2022-01-01,2024-12-26,5,1,Clientes de alto valor activos,1.791759469228055
676,64,Male,Arkansas,Yes,1,10,443.6,44.36,2022-03-05,2024-05-15,230,0,Clientes de baja actividad,5.442417710521793
677,28,Male,Connecticut,Yes,0,39,2103.4,53.93,2022-01-06,2024-12-29,2,1,Clientes de alto valor activos,1.0986122886681098
678,60,Male,Washington,Yes,0,42,2330.9,55.5,2022-01-22,2024-12-29,2,1,Clientes de alto valor activos,1.0986122886681098
679,27,Male,Maine,Yes,1,26,1353.2,52.05,2022-02-05,2024-08-30,123,3,Clientes valiosos en riesgo,4.820281565605037
680,56,Male,Michigan,Yes,0,38,2116.5,55.7,2022-06-19,2024-12-31,0,1,Clientes de alto valor activos,0.0
681,58,Male,Tennessee,Yes,0,4,145.4,36.35,2022-06-11,2024-12-15,16,2,Clientes recientes en desarrollo,2.833213344056216
682,30,Male,Louisiana,Yes,0,25,1192.5,47.7,2022-02-10,2024-10-31,61,3,Clientes valiosos en riesgo,4.127134385045092
683,23,Male,Missouri,Yes,0,50,2800.4,56.01,2022-02-08,2024-12-28,3,1,Clientes de alto valor activos,1.3862943611198906
684,33,Male,Michigan,Yes,1,4,266.9,66.72,2022-08-27,2023-01-19,712,0,Clientes de baja actividad,6.569481420414296
685,63,Male,Alabama,Yes,0,43,2218.6,51.6,2022-03-05,2024-12-13,18,3,Clientes valiosos en riesgo,2.9444389791664403
686,70,Male,Massachusetts,Yes,0,33,1664.0,50.42,2022-01-01,2024-12-18,13,3,Clientes valiosos en riesgo,2.6390573296152584
687,70,Male,Indiana,Yes,1,34,1936.9,56.97,2022-01-31,2024-07-26,158,3,Clientes valiosos en riesgo,5.0689042022202315
688,19,Male,West Virginia,Yes,0,47,2651.7,56.42,2022-05-04,2024-12-20,11,1,Clientes de alto valor activos,2.4849066497880004
689,25,Male,Michigan,Yes,0,45,2086.5,46.37,2022-01-01,2024-11-30,31,3,Clientes valiosos en riesgo,3.4657359027997265
690,19,Male,Pennsylvania,Yes,0,36,1697.9,47.16,2022-01-01,2024-12-26,5,1,Clientes de alto valor activos,1.791759469228055
691,25,Male,Alaska,Yes,0,46,2307.6,50.17,2022-01-18,2024-12-20,11,1,Clientes de alto valor activos,2.4849066497880004
692,60,Male,Massachusetts,Yes,0,38,1685.8,44.36,2022-01-16,2024-11-23,38,3,Clientes valiosos en riesgo,3.6635616461296463
693,35,Male,North Dakota,Yes,0,41,2063.0,50.32,2022-03-20,2024-12-30,1,1,Clientes de alto valor activos,0.6931471805599453
694,46,Male,Vermont,Yes,0,31,1583.4,51.08,2022-03-04,2024-12-24,7,1,Clientes de alto valor activos,2.0794415416798357
695,41,Male,Kentucky,Yes,0,39,2038.3,52.26,2022-02-08,2024-12-25,6,1,Clientes de alto valor activos,1.9459101490553132
696,30,Male,Nevada,Yes,0,16,778.5,48.66,2022-06-03,2024-11-30,31,0,Clientes de baja actividad,3.4657359027997265
697,44,Male,Utah,Yes,0,50,2875.9,57.52,2022-01-09,2024-12-21,10,1,Clientes de alto valor activos,2.3978952727983707
698,61,Male,North Dakota,Yes,0,41,1943.5,47.4,2022-01-05,2024-11-30,31,3,Clientes valiosos en riesgo,3.4657359027997265
699,55,Male,Iowa,Yes,0,41,2052.6,50.06,2022-03-05,2024-12-26,5,1,Clientes de alto valor activos,1.791759469228055
700,50,Male,Connecticut,Yes,0,6,313.0,52.17,2022-03-19,2024-11-25,36,0,Clientes de baja actividad,3.6109179126442243
701,57,Male,Wisconsin,Yes,0,6,270.7,45.12,2022-07-13,2024-12-21,10,2,Clientes recientes en desarrollo,2.3978952727983707
702,51,Male,Idaho,Yes,0,6,334.8,55.8,2022-04-16,2024-09-07,115,0,Clientes de baja actividad,4.7535901911063645
703,18,Male,Montana,Yes,0,2,67.6,33.8,2022-04-30,2024-11-10,51,0,Clientes de baja actividad,3.9512437185814275
704,63,Male,Connecticut,Yes,1,22,982.4,44.65,2022-03-20,2024-09-01,121,0,Clientes de baja actividad,4.804021044733257
705,34,Male,Idaho,Yes,0,19,919.3,48.38,2022-03-11,2024-11-24,37,0,Clientes de baja actividad,3.6375861597263857
706,25,Male,Arkansas,Yes,0,50,2461.1,49.22,2022-06-19,2024-12-26,5,1,Clientes de alto valor activos,1.791759469228055
707,46,Male,Iowa,Yes,0,28,1258.1,44.93,2022-02-08,2024-10-31,61,3,Clientes valiosos en riesgo,4.127134385045092
708,59,Male,Louisiana,Yes,1,22,1000.7,45.49,2022-04-08,2024-08-15,138,0,Clientes de baja actividad,4.9344739331306915
709,37,Male,Kentucky,Yes,1,20,900.5,45.02,2022-07-22,2024-07-19,165,0,Clientes de baja actividad,5.111987788356544
710,49,Male,Massachusetts,Yes,0,24,1236.5,51.52,2022-04-16,2024-11-29,32,3,Clientes valiosos en riesgo,3.4965075614664802
711,22,Male,Virginia,Yes,0,27,1300.1,48.15,2022-01-27,2024-12-05,26,3,Clientes valiosos en riesgo,3.295836866004329
712,64,Male,New Hampshire,Yes,0,14,589.6,42.11,2022-04-01,2024-12-20,11,2,Clientes recientes en desarrollo,2.4849066497880004
713,42,Male,New Hampshire,Yes,0,37,1901.0,51.38,2022-05-12,2024-12-31,0,1,Clientes de alto valor activos,0.0
714,37,Male,Oregon,Yes,0,40,1933.4,48.34,2022-01-12,2024-11-28,33,3,Clientes valiosos en riesgo,3.5263605246161616
715,26,Male,South Dakota,Yes,0,41,2082.4,50.79,2022-01-01,2024-12-25,6,1,Clientes de alto valor activos,1.9459101490553132
716,33,Male,Delaware,Yes,0,38,1900.9,50.02,2022-03-23,2024-12-27,4,1,Clientes de alto valor activos,1.6094379124341003
717,30,Male,Missouri,Yes,0,10,612.9,61.29,2022-06-20,2024-12-18,13,2,Clientes recientes en desarrollo,2.6390573296152584
718,21,Male,Alaska,Yes,0,8,381.5,47.69,2022-06-25,2024-07-31,153,0,Clientes de baja actividad,5.0369526024136295
719,22,Male,Florida,Yes,0,26,1244.8,47.88,2022-01-02,2024-11-20,41,3,Clientes valiosos en riesgo,3.7376696182833684
720,63,Male,Mississippi,Yes,0,43,2438.8,56.72,2022-01-15,2024-12-01,30,3,Clientes valiosos en riesgo,3.4339872044851463
721,33,Male,New Mexico,Yes,0,20,1069.6,53.48,2022-05-31,2024-12-29,2,2,Clientes recientes en desarrollo,1.0986122886681098
722,43,Male,California,Yes,0,42,2294.7,54.64,2022-01-01,2024-12-29,2,1,Clientes de alto valor activos,1.0986122886681098
723,27,Male,Wyoming,Yes,1,51,2555.3,50.1,2022-02-01,2024-11-08,53,3,Clientes valiosos en riesgo,3.9889840465642745
724,35,Male,Missouri,Yes,0,44,2518.6,57.24,2022-01-23,2024-12-28,3,1,Clientes de alto valor activos,1.3862943611198906
725,37,Male,New Hampshire,Yes,1,37,1846.2,49.9,2022-01-01,2024-09-14,108,3,Clientes valiosos en riesgo,4.6913478822291435
726,61,Male,Texas,Yes,0,34,1736.4,51.07,2022-02-12,2024-11-22,39,3,Clientes valiosos en riesgo,3.6888794541139363
727,32,Male,North Dakota,Yes,0,21,1101.2,52.44,2022-02-12,2024-11-26,35,3,Clientes valiosos en riesgo,3.58351893845611
728,62,Male,Arkansas,Yes,0,38,2120.4,55.8,2022-01-01,2024-12-25,6,1,Clientes de alto valor activos,1.9459101490553132
729,29,Male,Nebraska,Yes,0,13,727.7,55.98,2022-02-06,2024-11-29,32,0,Clientes de baja actividad,3.4965075614664802
730,41,Male,Minnesota,Yes,0,47,2562.0,54.51,2022-01-30,2024-12-31,0,1,Clientes de alto valor activos,0.0
731,48,Male,Massachusetts,Yes,0,29,1419.1,48.93,2022-01-01,2024-12-18,13,3,Clientes valiosos en riesgo,2.6390573296152584
732,43,Male,Arkansas,Yes,0,31,1671.5,53.92,2022-04-23,2024-11-28,33,3,Clientes valiosos en riesgo,3.5263605246161616
733,34,Male,New Hampshire,Yes,0,29,1410.5,48.64,2022-03-19,2024-12-25,6,2,Clientes recientes en desarrollo,1.9459101490553132
734,45,Male,Rhode Island,Yes,0,21,1056.5,50.31,2022-01-07,2024-12-20,11,2,Clientes recientes en desarrollo,2.4849066497880004
735,65,Male,New Jersey,Yes,0,40,2039.9,51.0,2022-04-18,2024-12-20,11,1,Clientes de alto valor activos,2.4849066497880004
736,61,Male,Montana,Yes,0,49,2533.6,51.71,2022-01-04,2024-12-30,1,1,Clientes de alto valor activos,0.6931471805599453
737,18,Male,Colorado,Yes,0,33,1628.1,49.34,2022-03-25,2024-12-29,2,1,Clientes de alto valor activos,1.0986122886681098
738,47,Male,Nebraska,Yes,0,29,1329.1,45.83,2022-05-12,2024-11-22,39,3,Clientes valiosos en riesgo,3.6888794541139363
739,56,Male,Minnesota,Yes,0,28,1679.9,60.0,2022-01-27,2024-12-30,1,2,Clientes recientes en desarrollo,0.6931471805599453
740,64,Male,Minnesota,Yes,0,27,1462.9,54.18,2022-03-25,2024-12-01,30,3,Clientes valiosos en riesgo,3.4339872044851463
741,26,Male,South Dakota,Yes,0,23,1265.1,55.0,2022-03-05,2024-11-29,32,3,Clientes valiosos en riesgo,3.4965075614664802
742,22,Male,West Virginia,Yes,0,24,1009.6,42.07,2022-03-13,2024-11-26,35,3,Clientes valiosos en riesgo,3.58351893845611
743,64,Male,Nevada,Yes,0,22,1283.7,58.35,2022-01-07,2024-12-31,0,2,Clientes recientes en desarrollo,0.0
744,21,Male,North Carolina,Yes,0,37,1746.1,47.19,2022-03-23,2024-12-20,11,1,Clientes de alto valor activos,2.4849066497880004
745,67,Male,Illinois,Yes,1,43,1962.7,45.64,2022-02-12,2024-10-10,82,3,Clientes valiosos en riesgo,4.418840607796598
746,46,Male,Michigan,Yes,0,5,332.7,66.54,2022-07-21,2024-04-13,262,0,Clientes de baja actividad,5.572154032177765
747,40,Male,Michigan,Yes,1,48,2251.4,46.9,2022-02-14,2024-11-09,52,3,Clientes valiosos en riesgo,3.970291913552122
748,51,Male,Oklahoma,Yes,0,14,804.9,57.49,2022-01-01,2024-11-30,31,0,Clientes de baja actividad,3.4657359027997265
749,35,Male,South Dakota,Yes,1,9,495.2,55.02,2022-12-03,2024-05-03,242,0,Clientes de baja actividad,5.493061443340548
750,56,Male,Oklahoma,Yes,1,12,495.1,41.26,2022-06-11,2024-07-09,175,0,Clientes de baja actividad,5.170483995038151
751,25,Male,Maryland,Yes,0,6,340.1,56.68,2022-03-15,2024-06-27,187,0,Clientes de baja actividad,5.236441962829949
752,65,Male,Ohio,Yes,0,2,80.5,40.25,2022-03-31,2024-12-19,12,2,Clientes recientes en desarrollo,2.5649493574615367
753,39,Male,Ohio,Yes,0,18,996.6,55.37,2022-02-01,2024-12-28,3,2,Clientes recientes en desarrollo,1.3862943611198906
754,47,Male,Massachusetts,Yes,0,28,1446.8,51.67,2022-02-05,2024-11-30,31,3,Clientes valiosos en riesgo,3.4657359027997265
755,36,Male,North Carolina,Yes,0,4,217.7,54.42,2022-08-25,2024-11-01,60,0,Clientes de baja actividad,4.110873864173311
756,66,Male,Florida,Yes,0,23,1066.8,46.38,2022-01-28,2024-11-26,35,3,Clientes valiosos en riesgo,3.58351893845611
757,62,Male,Montana,Yes,0,25,1352.4,54.1,2022-01-22,2024-10-27,65,3,Clientes valiosos en riesgo,4.189654742026425
758,41,Male,Minnesota,Yes,0,19,861.5,45.34,2022-01-29,2024-10-25,67,0,Clientes de baja actividad,4.219507705176107
759,66,Male,Massachusetts,Yes,0,40,2070.5,51.76,2022-01-01,2024-12-27,4,1,Clientes de alto valor activos,1.6094379124341003
760,51,Male,Rhode Island,Yes,0,26,1458.7,56.1,2022-04-09,2024-12-22,9,2,Clientes recientes en desarrollo,2.302585092994046
761,33,Male,Minnesota,Yes,0,7,383.3,54.76,2022-05-12,2024-10-06,86,0,Clientes de baja actividad,4.465908118654584
762,57,Male,Nevada,Yes,0,27,1507.6,55.84,2022-04-03,2024-12-13,18,3,Clientes valiosos en riesgo,2.9444389791664403
763,45,Male,New Mexico,Yes,0,44,2371.1,53.89,2022-02-15,2024-12-13,18,3,Clientes valiosos en riesgo,2.9444389791664403
764,61,Male,North Carolina,Yes,0,7,435.0,62.14,2022-12-31,2024-11-15,46,0,Clientes de baja actividad,3.8501476017100584
765,55,Male,Virginia,Yes,0,7,334.8,47.83,2022-04-04,2024-11-11,50,0,Clientes de baja actividad,3.9318256327243257
766,54,Male,Alaska,Yes,0,14,810.1,57.86,2022-02-11,2024-12-24,7,2,Clientes recientes en desarrollo,2.0794415416798357
767,57,Male,Nevada,Yes,0,14,719.2,51.37,2022-02-03,2024-12-30,1,2,Clientes recientes en desarrollo,0.6931471805599453
768,27,Male,Pennsylvania,Yes,0,12,599.6,49.97,2022-02-11,2024-11-28,33,0,Clientes de baja actividad,3.5263605246161616
769,64,Male,Illinois,Yes,0,46,2121.2,46.11,2022-03-11,2024-12-28,3,1,Clientes de alto valor activos,1.3862943611198906
770,52,Male,Delaware,Yes,0,9,393.5,43.72,2022-04-20,2024-09-07,115,0,Clientes de baja actividad,4.7535901911063645
771,19,Male,Vermont,Yes,0,9,450.1,50.01,2022-03-23,2024-12-09,22,0,Clientes de baja actividad,3.1354942159291497
772,22,Male,Hawaii,Yes,0,35,1908.9,54.54,2022-01-04,2024-12-20,11,1,Clientes de alto valor activos,2.4849066497880004
773,18,Male,Illinois,Yes,0,41,2292.7,55.92,2022-01-26,2024-11-28,33,3,Clientes valiosos en riesgo,3.5263605246161616
774,29,Male,California,Yes,0,15,772.3,51.49,2022-02-19,2024-12-27,4,2,Clientes recientes en desarrollo,1.6094379124341003
775,42,Male,Nevada,Yes,0,12,553.3,46.11,2022-03-25,2024-10-24,68,0,Clientes de baja actividad,4.23410650459726
776,49,Male,Kentucky,Yes,0,9,386.8,42.98,2022-05-11,2024-07-16,168,0,Clientes de baja actividad,5.1298987149230735
777,49,Male,Alabama,Yes,0,9,507.4,56.38,2022-05-12,2024-11-21,40,0,Clientes de baja actividad,3.713572066704308
778,55,Male,Wyoming,Yes,0,38,1935.2,50.93,2022-02-12,2024-10-28,64,3,Clientes valiosos en riesgo,4.174387269895637
779,29,Male,Massachusetts,Yes,0,24,1308.8,54.53,2022-03-27,2024-12-20,11,2,Clientes recientes en desarrollo,2.4849066497880004
780,60,Male,Utah,Yes,0,39,2094.9,53.72,2022-01-13,2024-12-23,8,1,Clientes de alto valor activos,2.1972245773362196
781,34,Male,New York,Yes,1,39,2097.2,53.77,2022-06-19,2024-08-28,125,3,Clientes valiosos en riesgo,4.836281906951478
782,30,Male,Vermont,Yes,1,13,666.8,51.29,2022-01-28,2024-05-01,244,0,Clientes de baja actividad,5.501258210544727
783,28,Male,Hawaii,Yes,1,16,794.8,49.68,2022-04-27,2024-07-27,157,0,Clientes de baja actividad,5.062595033026967
784,63,Male,Louisiana,Yes,0,39,1938.2,49.7,2022-01-11,2024-12-28,3,1,Clientes de alto valor activos,1.3862943611198906
785,31,Male,Alabama,Yes,0,42,2224.9,52.97,2022-01-15,2024-12-20,11,1,Clientes de alto valor activos,2.4849066497880004
786,46,Male,Louisiana,Yes,0,38,2120.9,55.81,2022-01-16,2024-12-27,4,1,Clientes de alto valor activos,1.6094379124341003
787,70,Male,Indiana,Yes,0,17,844.3,49.66,2022-02-12,2024-09-02,120,0,Clientes de baja actividad,4.795790545596741
788,53,Male,Michigan,Yes,0,26,1276.9,49.11,2022-04-23,2024-11-09,52,3,Clientes valiosos en riesgo,3.970291913552122
789,50,Male,Rhode Island,Yes,0,19,979.4,51.55,2022-03-17,2024-11-30,31,0,Clientes de baja actividad,3.4657359027997265
790,33,Male,Idaho,Yes,1,5,254.8,50.96,2023-05-09,2024-06-07,207,0,Clientes de baja actividad,5.337538079701318
791,22,Male,Louisiana,Yes,0,13,675.8,51.98,2022-02-12,2024-08-25,128,0,Clientes de baja actividad,4.859812404361672
792,50,Male,North Carolina,Yes,0,36,1883.0,52.31,2022-01-02,2024-12-24,7,1,Clientes de alto valor activos,2.0794415416798357
793,34,Male,New Jersey,Yes,0,46,2403.8,52.26,2022-01-01,2024-12-27,4,1,Clientes de alto valor activos,1.6094379124341003
794,24,Male,Alabama,Yes,0,17,1036.6,60.98,2022-04-02,2024-12-30,1,2,Clientes recientes en desarrollo,0.6931471805599453
795,69,Male,Kentucky,Yes,0,11,433.5,39.41,2022-05-12,2024-11-28,33,0,Clientes de baja actividad,3.5263605246161616
796,39,Male,New York,Yes,0,35,1715.4,49.01,2022-03-19,2024-11-28,33,3,Clientes valiosos en riesgo,3.5263605246161616
797,42,Male,Arizona,Yes,0,44,2171.0,49.34,2022-05-08,2024-12-27,4,1,Clientes de alto valor activos,1.6094379124341003
798,42,Male,Maryland,Yes,0,39,1866.6,47.86,2022-02-02,2024-11-23,38,3,Clientes valiosos en riesgo,3.6635616461296463
799,29,Male,Alaska,Yes,0,49,2506.2,51.15,2022-01-16,2024-12-22,9,1,Clientes de alto valor activos,2.302585092994046
800,55,Male,Nevada,Yes,0,32,1564.3,48.88,2022-02-03,2024-12-20,11,3,Clientes valiosos en riesgo,2.4849066497880004
801,32,Male,Utah,Yes,0,21,1138.7,54.22,2022-01-01,2024-12-22,9,2,Clientes recientes en desarrollo,2.302585092994046
802,25,Male,New Mexico,Yes,0,13,602.8,46.37,2022-12-18,2024-12-29,2,2,Clientes recientes en desarrollo,1.0986122886681098
803,38,Male,Delaware,Yes,1,3,186.4,62.13,2024-04-30,2024-07-06,178,0,Clientes de baja actividad,5.187385805840755
804,32,Male,Connecticut,Yes,0,31,1514.0,48.84,2022-01-22,2024-12-23,8,1,Clientes de alto valor activos,2.1972245773362196
805,43,Male,Mississippi,Yes,0,29,1466.2,50.56,2022-01-21,2024-12-01,30,3,Clientes valiosos en riesgo,3.4339872044851463
806,41,Male,Connecticut,Yes,0,41,2507.7,61.16,2022-01-06,2024-12-31,0,1,Clientes de alto valor activos,0.0
807,56,Male,Florida,Yes,0,47,2559.8,54.46,2022-01-01,2024-12-23,8,1,Clientes de alto valor activos,2.1972245773362196
808,27,Male,New York,Yes,0,16,878.3,54.89,2022-03-12,2024-12-27,4,2,Clientes recientes en desarrollo,1.6094379124341003
809,46,Male,Wisconsin,Yes,0,39,2079.7,53.33,2022-01-11,2024-12-24,7,1,Clientes de alto valor activos,2.0794415416798357
810,48,Male,South Carolina,Yes,0,31,1636.0,52.77,2022-01-30,2024-12-26,5,1,Clientes de alto valor activos,1.791759469228055
811,52,Male,South Dakota,Yes,0,33,1792.8,54.33,2022-01-28,2024-12-20,11,3,Clientes valiosos en riesgo,2.4849066497880004
812,18,Male,Illinois,Yes,0,37,2088.9,56.46,2022-02-02,2024-12-20,11,1,Clientes de alto valor activos,2.4849066497880004
813,64,Male,Alaska,Yes,0,33,1689.2,51.19,2022-01-02,2024-12-20,11,3,Clientes valiosos en riesgo,2.4849066497880004
814,54,Male,Montana,Yes,0,15,822.3,54.82,2022-11-27,2024-12-28,3,2,Clientes recientes en desarrollo,1.3862943611198906
815,31,Male,Minnesota,Yes,0,9,331.6,36.84,2022-02-11,2024-11-21,40,0,Clientes de baja actividad,3.713572066704308
816,30,Male,West Virginia,Yes,0,28,1626.7,58.1,2022-01-01,2024-11-02,59,3,Clientes valiosos en riesgo,4.0943445622221
817,26,Male,Illinois,Yes,0,25,1384.0,55.36,2022-02-14,2024-11-29,32,3,Clientes valiosos en riesgo,3.4965075614664802
818,25,Male,Nevada,Yes,0,31,1601.1,51.65,2022-03-26,2024-12-26,5,1,Clientes de alto valor activos,1.791759469228055
819,59,Male,Idaho,Yes,0,35,1759.3,50.27,2022-05-13,2024-11-20,41,3,Clientes valiosos en riesgo,3.7376696182833684
820,55,Male,Colorado,Yes,0,29,1432.5,49.4,2022-03-05,2024-12-28,3,2,Clientes recientes en desarrollo,1.3862943611198906
821,56,Male,Louisiana,Yes,0,28,1429.7,51.06,2022-08-20,2024-12-29,2,2,Clientes recientes en desarrollo,1.0986122886681098
822,62,Male,Vermont,Yes,0,32,1680.0,52.5,2022-04-27,2024-12-20,11,3,Clientes valiosos en riesgo,2.4849066497880004
823,35,Male,Mississippi,Yes,0,24,1311.4,54.64,2022-03-06,2024-10-18,74,3,Clientes valiosos en riesgo,4.31748811353631
824,51,Male,Georgia,Yes,0,12,723.0,60.25,2022-01-01,2024-12-10,21,2,Clientes recientes en desarrollo,3.091042453358316
825,61,Male,Georgia,Yes,0,49,2720.3,55.52,2022-01-01,2024-12-22,9,1,Clientes de alto valor activos,2.302585092994046
826,27,Male,Nebraska,Yes,0,18,948.3,52.68,2022-03-22,2024-12-05,26,0,Clientes de baja actividad,3.295836866004329
827,54,Male,Massachusetts,Yes,0,37,1866.9,50.46,2022-02-01,2024-12-27,4,1,Clientes de alto valor activos,1.6094379124341003
828,31,Male,Colorado,Yes,0,34,1585.5,46.63,2022-01-15,2024-12-28,3,1,Clientes de alto valor activos,1.3862943611198906
829,24,Male,Nevada,Yes,0,28,1345.3,48.05,2022-03-03,2024-11-27,34,3,Clientes valiosos en riesgo,3.5553480614894135
830,42,Male,Idaho,Yes,0,15,805.4,53.69,2022-08-15,2024-12-15,16,2,Clientes recientes en desarrollo,2.833213344056216
831,41,Male,Wyoming,Yes,0,6,331.4,55.23,2022-03-21,2024-10-20,72,0,Clientes de baja actividad,4.290459441148391
832,66,Male,Washington,Yes,0,48,2682.2,55.88,2022-01-14,2024-12-28,3,1,Clientes de alto valor activos,1.3862943611198906
833,58,Male,California,Yes,0,29,1502.3,51.8,2022-01-23,2024-12-25,6,2,Clientes recientes en desarrollo,1.9459101490553132
834,43,Male,Oklahoma,Yes,0,12,652.6,54.38,2022-05-01,2024-11-20,41,0,Clientes de baja actividad,3.7376696182833684
835,52,Male,Nevada,Yes,0,19,879.2,46.27,2022-04-09,2024-12-17,14,2,Clientes recientes en desarrollo,2.70805020110221
836,35,Male,Maryland,Yes,0,22,1185.5,53.89,2022-09-02,2024-12-28,3,2,Clientes recientes en desarrollo,1.3862943611198906
837,23,Male,West Virginia,Yes,0,23,1195.6,51.98,2022-01-21,2024-12-02,29,3,Clientes valiosos en riesgo,3.4011973816621555
838,25,Male,Illinois,Yes,0,34,1629.1,47.91,2022-02-09,2024-12-18,13,3,Clientes valiosos en riesgo,2.6390573296152584
839,33,Male,Kentucky,Yes,0,50,2607.4,52.15,2022-02-04,2024-12-25,6,1,Clientes de alto valor activos,1.9459101490553132
840,48,Male,Illinois,Yes,0,11,577.9,52.54,2022-02-05,2024-12-21,10,2,Clientes recientes en desarrollo,2.3978952727983707
841,42,Male,Alabama,Yes,0,19,1042.4,54.86,2022-03-20,2024-12-25,6,2,Clientes recientes en desarrollo,1.9459101490553132
842,55,Male,Texas,Yes,0,29,1495.2,51.56,2022-01-14,2024-12-30,1,2,Clientes recientes en desarrollo,0.6931471805599453
843,59,Male,Missouri,Yes,0,26,1312.8,50.49,2022-01-29,2024-12-28,3,2,Clientes recientes en desarrollo,1.3862943611198906
844,65,Male,Pennsylvania,Yes,0,7,399.6,57.09,2022-04-23,2024-11-27,34,0,Clientes de baja actividad,3.5553480614894135
845,59,Male,Missouri,Yes,0,45,2259.0,50.2,2022-01-13,2024-12-27,4,1,Clientes de alto valor activos,1.6094379124341003
846,31,Male,Michigan,Yes,0,31,1613.2,52.04,2022-01-07,2024-12-22,9,1,Clientes de alto valor activos,2.302585092994046
847,49,Male,Kentucky,Yes,0,43,2217.7,51.57,2022-01-01,2024-11-29,32,3,Clientes valiosos en riesgo,3.4965075614664802
848,53,Male,New Jersey,Yes,0,31,1784.8,57.57,2022-04-03,2024-12-18,13,3,Clientes valiosos en riesgo,2.6390573296152584
849,48,Male,Delaware,Yes,0,34,1668.1,49.06,2022-02-06,2024-11-20,41,3,Clientes valiosos en riesgo,3.7376696182833684
850,23,Male,Missouri,Yes,0,25,1318.3,52.73,2022-02-05,2024-12-26,5,2,Clientes recientes en desarrollo,1.791759469228055
851,68,Male,Connecticut,Yes,0,14,666.2,47.59,2022-02-05,2024-09-11,111,0,Clientes de baja actividad,4.718498871295094
852,35,Male,Massachusetts,Yes,1,20,918.6,45.93,2022-03-04,2024-08-31,122,0,Clientes de baja actividad,4.812184355372417
853,34,Male,Florida,Yes,0,24,1145.3,47.72,2022-01-01,2024-12-28,3,2,Clientes recientes en desarrollo,1.3862943611198906
854,62,Male,Delaware,Yes,0,36,1858.0,51.61,2022-01-28,2024-12-29,2,1,Clientes de alto valor activos,1.0986122886681098
855,21,Male,California,Yes,0,23,1099.8,47.82,2022-01-17,2024-11-28,33,3,Clientes valiosos en riesgo,3.5263605246161616
856,70,Male,Oregon,Yes,0,15,892.1,59.47,2022-02-13,2024-11-29,32,0,Clientes de baja actividad,3.4965075614664802
857,55,Male,Alaska,Yes,0,48,2702.8,56.31,2022-02-17,2024-12-28,3,1,Clientes de alto valor activos,1.3862943611198906
858,43,Male,Missouri,Yes,0,51,2476.4,48.56,2022-01-13,2024-12-27,4,1,Clientes de alto valor activos,1.6094379124341003
859,19,Male,Oklahoma,Yes,0,34,1840.8,54.14,2022-01-01,2024-12-20,11,1,Clientes de alto valor activos,2.4849066497880004
860,47,Male,Wisconsin,Yes,0,8,411.4,51.42,2023-01-02,2024-07-22,162,0,Clientes de baja actividad,5.093750200806762
861,26,Male,South Carolina,Yes,0,4,190.9,47.72,2023-04-22,2024-09-24,98,0,Clientes de baja actividad,4.59511985013459
862,46,Male,Virginia,Yes,0,36,1794.3,49.84,2022-02-05,2024-12-30,1,1,Clientes de alto valor activos,0.6931471805599453
863,19,Male,Arkansas,Yes,0,14,763.5,54.54,2022-09-07,2024-11-26,35,0,Clientes de baja actividad,3.58351893845611
864,49,Male,Vermont,Yes,0,43,2185.8,50.83,2022-01-18,2024-11-30,31,3,Clientes valiosos en riesgo,3.4657359027997265
865,51,Male,Kentucky,Yes,0,6,316.1,52.68,2022-05-06,2024-05-09,236,0,Clientes de baja actividad,5.4680601411351315
866,64,Male,Colorado,Yes,0,24,1239.7,51.65,2022-05-02,2024-12-26,5,2,Clientes recientes en desarrollo,1.791759469228055
867,67,Male,New Mexico,Yes,0,12,675.9,56.32,2022-06-28,2024-12-22,9,2,Clientes recientes en desarrollo,2.302585092994046
868,37,Male,Colorado,Yes,1,24,1187.5,49.48,2022-02-14,2024-09-03,119,0,Clientes de baja actividad,4.787491742782046
869,40,Male,North Carolina,Yes,0,3,249.8,83.27,2023-06-18,2024-12-26,5,2,Clientes recientes en desarrollo,1.791759469228055
870,38,Male,New Hampshire,Yes,0,34,1645.6,48.4,2022-03-03,2024-10-27,65,3,Clientes valiosos en riesgo,4.189654742026425
871,66,Male,West Virginia,Yes,0,7,325.0,46.43,2022-04-26,2024-06-20,194,0,Clientes de baja actividad,5.272999558563747
872,47,Male,Hawaii,Yes,1,46,2240.2,48.7,2022-03-09,2024-09-04,118,3,Clientes valiosos en riesgo,4.77912349311153
873,56,Male,North Dakota,Yes,0,26,1243.0,47.81,2022-01-07,2024-12-20,11,2,Clientes recientes en desarrollo,2.4849066497880004
874,51,Male,Mississippi,Yes,0,25,1506.6,60.26,2022-01-01,2024-12-21,10,2,Clientes recientes en desarrollo,2.3978952727983707
875,25,Male,Maine,Yes,0,11,651.0,59.18,2022-01-08,2024-12-15,16,2,Clientes recientes en desarrollo,2.833213344056216
876,37,Male,North Dakota,Yes,0,8,336.0,42.0,2022-09-01,2024-12-22,9,2,Clientes recientes en desarrollo,2.302585092994046
877,41,Male,Nebraska,Yes,1,2,82.4,41.2,2023-07-07,2023-07-29,521,0,Clientes de baja actividad,6.257667587882639
878,64,Male,Nebraska,Yes,0,46,2299.1,49.98,2022-01-01,2024-11-30,31,3,Clientes valiosos en riesgo,3.4657359027997265
879,23,Male,Tennessee,Yes,1,38,1878.8,49.44,2022-02-07,2024-10-19,73,3,Clientes valiosos en riesgo,4.30406509320417
880,62,Male,Wyoming,Yes,1,15,756.2,50.41,2022-02-02,2024-07-04,180,0,Clientes de baja actividad,5.198497031265826
881,39,Male,Nevada,Yes,0,26,1261.0,48.5,2022-01-01,2024-11-25,36,3,Clientes valiosos en riesgo,3.6109179126442243
882,52,Male,South Carolina,Yes,0,19,909.3,47.86,2022-01-29,2024-11-25,36,0,Clientes de baja actividad,3.6109179126442243
883,50,Male,Virginia,Yes,0,38,2149.9,56.58,2022-01-26,2024-12-22,9,1,Clientes de alto valor activos,2.302585092994046
884,28,Male,Pennsylvania,Yes,0,31,1654.4,53.37,2022-03-10,2024-11-26,35,3,Clientes valiosos en riesgo,3.58351893845611
885,67,Male,Hawaii,Yes,0,35,1850.6,52.87,2022-01-06,2024-10-30,62,3,Clientes valiosos en riesgo,4.143134726391533
886,41,Male,Ohio,Yes,0,50,2563.9,51.28,2022-01-11,2024-12-21,10,1,Clientes de alto valor activos,2.3978952727983707
887,19,Male,Utah,Yes,0,49,2272.1,46.37,2022-01-01,2024-12-28,3,1,Clientes de alto valor activos,1.3862943611198906
888,70,Male,Minnesota,Yes,0,34,1652.4,48.6,2022-03-02,2024-11-11,50,3,Clientes valiosos en riesgo,3.9318256327243257
889,49,Male,New Hampshire,Yes,0,45,2347.5,52.17,2022-03-18,2024-12-29,2,1,Clientes de alto valor activos,1.0986122886681098
890,59,Male,Arizona,Yes,0,51,2449.5,48.03,2022-03-25,2024-12-27,4,1,Clientes de alto valor activos,1.6094379124341003
891,52,Male,New York,Yes,0,48,2264.3,47.17,2022-04-17,2024-12-18,13,1,Clientes de alto valor activos,2.6390573296152584
892,20,Male,Pennsylvania,Yes,0,25,1389.3,55.57,2022-01-08,2024-11-28,33,3,Clientes valiosos en riesgo,3.5263605246161616
893,31,Male,New Mexico,Yes,0,44,2396.0,54.45,2022-01-14,2024-12-31,0,1,Clientes de alto valor activos,0.0
894,33,Male,Nebraska,Yes,0,15,817.8,54.52,2022-01-01,2024-12-18,13,2,Clientes recientes en desarrollo,2.6390573296152584
895,44,Male,Wyoming,Yes,0,4,184.3,46.08,2022-07-23,2024-12-15,16,2,Clientes recientes en desarrollo,2.833213344056216
896,40,Male,Mississippi,Yes,1,34,1785.7,52.52,2022-01-01,2024-10-05,87,3,Clientes valiosos en riesgo,4.477336814478207
897,69,Male,Arkansas,Yes,0,39,2141.5,54.91,2022-02-12,2024-12-28,3,1,Clientes de alto valor activos,1.3862943611198906
898,29,Male,Illinois,Yes,0,47,2417.1,51.43,2022-02-04,2024-12-25,6,1,Clientes de alto valor activos,1.9459101490553132
899,54,Male,Nevada,Yes,0,20,1142.2,57.11,2022-02-09,2024-12-29,2,2,Clientes recientes en desarrollo,1.0986122886681098
900,65,Male,Rhode Island,Yes,0,21,1283.0,61.1,2022-05-28,2024-11-23,38,0,Clientes de baja actividad,3.6635616461296463
901,54,Male,West Virginia,Yes,0,43,2250.1,52.33,2022-01-01,2024-12-26,5,1,Clientes de alto valor activos,1.791759469228055
902,60,Male,Missouri,Yes,0,35,1766.2,50.46,2022-01-01,2024-12-31,0,1,Clientes de alto valor activos,0.0
903,43,Male,Kentucky,Yes,0,6,335.7,55.95,2022-04-01,2024-08-12,141,0,Clientes de baja actividad,4.955827057601261
904,44,Male,Washington,Yes,1,4,206.1,51.52,2023-03-18,2024-03-10,296,0,Clientes de baja actividad,5.6937321388027
905,69,Male,Alaska,Yes,0,47,2257.1,48.02,2022-01-30,2024-12-12,19,3,Clientes valiosos en riesgo,2.995732273553991
906,46,Male,Mississippi,Yes,0,17,1005.4,59.14,2022-01-17,2024-11-29,32,0,Clientes de baja actividad,3.4965075614664802
907,41,Male,South Carolina,Yes,0,22,1221.6,55.53,2022-03-17,2024-11-29,32,3,Clientes valiosos en riesgo,3.4965075614664802
908,32,Male,Missouri,Yes,0,35,1904.2,54.41,2022-01-23,2024-12-21,10,1,Clientes de alto valor activos,2.3978952727983707
909,26,Male,New Jersey,Yes,0,10,473.7,47.37,2022-03-16,2024-09-08,114,0,Clientes de baja actividad,4.74493212836325
910,61,Male,Louisiana,Yes,0,37,2059.7,55.67,2022-02-14,2024-12-29,2,1,Clientes de alto valor activos,1.0986122886681098
911,49,Male,South Carolina,Yes,0,23,1160.7,50.47,2022-04-15,2024-12-15,16,2,Clientes recientes en desarrollo,2.833213344056216
912,53,Male,Vermont,Yes,0,3,237.0,79.0,2022-10-21,2024-12-23,8,2,Clientes recientes en desarrollo,2.1972245773362196
913,24,Male,Arkansas,Yes,0,33,1898.7,57.54,2022-03-23,2024-12-27,4,1,Clientes de alto valor activos,1.6094379124341003
914,37,Male,Utah,Yes,0,30,1571.7,52.39,2022-01-01,2024-11-30,31,3,Clientes valiosos en riesgo,3.4657359027997265
915,43,Male,Washington,Yes,1,28,1505.6,53.77,2022-04-02,2024-08-22,131,3,Clientes valiosos en riesgo,4.882801922586371
916,31,Male,Rhode Island,Yes,0,34,1596.2,46.95,2022-01-19,2024-11-18,43,3,Clientes valiosos en riesgo,3.784189633918261
917,49,Male,Illinois,Yes,0,17,1060.6,62.39,2022-03-18,2024-12-26,5,2,Clientes recientes en desarrollo,1.791759469228055
918,69,Male,Missouri,Yes,0,12,678.9,56.58,2022-01-01,2024-12-21,10,2,Clientes recientes en desarrollo,2.3978952727983707
919,65,Male,North Carolina,Yes,0,12,709.0,59.08,2022-05-03,2024-11-26,35,0,Clientes de baja actividad,3.58351893845611
920,41,Male,Massachusetts,Yes,0,18,898.8,49.93,2022-04-22,2024-12-22,9,2,Clientes recientes en desarrollo,2.302585092994046
921,37,Male,Arkansas,Yes,0,38,2021.6,53.2,2022-07-02,2024-12-23,8,1,Clientes de alto valor activos,2.1972245773362196
922,70,Male,South Dakota,Yes,0,19,1028.1,54.11,2022-07-21,2024-12-05,26,2,Clientes recientes en desarrollo,3.295836866004329
923,63,Male,Georgia,Yes,0,14,662.7,47.34,2022-05-15,2024-12-27,4,2,Clientes recientes en desarrollo,1.6094379124341003
924,55,Male,Arkansas,Yes,0,8,470.9,58.86,2022-08-25,2024-11-24,37,0,Clientes de baja actividad,3.6375861597263857
925,52,Male,Kansas,Yes,0,38,2055.0,54.08,2022-02-18,2024-12-27,4,1,Clientes de alto valor activos,1.6094379124341003
926,22,Male,Arizona,Yes,0,9,502.4,55.82,2022-02-11,2024-12-27,4,2,Clientes recientes en desarrollo,1.6094379124341003
927,54,Male,Massachusetts,Yes,0,12,587.5,48.96,2022-10-31,2024-12-25,6,2,Clientes recientes en desarrollo,1.9459101490553132
928,28,Male,New Mexico,Yes,1,9,553.7,61.52,2022-01-09,2024-03-16,290,0,Clientes de baja actividad,5.673323267171493
929,67,Male,Arkansas,Yes,0,32,1581.0,49.41,2022-02-01,2024-11-26,35,3,Clientes valiosos en riesgo,3.58351893845611
930,59,Male,Nebraska,Yes,1,27,1440.1,53.34,2022-03-17,2024-08-26,127,3,Clientes valiosos en riesgo,4.852030263919617
931,26,Male,Hawaii,Yes,0,21,1056.4,50.3,2022-01-26,2024-10-31,61,0,Clientes de baja actividad,4.127134385045092
932,24,Male,Nebraska,Yes,0,25,1175.8,47.03,2022-02-07,2024-11-11,50,3,Clientes valiosos en riesgo,3.9318256327243257
933,62,Male,Indiana,Yes,0,46,2360.1,51.31,2022-01-30,2024-12-22,9,1,Clientes de alto valor activos,2.302585092994046
934,70,Male,Colorado,Yes,0,34,1789.9,52.64,2022-01-06,2024-12-29,2,1,Clientes de alto valor activos,1.0986122886681098
935,45,Male,Oregon,Yes,0,22,1018.3,46.29,2022-02-05,2024-12-05,26,3,Clientes valiosos en riesgo,3.295836866004329
936,58,Male,Ohio,Yes,0,3,150.2,50.07,2023-03-26,2024-10-09,83,0,Clientes de baja actividad,4.430816798843313
937,31,Male,Maine,Yes,0,29,1418.9,48.93,2022-07-04,2024-12-22,9,2,Clientes recientes en desarrollo,2.302585092994046
938,32,Male,Iowa,Yes,0,19,1049.1,55.22,2022-02-13,2024-12-24,7,2,Clientes recientes en desarrollo,2.0794415416798357
939,36,Male,Wisconsin,Yes,0,22,1235.6,56.16,2022-03-01,2024-12-30,1,2,Clientes recientes en desarrollo,0.6931471805599453
940,25,Male,New York,Yes,0,25,1311.3,52.45,2022-06-04,2024-11-29,32,3,Clientes valiosos en riesgo,3.4965075614664802
941,48,Male,Colorado,Yes,0,16,709.6,44.35,2022-02-05,2024-12-30,1,2,Clientes recientes en desarrollo,0.6931471805599453
942,39,Male,Illinois,Yes,0,39,2197.0,56.33,2022-01-01,2024-12-30,1,1,Clientes de alto valor activos,0.6931471805599453
943,26,Male,Arizona,Yes,0,39,2159.9,55.38,2022-01-20,2024-12-28,3,1,Clientes de alto valor activos,1.3862943611198906
944,32,Male,Oklahoma,Yes,0,14,581.8,41.56,2022-03-01,2024-10-27,65,0,Clientes de baja actividad,4.189654742026425
945,54,Male,Indiana,Yes,0,40,2335.8,58.4,2022-01-16,2024-12-12,19,3,Clientes valiosos en riesgo,2.995732273553991
946,38,Male,Minnesota,Yes,0,9,513.1,57.01,2022-02-12,2024-12-17,14,2,Clientes recientes en desarrollo,2.70805020110221
947,46,Male,Pennsylvania,Yes,0,5,274.0,54.8,2022-01-15,2024-08-10,143,0,Clientes de baja actividad,4.969813299576001
948,57,Male,Indiana,Yes,0,7,348.3,49.76,2022-07-23,2024-05-31,214,0,Clientes de baja actividad,5.3706380281276624
949,49,Male,Alabama,Yes,0,12,715.3,59.61,2022-05-08,2024-12-05,26,0,Clientes de baja actividad,3.295836866004329
950,33,Male,Montana,Yes,0,50,2407.6,48.15,2022-05-09,2024-12-30,1,1,Clientes de alto valor activos,0.6931471805599453
951,54,Male,New Mexico,Yes,0,31,1473.2,47.52,2022-01-21,2024-11-03,58,3,Clientes valiosos en riesgo,4.07753744390572
952,47,Male,Alaska,Yes,0,35,2105.7,60.16,2022-01-01,2024-12-27,4,1,Clientes de alto valor activos,1.6094379124341003
953,36,Male,Idaho,Yes,0,29,1558.0,53.72,2022-01-01,2024-12-20,11,2,Clientes recientes en desarrollo,2.4849066497880004
954,68,Male,Utah,Yes,0,37,1968.3,53.2,2022-01-01,2024-12-27,4,1,Clientes de alto valor activos,1.6094379124341003
955,60,Male,Louisiana,Yes,0,19,902.0,47.47,2022-01-01,2024-09-07,115,0,Clientes de baja actividad,4.7535901911063645
956,55,Male,Mississippi,Yes,0,5,222.3,44.46,2022-04-16,2024-10-25,67,0,Clientes de baja actividad,4.219507705176107
957,29,Male,Mississippi,Yes,0,43,2414.5,56.15,2022-04-02,2024-12-10,21,3,Clientes valiosos en riesgo,3.091042453358316
958,38,Male,Indiana,Yes,1,12,511.5,42.62,2022-04-06,2024-07-04,180,0,Clientes de baja actividad,5.198497031265826
959,70,Male,Washington,Yes,0,32,1607.5,50.23,2022-03-04,2024-11-28,33,3,Clientes valiosos en riesgo,3.5263605246161616
960,36,Male,Nevada,Yes,0,13,563.7,43.36,2022-01-01,2024-12-20,11,2,Clientes recientes en desarrollo,2.4849066497880004
961,18,Male,Louisiana,Yes,0,21,1053.9,50.19,2022-02-13,2024-10-05,87,0,Clientes de baja actividad,4.477336814478207
962,62,Male,Pennsylvania,Yes,0,38,2085.2,54.87,2022-03-18,2024-12-21,10,1,Clientes de alto valor activos,2.3978952727983707
963,29,Male,Michigan,Yes,0,27,1491.0,55.22,2022-03-12,2024-12-20,11,2,Clientes recientes en desarrollo,2.4849066497880004
964,21,Male,South Carolina,Yes,0,15,878.6,58.57,2022-01-22,2024-12-30,1,2,Clientes recientes en desarrollo,0.6931471805599453
965,42,Male,Arizona,Yes,0,13,609.9,46.92,2022-04-04,2024-08-27,126,0,Clientes de baja actividad,4.844187086458591
966,43,Male,Delaware,Yes,0,11,444.1,40.37,2022-08-15,2024-11-19,42,0,Clientes de baja actividad,3.7612001156935624
967,58,Male,Kentucky,Yes,0,20,1085.3,54.26,2022-01-22,2024-12-31,0,2,Clientes recientes en desarrollo,0.0
968,27,Male,Georgia,Yes,0,5,187.8,37.56,2022-04-17,2024-06-26,188,0,Clientes de baja actividad,5.241747015059643
969,57,Male,North Carolina,Yes,0,49,2757.0,56.27,2022-02-05,2024-11-26,35,3,Clientes valiosos en riesgo,3.58351893845611
970,40,Male,California,Yes,0,38,1929.5,50.78,2022-01-01,2024-12-27,4,1,Clientes de alto valor activos,1.6094379124341003
971,45,Male,California,Yes,0,5,247.6,49.52,2022-05-13,2024-05-01,244,0,Clientes de baja actividad,5.501258210544727
972,47,Male,Indiana,Yes,0,16,883.2,55.2,2022-03-05,2024-12-22,9,2,Clientes recientes en desarrollo,2.302585092994046
973,61,Male,Colorado,Yes,0,34,1620.2,47.65,2022-01-22,2024-12-13,18,3,Clientes valiosos en riesgo,2.9444389791664403
974,60,Male,Colorado,Yes,0,31,1734.0,55.94,2022-01-07,2024-12-31,0,1,Clientes de alto valor activos,0.0
975,69,Male,North Carolina,Yes,0,24,1098.7,45.78,2022-05-06,2024-10-24,68,3,Clientes valiosos en riesgo,4.23410650459726
976,58,Male,Washington,Yes,0,3,117.5,39.17,2023-03-10,2024-07-05,179,0,Clientes de baja actividad,5.19295685089021
977,34,Male,Florida,Yes,0,51,2381.9,46.7,2022-01-02,2024-12-26,5,1,Clientes de alto valor activos,1.791759469228055
978,20,Male,Washington,Yes,0,35,1605.2,45.86,2022-01-01,2024-12-29,2,1,Clientes de alto valor activos,1.0986122886681098
979,56,Male,Colorado,Yes,0,34,1855.1,54.56,2022-01-16,2024-12-26,5,1,Clientes de alto valor activos,1.791759469228055
980,64,Male,New Hampshire,Yes,0,35,1634.5,46.7,2022-01-15,2024-12-23,8,1,Clientes de alto valor activos,2.1972245773362196
981,56,Male,Maryland,Yes,0,40,1875.7,46.89,2022-03-05,2024-12-24,7,1,Clientes de alto valor activos,2.0794415416798357
982,27,Male,Maryland,Yes,1,48,2374.2,49.46,2022-01-12,2024-11-01,60,3,Clientes valiosos en riesgo,4.110873864173311
983,35,Male,Texas,Yes,1,38,2032.8,53.49,2022-04-02,2024-08-29,124,3,Clientes valiosos en riesgo,4.8283137373023015
984,24,Male,New Mexico,Yes,0,41,1911.5,46.62,2022-02-10,2024-11-23,38,3,Clientes valiosos en riesgo,3.6635616461296463
985,26,Male,Utah,Yes,0,9,438.0,48.67,2022-06-19,2024-08-25,128,0,Clientes de baja actividad,4.859812404361672
986,32,Male,West Virginia,Yes,0,13,460.1,35.39,2022-05-12,2024-12-15,16,2,Clientes recientes en desarrollo,2.833213344056216
987,54,Male,Connecticut,Yes,0,37,1973.7,53.34,2022-02-10,2024-12-26,5,1,Clientes de alto valor activos,1.791759469228055
988,62,Male,West Virginia,Yes,0,49,2452.9,50.06,2022-02-01,2024-12-26,5,1,Clientes de alto valor activos,1.791759469228055
989,50,Male,Ohio,Yes,0,48,2511.5,52.32,2022-01-28,2024-12-25,6,1,Clientes de alto valor activos,1.9459101490553132
990,70,Male,Texas,Yes,0,3,176.2,58.73,2022-04-24,2024-07-04,180,0,Clientes de baja actividad,5.198497031265826
991,48,Male,Washington,Yes,0,25,1320.5,52.82,2022-02-10,2024-12-18,13,2,Clientes recientes en desarrollo,2.6390573296152584
992,20,Male,Wisconsin,Yes,0,41,1948.8,47.53,2022-01-20,2024-12-10,21,3,Clientes valiosos en riesgo,3.091042453358316
993,46,Male,Louisiana,Yes,0,51,2663.3,52.22,2022-02-09,2024-12-26,5,1,Clientes de alto valor activos,1.791759469228055
994,51,Male,Iowa,Yes,1,26,1402.2,53.93,2022-03-05,2024-08-31,122,3,Clientes valiosos en riesgo,4.812184355372417
995,53,Male,New York,Yes,0,21,1053.3,50.16,2022-04-17,2024-12-22,9,2,Clientes recientes en desarrollo,2.302585092994046
996,44,Male,Idaho,Yes,0,11,530.9,48.26,2022-02-13,2024-06-28,186,0,Clientes de baja actividad,5.231108616854587
997,29,Male,Delaware,Yes,0,33,1712.3,51.89,2022-01-01,2024-12-22,9,1,Clientes de alto valor activos,2.302585092994046
998,64,Male,Kentucky,Yes,0,32,1715.1,53.6,2022-03-13,2024-12-25,6,1,Clientes de alto valor activos,1.9459101490553132
999,51,Male,Connecticut,Yes,0,49,2335.9,47.67,2022-02-02,2024-12-25,6,1,Clientes de alto valor activos,1.9459101490553132
1000,50,Male,New Mexico,Yes,0,24,1369.6,57.07,2022-01-12,2024-12-28,3,2,Clientes recientes en desarrollo,1.3862943611198906
1001,43,Male,Georgia,Yes,0,2,65.3,32.65,2022-03-08,2024-05-03,242,0,Clientes de baja actividad,5.493061443340548
1002,61,Male,Washington,Yes,0,5,207.9,41.58,2022-04-04,2024-08-14,139,0,Clientes de baja actividad,4.941642422609304
1003,55,Male,North Dakota,Yes,0,4,262.9,65.72,2024-01-11,2024-11-25,36,0,Clientes de baja actividad,3.6109179126442243
1004,56,Male,Ohio,Yes,0,4,201.8,50.45,2022-06-19,2024-09-20,102,0,Clientes de baja actividad,4.634728988229636
1005,33,Male,Tennessee,Yes,0,45,2386.5,53.03,2022-01-15,2024-11-26,35,3,Clientes valiosos en riesgo,3.58351893845611
1006,43,Male,New York,Yes,0,6,418.7,69.78,2022-12-23,2024-10-11,81,0,Clientes de baja actividad,4.406719247264253
1007,21,Male,Michigan,Yes,0,51,2537.2,49.75,2022-03-09,2024-12-28,3,1,Clientes de alto valor activos,1.3862943611198906
1008,58,Male,Georgia,Yes,0,3,157.2,52.4,2022-07-23,2024-07-23,161,0,Clientes de baja actividad,5.087596335232384
1009,41,Male,New Mexico,Yes,0,30,1670.0,55.67,2022-04-09,2024-12-20,11,3,Clientes valiosos en riesgo,2.4849066497880004
1010,39,Male,Louisiana,Yes,0,12,811.0,67.58,2022-02-14,2024-11-26,35,0,Clientes de baja actividad,3.58351893845611
1011,54,Male,South Dakota,Yes,0,38,1784.5,46.96,2022-01-30,2024-12-29,2,1,Clientes de alto valor activos,1.0986122886681098
1012,43,Male,Montana,Yes,0,33,1414.3,42.86,2022-04-08,2024-12-20,11,3,Clientes valiosos en riesgo,2.4849066497880004
1013,28,Male,New Mexico,Yes,0,28,1661.1,59.32,2022-06-01,2024-11-22,39,3,Clientes valiosos en riesgo,3.6888794541139363
1014,59,Male,South Carolina,Yes,0,32,1550.0,48.44,2022-01-21,2024-12-15,16,3,Clientes valiosos en riesgo,2.833213344056216
1015,28,Male,Ohio,Yes,0,37,1897.7,51.29,2022-01-22,2024-12-21,10,1,Clientes de alto valor activos,2.3978952727983707
1016,68,Male,North Carolina,Yes,0,35,2029.7,57.99,2022-07-17,2024-12-27,4,1,Clientes de alto valor activos,1.6094379124341003
1017,20,Male,Idaho,Yes,0,16,804.3,50.27,2022-03-12,2024-08-31,122,0,Clientes de baja actividad,4.812184355372417
1018,21,Male,Oklahoma,Yes,1,15,720.7,48.05,2022-02-14,2024-08-03,150,0,Clientes de baja actividad,5.017279836814924
1019,50,Male,Georgia,Yes,0,47,2424.9,51.59,2022-01-01,2024-12-27,4,1,Clientes de alto valor activos,1.6094379124341003
1020,32,Male,Kentucky,Yes,0,34,1651.5,48.57,2022-01-01,2024-12-15,16,3,Clientes valiosos en riesgo,2.833213344056216
1021,24,Male,Delaware,Yes,0,42,2327.8,55.42,2022-02-06,2024-12-20,11,1,Clientes de alto valor activos,2.4849066497880004
1022,55,Male,Massachusetts,Yes,0,40,2341.8,58.54,2022-01-23,2024-12-27,4,1,Clientes de alto valor activos,1.6094379124341003
1023,61,Male,Nebraska,Yes,1,8,349.8,43.72,2022-11-26,2024-06-07,207,0,Clientes de baja actividad,5.337538079701318
1024,61,Male,Maine,Yes,0,30,1582.2,52.74,2022-03-12,2024-12-01,30,3,Clientes valiosos en riesgo,3.4339872044851463
1025,28,Male,Pennsylvania,Yes,0,19,1042.5,54.87,2022-01-29,2024-11-21,40,0,Clientes de baja actividad,3.713572066704308
1026,60,Male,Nebraska,Yes,0,16,901.0,56.31,2022-02-02,2024-12-01,30,0,Clientes de baja actividad,3.4339872044851463
1027,49,Male,Virginia,Yes,0,40,2164.7,54.12,2022-01-01,2024-12-30,1,1,Clientes de alto valor activos,0.6931471805599453
1028,33,Male,Ohio,Yes,0,12,526.8,43.9,2022-03-04,2024-11-29,32,0,Clientes de baja actividad,3.4965075614664802
1029,45,Male,Nebraska,Yes,0,5,183.0,36.6,2022-10-06,2024-09-01,121,0,Clientes de baja actividad,4.804021044733257
1030,29,Male,Ohio,Yes,0,34,1906.3,56.07,2022-03-30,2024-11-27,34,3,Clientes valiosos en riesgo,3.5553480614894135
1031,58,Male,Kentucky,Yes,0,38,2059.2,54.19,2022-01-01,2024-12-23,8,1,Clientes de alto valor activos,2.1972245773362196
1032,22,Male,Tennessee,Yes,0,33,1836.6,55.65,2022-04-02,2024-12-01,30,3,Clientes valiosos en riesgo,3.4339872044851463
1033,55,Male,Maine,Yes,0,45,2068.3,45.96,2022-02-13,2024-12-27,4,1,Clientes de alto valor activos,1.6094379124341003
1034,19,Male,Montana,Yes,1,42,1995.6,47.51,2022-02-05,2024-10-31,61,3,Clientes valiosos en riesgo,4.127134385045092
1035,68,Male,Maryland,Yes,0,45,2216.7,49.26,2022-01-02,2024-12-28,3,1,Clientes de alto valor activos,1.3862943611198906
1036,61,Male,Georgia,Yes,0,33,1866.7,56.57,2022-02-14,2024-12-23,8,1,Clientes de alto valor activos,2.1972245773362196
1037,68,Male,Hawaii,Yes,0,14,653.4,46.67,2022-03-04,2024-09-12,110,0,Clientes de baja actividad,4.709530201312334
1038,52,Male,Rhode Island,Yes,0,49,2490.7,50.83,2022-02-13,2024-11-22,39,3,Clientes valiosos en riesgo,3.6888794541139363
1039,41,Male,Nebraska,Yes,0,4,161.6,40.4,2022-06-17,2024-07-18,166,0,Clientes de baja actividad,5.117993812416755
1040,29,Male,Michigan,Yes,0,40,2237.3,55.93,2022-01-22,2024-12-27,4,1,Clientes de alto valor activos,1.6094379124341003
1041,68,Male,North Carolina,Yes,0,8,418.4,52.3,2022-09-05,2024-08-24,129,0,Clientes de baja actividad,4.867534450455582
1042,36,Male,Minnesota,Yes,0,12,627.5,52.29,2022-06-03,2024-11-22,39,0,Clientes de baja actividad,3.6888794541139363
1043,55,Male,Maryland,Yes,0,48,2367.0,49.31,2022-01-14,2024-12-26,5,1,Clientes de alto valor activos,1.791759469228055
1044,28,Male,Hawaii,Yes,0,29,1512.4,52.15,2022-01-05,2024-12-21,10,2,Clientes recientes en desarrollo,2.3978952727983707
1045,39,Male,Oregon,Yes,0,18,787.8,43.77,2022-05-10,2024-11-30,31,0,Clientes de baja actividad,3.4657359027997265
1046,54,Male,New Mexico,Yes,0,12,515.2,42.93,2022-05-07,2024-12-15,16,2,Clientes recientes en desarrollo,2.833213344056216
1047,40,Male,Illinois,Yes,0,13,576.7,44.36,2022-03-24,2024-08-24,129,0,Clientes de baja actividad,4.867534450455582
1048,31,Male,Utah,Yes,0,8,437.5,54.69,2022-12-07,2024-11-29,32,0,Clientes de baja actividad,3.4965075614664802
1049,30,Male,Maine,Yes,0,20,1097.8,54.89,2022-10-12,2024-12-20,11,2,Clientes recientes en desarrollo,2.4849066497880004
1050,45,Male,Virginia,Yes,0,25,1339.2,53.57,2022-04-04,2024-12-31,0,2,Clientes recientes en desarrollo,0.0
1051,48,Male,Florida,Yes,0,20,926.0,46.3,2022-03-29,2024-09-30,92,0,Clientes de baja actividad,4.532599493153256
1052,45,Male,Ohio,Yes,0,40,2064.5,51.61,2022-02-12,2024-12-29,2,1,Clientes de alto valor activos,1.0986122886681098
1053,60,Male,Virginia,Yes,0,2,125.7,62.85,2023-03-04,2024-09-05,117,0,Clientes de baja actividad,4.770684624465665
1054,59,Male,Kansas,No,0,11,489.0,44.45,2022-04-04,2024-08-30,123,0,Clientes de baja actividad,4.820281565605037
1055,18,Male,Arkansas,No,0,49,2458.7,50.18,2022-02-01,2024-11-29,32,3,Clientes valiosos en riesgo,3.4965075614664802
1056,70,Male,Massachusetts,No,1,25,1322.7,52.91,2022-02-02,2024-08-30,123,0,Clientes de baja actividad,4.820281565605037
1057,20,Male,Idaho,No,0,43,2423.8,56.37,2022-01-01,2024-12-28,3,1,Clientes de alto valor activos,1.3862943611198906
1058,65,Male,Wisconsin,No,0,21,1021.7,48.65,2022-02-04,2024-12-29,2,2,Clientes recientes en desarrollo,1.0986122886681098
1059,29,Male,New Mexico,No,0,50,2351.6,47.03,2022-01-16,2024-11-23,38,3,Clientes valiosos en riesgo,3.6635616461296463
1060,22,Male,North Carolina,No,0,26,1233.8,47.45,2022-01-22,2024-12-23,8,2,Clientes recientes en desarrollo,2.1972245773362196
1061,27,Male,Iowa,No,0,22,1118.8,50.85,2022-01-01,2024-12-20,11,2,Clientes recientes en desarrollo,2.4849066497880004
1062,36,Male,Idaho,No,0,13,714.8,54.98,2022-06-16,2024-12-21,10,2,Clientes recientes en desarrollo,2.3978952727983707
1063,59,Male,Ohio,No,1,22,963.7,43.8,2022-02-05,2024-08-29,124,0,Clientes de baja actividad,4.8283137373023015
1064,62,Male,Alabama,No,0,36,1677.1,46.59,2022-01-01,2024-12-01,30,3,Clientes valiosos en riesgo,3.4339872044851463
1065,34,Male,Wyoming,No,0,43,2263.2,52.63,2022-01-14,2024-12-20,11,1,Clientes de alto valor activos,2.4849066497880004
1066,59,Male,Alabama,No,0,4,231.8,57.95,2022-06-18,2024-12-31,0,2,Clientes recientes en desarrollo,0.0
1067,49,Male,Mississippi,No,0,12,730.8,60.9,2022-04-28,2024-11-30,31,0,Clientes de baja actividad,3.4657359027997265
1068,18,Male,Pennsylvania,No,0,23,1303.9,56.69,2022-03-04,2024-10-12,80,0,Clientes de baja actividad,4.394449154672439
1069,55,Male,Wyoming,No,0,48,2617.8,54.54,2022-01-16,2024-12-28,3,1,Clientes de alto valor activos,1.3862943611198906
1070,38,Male,Maryland,No,0,34,1858.9,54.67,2022-04-04,2024-12-21,10,1,Clientes de alto valor activos,2.3978952727983707
1071,50,Male,North Carolina,No,0,51,2782.9,54.57,2022-01-01,2024-12-18,13,1,Clientes de alto valor activos,2.6390573296152584
1072,61,Male,Pennsylvania,No,0,47,2354.3,50.09,2022-01-09,2024-12-22,9,1,Clientes de alto valor activos,2.302585092994046
1073,48,Male,Idaho,No,1,35,1623.8,46.39,2022-02-15,2024-08-21,132,3,Clientes valiosos en riesgo,4.890349128221754
1074,22,Male,California,No,0,34,1638.4,48.19,2022-03-24,2024-11-16,45,3,Clientes valiosos en riesgo,3.828641396489095
1075,48,Male,Tennessee,No,0,46,2475.2,53.81,2022-02-10,2024-12-27,4,1,Clientes de alto valor activos,1.6094379124341003
1076,57,Male,Missouri,No,0,33,1673.8,50.72,2022-04-02,2024-10-31,61,3,Clientes valiosos en riesgo,4.127134385045092
1077,33,Male,North Dakota,No,0,48,2361.3,49.19,2022-02-13,2024-12-23,8,1,Clientes de alto valor activos,2.1972245773362196
1078,58,Male,West Virginia,No,0,6,339.1,56.52,2022-11-10,2024-12-22,9,2,Clientes recientes en desarrollo,2.302585092994046
1079,37,Male,Arizona,No,0,50,2573.8,51.48,2022-03-20,2024-12-27,4,1,Clientes de alto valor activos,1.6094379124341003
1080,18,Male,Oklahoma,No,0,49,2145.8,43.79,2022-01-29,2024-12-24,7,1,Clientes de alto valor activos,2.0794415416798357
1081,65,Male,Pennsylvania,No,0,23,1188.9,51.69,2022-02-20,2024-11-30,31,3,Clientes valiosos en riesgo,3.4657359027997265
1082,62,Male,Idaho,No,0,46,2240.1,48.7,2022-01-01,2024-12-27,4,1,Clientes de alto valor activos,1.6094379124341003
1083,54,Male,South Carolina,No,0,31,1761.5,56.82,2022-01-03,2024-12-22,9,1,Clientes de alto valor activos,2.302585092994046
1084,35,Male,Washington,No,0,44,2430.7,55.24,2022-01-01,2024-12-28,3,1,Clientes de alto valor activos,1.3862943611198906
1085,34,Male,Arkansas,No,0,49,2362.6,48.22,2022-01-01,2024-12-21,10,1,Clientes de alto valor activos,2.3978952727983707
1086,25,Male,Utah,No,0,24,1059.8,44.16,2022-03-13,2024-12-27,4,2,Clientes recientes en desarrollo,1.6094379124341003
1087,53,Male,Alaska,No,0,28,1407.1,50.25,2022-01-08,2024-12-26,5,2,Clientes recientes en desarrollo,1.791759469228055
1088,45,Male,West Virginia,No,0,8,436.9,54.61,2022-02-12,2024-11-29,32,0,Clientes de baja actividad,3.4965075614664802
1089,49,Male,Louisiana,No,0,3,122.7,40.9,2023-07-11,2024-09-05,117,0,Clientes de baja actividad,4.770684624465665
1090,40,Male,Arizona,No,0,34,1578.3,46.42,2022-02-04,2024-12-22,9,1,Clientes de alto valor activos,2.302585092994046
1091,38,Male,Connecticut,No,1,28,1236.7,44.17,2022-03-12,2024-08-22,131,3,Clientes valiosos en riesgo,4.882801922586371
1092,44,Male,North Carolina,No,1,7,327.5,46.79,2022-08-15,2024-03-26,280,0,Clientes de baja actividad,5.638354669333745
1093,68,Male,South Dakota,No,0,21,915.9,43.61,2022-01-01,2024-12-29,2,2,Clientes recientes en desarrollo,1.0986122886681098
1094,60,Male,Delaware,No,0,47,2806.4,59.71,2022-01-01,2024-12-29,2,1,Clientes de alto valor activos,1.0986122886681098
1095,25,Male,Connecticut,No,0,26,1347.5,51.83,2022-01-30,2024-12-05,26,3,Clientes valiosos en riesgo,3.295836866004329
1096,19,Male,Tennessee,No,0,31,1751.7,56.51,2022-01-01,2024-12-30,1,1,Clientes de alto valor activos,0.6931471805599453
1097,57,Male,New Hampshire,No,0,49,2172.0,44.33,2022-01-07,2024-12-24,7,1,Clientes de alto valor activos,2.0794415416798357
1098,58,Male,Vermont,No,0,48,2472.2,51.5,2022-01-29,2024-12-25,6,1,Clientes de alto valor activos,1.9459101490553132
1099,49,Male,Idaho,No,0,28,1444.7,51.6,2022-02-13,2024-11-24,37,3,Clientes valiosos en riesgo,3.6375861597263857
1100,19,Male,North Carolina,No,0,46,2313.6,50.3,2022-01-01,2024-11-24,37,3,Clientes valiosos en riesgo,3.6375861597263857
1101,50,Male,Nevada,No,0,3,132.0,44.0,2022-02-06,2024-08-05,148,0,Clientes de baja actividad,5.003946305945459
1102,30,Male,Delaware,No,0,40,2118.4,52.96,2022-04-02,2024-12-20,11,1,Clientes de alto valor activos,2.4849066497880004
1103,52,Male,Texas,No,0,25,1417.2,56.69,2022-04-10,2024-11-22,39,3,Clientes valiosos en riesgo,3.6888794541139363
1104,35,Male,Tennessee,No,0,9,421.7,46.86,2022-02-14,2024-12-27,4,2,Clientes recientes en desarrollo,1.6094379124341003
1105,35,Male,Delaware,No,0,9,506.3,56.26,2022-03-05,2024-11-20,41,0,Clientes de baja actividad,3.7376696182833684
1106,33,Male,Massachusetts,No,0,7,387.3,55.33,2022-03-29,2024-11-05,56,0,Clientes de baja actividad,4.04305126783455
1107,52,Male,Minnesota,No,0,13,618.1,47.55,2022-04-23,2024-12-01,30,0,Clientes de baja actividad,3.4339872044851463
1108,69,Male,Texas,No,0,27,1449.9,53.7,2022-03-01,2024-10-29,63,3,Clientes valiosos en riesgo,4.1588830833596715
1109,27,Male,Nebraska,No,0,51,2429.2,47.63,2022-01-01,2024-12-22,9,1,Clientes de alto valor activos,2.302585092994046
1110,66,Male,Oklahoma,No,0,3,149.4,49.8,2024-05-05,2024-11-01,60,0,Clientes de baja actividad,4.110873864173311
1111,28,Male,Texas,No,0,32,1634.0,51.06,2022-01-31,2024-11-30,31,3,Clientes valiosos en riesgo,3.4657359027997265
1112,22,Male,New York,No,1,5,203.7,40.74,2023-08-22,2024-04-04,271,0,Clientes de baja actividad,5.605802066295998
1113,69,Male,Washington,No,0,33,1702.8,51.6,2022-01-15,2024-12-28,3,1,Clientes de alto valor activos,1.3862943611198906
1114,28,Male,Maryland,No,0,12,605.1,50.42,2022-01-16,2024-11-28,33,0,Clientes de baja actividad,3.5263605246161616
1115,55,Male,New Hampshire,No,0,48,2885.6,60.12,2022-02-09,2024-12-25,6,1,Clientes de alto valor activos,1.9459101490553132
1116,30,Male,New York,No,0,38,2126.7,55.97,2022-01-01,2024-12-31,0,1,Clientes de alto valor activos,0.0
1117,67,Male,Hawaii,No,0,40,2376.1,59.4,2022-01-27,2024-12-29,2,1,Clientes de alto valor activos,1.0986122886681098
1118,25,Male,California,No,0,25,1130.2,45.21,2022-01-07,2024-11-30,31,3,Clientes valiosos en riesgo,3.4657359027997265
1119,49,Male,Indiana,No,0,12,645.6,53.8,2022-07-04,2024-12-01,30,0,Clientes de baja actividad,3.4339872044851463
1120,34,Male,Louisiana,No,1,37,1808.3,48.87,2022-03-04,2024-10-15,77,3,Clientes valiosos en riesgo,4.356708826689592
1121,22,Male,Pennsylvania,No,0,41,2032.1,49.56,2022-01-09,2024-11-29,32,3,Clientes valiosos en riesgo,3.4965075614664802
1122,63,Male,Florida,No,0,26,1303.0,50.12,2022-01-01,2024-11-28,33,3,Clientes valiosos en riesgo,3.5263605246161616
1123,70,Male,North Carolina,No,0,13,607.4,46.72,2022-02-04,2024-10-13,79,0,Clientes de baja actividad,4.382026634673881
1124,36,Male,Massachusetts,No,0,39,1987.1,50.95,2022-02-04,2024-12-29,2,1,Clientes de alto valor activos,1.0986122886681098
1125,42,Male,Iowa,No,0,41,2102.9,51.29,2022-01-19,2024-12-25,6,1,Clientes de alto valor activos,1.9459101490553132
1126,27,Male,North Dakota,No,1,11,747.5,67.95,2022-01-16,2024-05-28,217,0,Clientes de baja actividad,5.384495062789089
1127,23,Male,Iowa,No,0,48,2363.6,49.24,2022-01-01,2024-11-27,34,3,Clientes valiosos en riesgo,3.5553480614894135
1128,50,Male,Delaware,No,0,23,1187.9,51.65,2022-03-20,2024-11-30,31,3,Clientes valiosos en riesgo,3.4657359027997265
1129,56,Male,New York,No,0,36,1885.9,52.39,2022-01-15,2024-12-29,2,1,Clientes de alto valor activos,1.0986122886681098
1130,37,Male,New Hampshire,No,0,47,2587.5,55.05,2022-01-01,2024-12-28,3,1,Clientes de alto valor activos,1.3862943611198906
1131,67,Male,Kentucky,No,0,31,1639.1,52.87,2022-03-20,2024-12-29,2,1,Clientes de alto valor activos,1.0986122886681098
1132,67,Male,Illinois,No,0,21,1180.5,56.21,2022-03-01,2024-11-30,31,3,Clientes valiosos en riesgo,3.4657359027997265
1133,50,Male,North Carolina,No,0,26,1396.9,53.73,2022-04-24,2024-11-11,50,3,Clientes valiosos en riesgo,3.9318256327243257
1134,36,Male,Connecticut,No,0,30,1536.3,51.21,2022-02-13,2024-12-27,4,2,Clientes recientes en desarrollo,1.6094379124341003
1135,62,Male,Wisconsin,No,0,3,160.1,53.37,2024-01-01,2024-12-27,4,2,Clientes recientes en desarrollo,1.6094379124341003
1136,65,Male,Massachusetts,No,0,33,1818.3,55.1,2022-01-01,2024-12-27,4,1,Clientes de alto valor activos,1.6094379124341003
1137,23,Male,Illinois,No,0,38,2042.2,53.74,2022-05-28,2024-12-21,10,1,Clientes de alto valor activos,2.3978952727983707
1138,46,Male,New Mexico,No,0,17,915.9,53.88,2022-04-16,2024-12-21,10,2,Clientes recientes en desarrollo,2.3978952727983707
1139,18,Male,Iowa,No,0,33,1794.2,54.37,2022-06-19,2024-12-22,9,1,Clientes de alto valor activos,2.302585092994046
1140,58,Male,Alabama,No,0,43,2141.1,49.79,2022-03-13,2024-12-25,6,1,Clientes de alto valor activos,1.9459101490553132
1141,31,Male,Maryland,No,0,7,259.9,37.13,2022-05-10,2024-07-04,180,0,Clientes de baja actividad,5.198497031265826
1142,39,Male,Ohio,No,0,24,1163.5,48.48,2022-02-03,2024-12-27,4,2,Clientes recientes en desarrollo,1.6094379124341003
1143,69,Male,Ohio,No,0,28,1381.2,49.33,2022-02-06,2024-12-31,0,2,Clientes recientes en desarrollo,0.0
1144,68,Male,Nevada,No,0,44,2448.6,55.65,2022-02-05,2024-11-30,31,3,Clientes valiosos en riesgo,3.4657359027997265
1145,41,Male,South Carolina,No,0,26,1292.5,49.71,2022-01-01,2024-12-26,5,2,Clientes recientes en desarrollo,1.791759469228055
1146,31,Male,Nevada,No,0,31,1515.3,48.88,2022-05-08,2024-11-26,35,3,Clientes valiosos en riesgo,3.58351893845611
1147,48,Male,Wisconsin,No,0,8,444.1,55.51,2022-02-10,2024-09-04,118,0,Clientes de baja actividad,4.77912349311153
1148,59,Male,Tennessee,No,0,18,1050.0,58.33,2022-02-26,2024-12-26,5,2,Clientes recientes en desarrollo,1.791759469228055
1149,34,Male,Florida,No,0,11,476.4,43.31,2022-04-17,2024-09-23,99,0,Clientes de baja actividad,4.605170185988092
1150,21,Male,Georgia,No,0,41,2104.3,51.32,2022-01-01,2024-12-24,7,1,Clientes de alto valor activos,2.0794415416798357
1151,29,Male,Kentucky,No,0,51,2660.4,52.16,2022-01-01,2024-12-28,3,1,Clientes de alto valor activos,1.3862943611198906
1152,41,Male,Ohio,No,1,25,1310.6,52.42,2022-02-13,2024-08-30,123,0,Clientes de baja actividad,4.820281565605037
1153,62,Male,Connecticut,No,0,9,570.2,63.36,2022-01-22,2024-11-30,31,0,Clientes de baja actividad,3.4657359027997265
1154,27,Male,Idaho,No,0,7,391.3,55.9,2022-12-24,2024-12-28,3,2,Clientes recientes en desarrollo,1.3862943611198906
1155,49,Male,Georgia,No,0,45,2300.1,51.11,2022-02-13,2024-11-22,39,3,Clientes valiosos en riesgo,3.6888794541139363
1156,67,Male,Tennessee,No,0,48,2869.6,59.78,2022-02-18,2024-12-30,1,1,Clientes de alto valor activos,0.6931471805599453
1157,20,Male,Hawaii,No,0,7,361.5,51.64,2022-07-14,2024-12-11,20,0,Clientes de baja actividad,3.044522437723423
1158,37,Male,Maryland,No,0,12,638.7,53.22,2022-01-16,2024-12-08,23,0,Clientes de baja actividad,3.1780538303479458
1159,69,Male,Nevada,No,0,42,2241.3,53.36,2022-01-01,2024-12-30,1,1,Clientes de alto valor activos,0.6931471805599453
1160,66,Male,New Hampshire,No,0,47,2539.7,54.04,2022-01-09,2024-12-25,6,1,Clientes de alto valor activos,1.9459101490553132
1161,37,Male,North Dakota,No,0,10,391.2,39.12,2022-01-29,2024-12-05,26,0,Clientes de baja actividad,3.295836866004329
1162,63,Male,Oklahoma,No,0,38,2030.8,53.44,2022-01-16,2024-12-22,9,1,Clientes de alto valor activos,2.302585092994046
1163,47,Male,North Carolina,No,0,14,699.4,49.96,2022-05-05,2024-09-03,119,0,Clientes de baja actividad,4.787491742782046
1164,26,Male,Tennessee,No,0,25,1338.8,53.55,2022-04-01,2024-11-28,33,3,Clientes valiosos en riesgo,3.5263605246161616
1165,68,Male,Montana,No,0,48,2537.8,52.87,2022-01-08,2024-12-24,7,1,Clientes de alto valor activos,2.0794415416798357
1166,51,Male,Wisconsin,No,0,22,1017.3,46.24,2022-01-21,2024-11-27,34,3,Clientes valiosos en riesgo,3.5553480614894135
1167,48,Male,Connecticut,No,0,23,1246.2,54.18,2022-05-01,2024-12-22,9,2,Clientes recientes en desarrollo,2.302585092994046
1168,60,Male,New Jersey,No,0,17,927.6,54.56,2022-02-19,2024-11-28,33,0,Clientes de baja actividad,3.5263605246161616
1169,68,Male,Mississippi,No,0,38,1891.6,49.78,2022-06-30,2024-12-30,1,1,Clientes de alto valor activos,0.6931471805599453
1170,25,Male,Wyoming,No,0,4,150.4,37.6,2022-03-15,2024-07-03,181,0,Clientes de baja actividad,5.204006687076795
1171,57,Male,Illinois,No,0,34,1718.9,50.56,2022-01-07,2024-11-26,35,3,Clientes valiosos en riesgo,3.58351893845611
1172,41,Male,Louisiana,No,0,16,822.4,51.4,2022-08-26,2024-11-29,32,0,Clientes de baja actividad,3.4965075614664802
1173,59,Male,Oregon,No,0,43,2252.9,52.39,2022-01-02,2024-12-28,3,1,Clientes de alto valor activos,1.3862943611198906
1174,44,Male,South Dakota,No,0,43,2256.6,52.48,2022-01-01,2024-12-01,30,3,Clientes valiosos en riesgo,3.4339872044851463
1175,42,Male,Michigan,No,0,20,1062.2,53.11,2022-01-18,2024-12-30,1,2,Clientes recientes en desarrollo,0.6931471805599453
1176,35,Male,New Jersey,No,0,27,1341.2,49.67,2022-08-21,2024-12-27,4,2,Clientes recientes en desarrollo,1.6094379124341003
1177,36,Male,Oregon,No,0,40,1950.7,48.77,2022-06-03,2024-12-15,16,3,Clientes valiosos en riesgo,2.833213344056216
1178,54,Male,Iowa,No,0,25,1208.7,48.35,2022-06-15,2024-12-31,0,2,Clientes recientes en desarrollo,0.0
1179,37,Male,South Carolina,No,0,24,1417.1,59.05,2022-01-01,2024-12-24,7,2,Clientes recientes en desarrollo,2.0794415416798357
1180,20,Male,Indiana,No,0,45,2564.6,56.99,2022-04-16,2024-12-29,2,1,Clientes de alto valor activos,1.0986122886681098
1181,23,Male,Oregon,No,0,35,1900.2,54.29,2022-05-12,2024-11-29,32,3,Clientes valiosos en riesgo,3.4965075614664802
1182,61,Male,New York,No,0,44,2425.3,55.12,2022-04-03,2024-11-23,38,3,Clientes valiosos en riesgo,3.6635616461296463
1183,37,Male,New Mexico,No,0,46,2005.3,43.59,2022-01-01,2024-12-18,13,1,Clientes de alto valor activos,2.6390573296152584
1184,23,Male,Louisiana,No,0,5,255.4,51.08,2023-03-10,2024-10-25,67,0,Clientes de baja actividad,4.219507705176107
1185,63,Male,South Carolina,No,0,20,1005.8,50.29,2022-01-01,2024-12-22,9,2,Clientes recientes en desarrollo,2.302585092994046
1186,47,Male,Maine,No,0,30,1742.0,58.07,2022-02-06,2024-12-31,0,1,Clientes de alto valor activos,0.0
1187,63,Male,Indiana,No,0,28,1467.0,52.39,2022-05-24,2024-12-28,3,2,Clientes recientes en desarrollo,1.3862943611198906
1188,56,Male,Iowa,No,0,38,1861.4,48.98,2022-02-01,2024-12-18,13,3,Clientes valiosos en riesgo,2.6390573296152584
1189,68,Male,Mississippi,No,0,12,673.1,56.09,2022-02-03,2024-08-25,128,0,Clientes de baja actividad,4.859812404361672
1190,64,Male,Arkansas,No,0,29,1606.1,55.38,2022-03-19,2024-12-29,2,2,Clientes recientes en desarrollo,1.0986122886681098
1191,62,Male,South Carolina,No,0,32,1757.0,54.91,2022-02-02,2024-12-10,21,3,Clientes valiosos en riesgo,3.091042453358316
1192,34,Male,Indiana,No,0,51,2897.5,56.81,2022-02-01,2024-12-27,4,1,Clientes de alto valor activos,1.6094379124341003
1193,49,Male,Florida,No,0,43,2462.7,57.27,2022-01-28,2024-12-31,0,1,Clientes de alto valor activos,0.0
1194,40,Male,Alaska,No,0,19,907.2,47.75,2022-04-22,2024-12-20,11,2,Clientes recientes en desarrollo,2.4849066497880004
1195,50,Male,New York,No,0,7,425.9,60.84,2022-01-01,2024-11-26,35,0,Clientes de baja actividad,3.58351893845611
1196,25,Male,Texas,No,0,34,1666.8,49.02,2022-02-12,2024-12-24,7,1,Clientes de alto valor activos,2.0794415416798357
1197,30,Male,North Dakota,No,0,14,663.6,47.4,2022-04-22,2024-09-23,99,0,Clientes de baja actividad,4.605170185988092
1198,54,Male,Vermont,No,0,27,1308.5,48.46,2022-03-12,2024-11-24,37,3,Clientes valiosos en riesgo,3.6375861597263857
1199,40,Male,New Jersey,No,0,18,869.4,48.3,2022-04-01,2024-09-08,114,0,Clientes de baja actividad,4.74493212836325
1200,49,Male,Maryland,No,0,4,157.6,39.4,2022-06-19,2024-05-08,237,0,Clientes de baja actividad,5.472270673671475
1201,27,Male,Connecticut,No,0,8,532.0,66.5,2022-02-10,2024-12-28,3,2,Clientes recientes en desarrollo,1.3862943611198906
1202,27,Male,Illinois,No,0,47,2539.4,54.03,2022-01-01,2024-12-21,10,1,Clientes de alto valor activos,2.3978952727983707
1203,48,Male,Maryland,No,0,15,786.6,52.44,2022-03-25,2024-12-29,2,2,Clientes recientes en desarrollo,1.0986122886681098
1204,40,Male,Minnesota,No,0,24,1173.8,48.91,2022-03-05,2024-12-27,4,2,Clientes recientes en desarrollo,1.6094379124341003
1205,67,Male,Florida,No,0,21,993.1,47.29,2022-03-19,2024-10-04,88,0,Clientes de baja actividad,4.48863636973214
1206,52,Male,California,No,0,39,2092.3,53.65,2022-05-02,2024-12-15,16,3,Clientes valiosos en riesgo,2.833213344056216
1207,22,Male,Mississippi,No,0,17,862.8,50.75,2022-04-08,2024-11-29,32,0,Clientes de baja actividad,3.4965075614664802
1208,62,Male,Washington,No,0,49,2729.5,55.7,2022-01-01,2024-12-21,10,1,Clientes de alto valor activos,2.3978952727983707
1209,20,Male,Wisconsin,No,0,9,693.6,77.07,2023-05-11,2024-11-15,46,0,Clientes de baja actividad,3.8501476017100584
1210,41,Male,Pennsylvania,No,0,17,796.8,46.87,2022-04-24,2024-11-28,33,0,Clientes de baja actividad,3.5263605246161616
1211,34,Male,Missouri,No,0,6,451.5,75.25,2022-09-10,2024-12-30,1,2,Clientes recientes en desarrollo,0.6931471805599453
1212,23,Male,Oklahoma,No,0,15,648.6,43.24,2022-01-27,2024-12-20,11,2,Clientes recientes en desarrollo,2.4849066497880004
1213,32,Male,Pennsylvania,No,1,19,832.4,43.81,2022-02-08,2024-07-08,176,0,Clientes de baja actividad,5.176149732573829
1214,68,Male,Kentucky,No,0,15,758.9,50.59,2022-03-19,2024-08-23,130,0,Clientes de baja actividad,4.875197323201151
1215,30,Male,Vermont,No,0,6,433.4,72.23,2023-04-30,2024-12-25,6,2,Clientes recientes en desarrollo,1.9459101490553132
1216,66,Male,Oregon,No,0,16,725.6,45.35,2023-01-06,2024-12-01,30,0,Clientes de baja actividad,3.4339872044851463
1217,62,Male,Utah,No,0,4,212.1,53.02,2022-04-04,2024-11-28,33,0,Clientes de baja actividad,3.5263605246161616
1218,50,Male,Nebraska,No,0,13,570.1,43.85,2022-04-09,2024-12-18,13,2,Clientes recientes en desarrollo,2.6390573296152584
1219,55,Male,Pennsylvania,No,0,44,2123.5,48.26,2022-01-08,2024-12-21,10,1,Clientes de alto valor activos,2.3978952727983707
1220,19,Male,Vermont,No,0,36,1926.4,53.51,2022-01-01,2024-11-29,32,3,Clientes valiosos en riesgo,3.4965075614664802
1221,67,Male,Kentucky,No,0,37,1874.8,50.67,2022-04-16,2024-12-18,13,3,Clientes valiosos en riesgo,2.6390573296152584
1222,18,Male,Iowa,No,0,4,165.1,41.28,2022-08-20,2024-07-06,178,0,Clientes de baja actividad,5.187385805840755
1223,58,Male,Indiana,No,0,28,1480.9,52.89,2022-02-04,2024-12-27,4,2,Clientes recientes en desarrollo,1.6094379124341003
1224,69,Male,Kansas,No,0,22,999.3,45.42,2022-02-02,2024-12-21,10,2,Clientes recientes en desarrollo,2.3978952727983707
1225,62,Male,Illinois,No,0,19,986.0,51.89,2022-03-27,2024-11-30,31,0,Clientes de baja actividad,3.4657359027997265
1226,28,Male,North Carolina,No,0,17,817.1,48.06,2022-03-18,2024-12-27,4,2,Clientes recientes en desarrollo,1.6094379124341003
1227,53,Male,Ohio,No,0,19,922.7,48.56,2022-06-19,2024-12-20,11,2,Clientes recientes en desarrollo,2.4849066497880004
1228,27,Male,Illinois,No,0,20,957.0,47.85,2022-05-03,2024-12-28,3,2,Clientes recientes en desarrollo,1.3862943611198906
1229,55,Male,Indiana,No,0,2,128.5,64.25,2022-05-15,2024-11-01,60,0,Clientes de baja actividad,4.110873864173311
1230,34,Male,Kansas,No,0,40,1869.2,46.73,2022-02-10,2024-12-26,5,1,Clientes de alto valor activos,1.791759469228055
1231,25,Male,Illinois,No,0,50,2581.4,51.63,2022-02-07,2024-12-23,8,1,Clientes de alto valor activos,2.1972245773362196
1232,66,Male,Pennsylvania,No,0,44,2346.2,53.32,2022-01-13,2024-12-29,2,1,Clientes de alto valor activos,1.0986122886681098
1233,57,Male,New York,No,1,32,1848.1,57.75,2022-06-12,2024-10-12,80,3,Clientes valiosos en riesgo,4.394449154672439
1234,46,Male,Utah,No,0,41,2060.8,50.26,2022-01-04,2024-11-29,32,3,Clientes valiosos en riesgo,3.4965075614664802
1235,38,Male,New Jersey,No,0,3,146.2,48.73,2024-07-25,2024-12-31,0,2,Clientes recientes en desarrollo,0.0
1236,23,Male,Idaho,No,0,47,2580.5,54.9,2022-01-14,2024-12-27,4,1,Clientes de alto valor activos,1.6094379124341003
1237,42,Male,New Mexico,No,0,36,1940.4,53.9,2022-01-01,2024-12-18,13,3,Clientes valiosos en riesgo,2.6390573296152584
1238,25,Male,Michigan,No,0,43,2070.1,48.14,2022-01-05,2024-11-21,40,3,Clientes valiosos en riesgo,3.713572066704308
1239,55,Male,Wyoming,No,1,4,164.6,41.15,2022-04-16,2023-12-11,386,0,Clientes de baja actividad,5.958424693029782
1240,62,Male,New Jersey,No,0,33,1738.8,52.69,2022-01-19,2024-12-18,13,3,Clientes valiosos en riesgo,2.6390573296152584
1241,41,Male,New Jersey,No,0,49,2712.7,55.36,2022-02-10,2024-12-27,4,1,Clientes de alto valor activos,1.6094379124341003
1242,58,Male,Hawaii,No,1,35,1734.0,49.54,2022-02-11,2024-08-15,138,3,Clientes valiosos en riesgo,4.9344739331306915
1243,56,Male,Nevada,No,0,16,931.3,58.21,2022-06-02,2024-09-09,113,0,Clientes de baja actividad,4.736198448394496
1244,25,Male,New Hampshire,No,0,23,1210.7,52.64,2022-01-01,2024-12-27,4,2,Clientes recientes en desarrollo,1.6094379124341003
1245,70,Male,Indiana,No,0,3,165.7,55.23,2022-07-09,2024-11-21,40,0,Clientes de baja actividad,3.713572066704308
1246,42,Male,New York,No,0,31,1730.4,55.82,2022-01-01,2024-12-27,4,1,Clientes de alto valor activos,1.6094379124341003
1247,27,Male,Louisiana,No,1,28,1499.1,53.54,2022-02-10,2024-08-29,124,3,Clientes valiosos en riesgo,4.8283137373023015
1248,65,Male,Virginia,No,0,19,1051.2,55.33,2022-01-01,2024-12-31,0,2,Clientes recientes en desarrollo,0.0
1249,62,Male,Wisconsin,No,1,9,378.4,42.04,2022-03-27,2024-05-17,228,0,Clientes de baja actividad,5.43372200355424
1250,62,Male,Oregon,No,0,49,2563.9,52.32,2022-01-01,2024-12-21,10,1,Clientes de alto valor activos,2.3978952727983707
1251,52,Male,New Hampshire,No,0,25,1319.7,52.79,2022-02-03,2024-10-31,61,3,Clientes valiosos en riesgo,4.127134385045092
1252,56,Male,Indiana,No,1,44,2312.9,52.57,2022-01-09,2024-10-31,61,3,Clientes valiosos en riesgo,4.127134385045092
1253,28,Male,Massachusetts,No,0,9,404.8,44.98,2022-11-26,2024-12-27,4,2,Clientes recientes en desarrollo,1.6094379124341003
1254,39,Male,Montana,No,0,50,2758.2,55.16,2022-01-02,2024-12-25,6,1,Clientes de alto valor activos,1.9459101490553132
1255,54,Male,California,No,0,3,211.8,70.6,2022-06-06,2024-12-18,13,2,Clientes recientes en desarrollo,2.6390573296152584
1256,30,Male,Indiana,No,0,39,2081.4,53.37,2022-01-01,2024-12-20,11,1,Clientes de alto valor activos,2.4849066497880004
1257,45,Male,West Virginia,No,0,5,188.4,37.68,2022-05-10,2024-06-01,213,0,Clientes de baja actividad,5.365976015021851
1258,68,Male,Minnesota,No,0,32,1488.5,46.52,2022-05-06,2024-10-27,65,3,Clientes valiosos en riesgo,4.189654742026425
1259,47,Male,Ohio,No,0,35,1810.3,51.72,2022-01-28,2024-12-27,4,1,Clientes de alto valor activos,1.6094379124341003
1260,68,Male,Minnesota,No,0,46,2200.1,47.83,2022-02-06,2024-12-15,16,1,Clientes de alto valor activos,2.833213344056216
1261,63,Male,Virginia,No,0,31,1579.4,50.95,2022-06-19,2024-12-26,5,1,Clientes de alto valor activos,1.791759469228055
1262,20,Male,Connecticut,No,0,3,242.2,80.73,2023-04-21,2024-12-03,28,0,Clientes de baja actividad,3.367295829986474
1263,29,Male,Tennessee,No,0,45,2333.8,51.86,2022-03-26,2024-12-24,7,1,Clientes de alto valor activos,2.0794415416798357
1264,41,Male,Delaware,No,0,2,44.3,22.15,2022-06-17,2024-04-28,247,0,Clientes de baja actividad,5.5134287461649825
1265,52,Male,Vermont,No,0,2,89.3,44.65,2024-07-13,2024-11-29,32,0,Clientes de baja actividad,3.4965075614664802
1266,32,Male,Louisiana,No,0,28,1189.7,42.49,2022-02-10,2024-10-19,73,3,Clientes valiosos en riesgo,4.30406509320417
1267,20,Male,North Dakota,No,1,15,789.9,52.66,2022-03-27,2024-08-02,151,0,Clientes de baja actividad,5.0238805208462765
1268,47,Male,Oregon,No,0,42,2256.8,53.73,2022-02-02,2024-12-27,4,1,Clientes de alto valor activos,1.6094379124341003
1269,23,Male,Idaho,No,0,26,1360.7,52.33,2022-01-01,2024-12-27,4,2,Clientes recientes en desarrollo,1.6094379124341003
1270,43,Male,Vermont,No,0,48,2520.1,52.5,2022-01-01,2024-12-22,9,1,Clientes de alto valor activos,2.302585092994046
1271,67,Male,West Virginia,No,1,21,1192.9,56.8,2022-03-05,2024-07-27,157,0,Clientes de baja actividad,5.062595033026967
1272,70,Male,Kentucky,No,0,43,2177.5,50.64,2022-04-30,2024-11-26,35,3,Clientes valiosos en riesgo,3.58351893845611
1273,35,Male,Wisconsin,No,0,17,792.8,46.64,2022-11-24,2024-12-20,11,2,Clientes recientes en desarrollo,2.4849066497880004
1274,41,Male,Mississippi,No,0,33,1519.2,46.04,2022-02-18,2024-12-24,7,1,Clientes de alto valor activos,2.0794415416798357
1275,54,Male,Missouri,No,0,38,1966.6,51.75,2022-04-03,2024-12-30,1,1,Clientes de alto valor activos,0.6931471805599453
1276,55,Male,Arkansas,No,1,2,50.1,25.05,2022-04-09,2022-11-04,788,0,Clientes de baja actividad,6.670766320845874
1277,51,Male,Wyoming,No,0,38,1994.8,52.49,2022-06-19,2024-12-06,25,3,Clientes valiosos en riesgo,3.258096538021482
1278,19,Male,Rhode Island,No,0,6,287.9,47.98,2022-09-03,2024-11-24,37,0,Clientes de baja actividad,3.6375861597263857
1279,28,Male,Utah,No,0,32,1809.7,56.55,2022-01-15,2024-12-25,6,1,Clientes de alto valor activos,1.9459101490553132
1280,63,Male,Maryland,No,0,19,1120.2,58.96,2022-04-04,2024-12-29,2,2,Clientes recientes en desarrollo,1.0986122886681098
1281,30,Male,Georgia,No,0,40,2203.3,55.08,2022-02-13,2024-12-24,7,1,Clientes de alto valor activos,2.0794415416798357
1282,29,Male,New Jersey,No,1,9,446.4,49.6,2022-11-01,2024-06-08,206,0,Clientes de baja actividad,5.332718793265369
1283,24,Male,New Hampshire,No,1,21,1276.2,60.77,2022-03-12,2024-07-03,181,0,Clientes de baja actividad,5.204006687076795
1284,69,Male,Oregon,No,0,24,1188.7,49.53,2022-02-11,2024-12-30,1,2,Clientes recientes en desarrollo,0.6931471805599453
1285,65,Male,Arkansas,No,0,39,2131.2,54.65,2022-01-21,2024-12-29,2,1,Clientes de alto valor activos,1.0986122886681098
1286,64,Male,North Carolina,No,0,46,2305.0,50.11,2022-03-06,2024-12-28,3,1,Clientes de alto valor activos,1.3862943611198906
1287,40,Male,West Virginia,No,0,45,2544.9,56.55,2022-01-01,2024-12-23,8,1,Clientes de alto valor activos,2.1972245773362196
1288,24,Male,Utah,No,0,21,1013.4,48.26,2022-05-13,2024-12-31,0,2,Clientes recientes en desarrollo,0.0
1289,66,Male,South Dakota,No,1,35,1693.5,48.39,2022-02-13,2024-08-29,124,3,Clientes valiosos en riesgo,4.8283137373023015
1290,35,Male,New Hampshire,No,0,11,555.8,50.53,2022-10-08,2024-12-29,2,2,Clientes recientes en desarrollo,1.0986122886681098
1291,67,Male,Maryland,No,0,4,169.0,42.25,2022-03-13,2024-05-12,233,0,Clientes de baja actividad,5.455321115357702
1292,69,Male,South Dakota,No,0,24,1071.7,44.65,2022-03-19,2024-12-21,10,2,Clientes recientes en desarrollo,2.3978952727983707
1293,26,Male,Kentucky,No,0,43,2341.5,54.45,2022-02-02,2024-12-31,0,1,Clientes de alto valor activos,0.0
1294,23,Male,Florida,No,0,31,1604.8,51.77,2022-01-29,2024-12-20,11,3,Clientes valiosos en riesgo,2.4849066497880004
1295,27,Male,Texas,No,0,22,1104.8,50.22,2022-02-12,2024-12-28,3,2,Clientes recientes en desarrollo,1.3862943611198906
1296,30,Male,New Mexico,No,0,51,2944.2,57.73,2022-01-29,2024-12-27,4,1,Clientes de alto valor activos,1.6094379124341003
1297,48,Male,South Dakota,No,0,17,806.8,47.46,2022-02-11,2024-08-31,122,0,Clientes de baja actividad,4.812184355372417
1298,44,Male,New Jersey,No,0,33,1914.1,58.0,2022-01-19,2024-12-22,9,1,Clientes de alto valor activos,2.302585092994046
1299,29,Male,Indiana,No,0,15,661.6,44.11,2022-01-02,2024-11-18,43,0,Clientes de baja actividad,3.784189633918261
1300,29,Male,Louisiana,No,0,43,2084.6,48.48,2022-01-01,2024-12-15,16,3,Clientes valiosos en riesgo,2.833213344056216
1301,67,Male,West Virginia,No,0,48,2428.9,50.6,2022-02-13,2024-11-22,39,3,Clientes valiosos en riesgo,3.6888794541139363
1302,42,Male,Maine,No,0,22,1136.3,51.65,2022-01-04,2024-11-23,38,3,Clientes valiosos en riesgo,3.6635616461296463
1303,23,Male,Idaho,No,0,38,1958.2,51.53,2022-01-31,2024-12-21,10,1,Clientes de alto valor activos,2.3978952727983707
1304,34,Male,New York,No,0,11,643.5,58.5,2022-07-01,2024-08-31,122,0,Clientes de baja actividad,4.812184355372417
1305,64,Male,Montana,No,0,19,920.8,48.46,2022-04-14,2024-12-27,4,2,Clientes recientes en desarrollo,1.6094379124341003
1306,31,Male,Mississippi,No,0,3,135.0,45.0,2022-11-11,2024-08-16,137,0,Clientes de baja actividad,4.927253685157205
1307,54,Male,Alaska,No,0,41,2107.5,51.4,2022-01-07,2024-11-23,38,3,Clientes valiosos en riesgo,3.6635616461296463
1308,23,Male,Missouri,No,0,44,2266.4,51.51,2022-03-05,2024-12-29,2,1,Clientes de alto valor activos,1.0986122886681098
1309,59,Male,Rhode Island,No,0,15,1026.6,68.44,2022-02-12,2024-12-30,1,2,Clientes recientes en desarrollo,0.6931471805599453
1310,32,Male,Hawaii,No,0,42,2079.4,49.51,2022-02-06,2024-12-05,26,3,Clientes valiosos en riesgo,3.295836866004329
1311,43,Male,South Carolina,No,0,39,2072.6,53.14,2022-04-15,2024-12-26,5,1,Clientes de alto valor activos,1.791759469228055
1312,32,Male,Tennessee,No,0,13,693.1,53.32,2022-06-04,2024-12-07,24,0,Clientes de baja actividad,3.2188758248682006
1313,66,Male,Missouri,No,0,20,1071.4,53.57,2022-03-06,2024-10-19,73,0,Clientes de baja actividad,4.30406509320417
1314,70,Male,Missouri,No,0,24,1368.1,57.0,2022-04-04,2024-11-29,32,3,Clientes valiosos en riesgo,3.4965075614664802
1315,42,Male,Missouri,No,0,50,2662.2,53.24,2022-03-05,2024-11-26,35,3,Clientes valiosos en riesgo,3.58351893845611
1316,56,Male,Mississippi,No,0,30,1420.8,47.36,2022-04-01,2024-12-01,30,3,Clientes valiosos en riesgo,3.4339872044851463
1317,28,Male,Arkansas,No,0,15,809.7,53.98,2022-01-23,2024-11-29,32,0,Clientes de baja actividad,3.4965075614664802
1318,28,Male,Kentucky,No,0,20,1130.1,56.5,2022-01-29,2024-12-20,11,2,Clientes recientes en desarrollo,2.4849066497880004
1319,52,Male,Connecticut,No,0,20,1213.2,60.66,2022-04-01,2024-12-27,4,2,Clientes recientes en desarrollo,1.6094379124341003
1320,65,Male,Oklahoma,No,0,49,2614.3,53.35,2022-02-06,2024-12-24,7,1,Clientes de alto valor activos,2.0794415416798357
1321,56,Male,California,No,0,20,1173.0,58.65,2022-01-01,2024-11-28,33,0,Clientes de baja actividad,3.5263605246161616
1322,59,Male,Missouri,No,0,46,2328.5,50.62,2022-01-27,2024-12-02,29,3,Clientes valiosos en riesgo,3.4011973816621555
1323,23,Male,Washington,No,0,18,901.0,50.06,2022-03-26,2024-11-23,38,0,Clientes de baja actividad,3.6635616461296463
1324,58,Male,New York,No,0,16,730.2,45.64,2022-03-06,2024-12-26,5,2,Clientes recientes en desarrollo,1.791759469228055
1325,39,Male,Indiana,No,0,12,639.7,53.31,2022-04-08,2024-11-20,41,0,Clientes de baja actividad,3.7376696182833684
1326,28,Male,Oregon,No,0,2,76.0,38.0,2022-11-18,2024-05-14,231,0,Clientes de baja actividad,5.44673737166631
1327,40,Male,Texas,No,0,18,810.0,45.0,2022-02-06,2024-12-15,16,2,Clientes recientes en desarrollo,2.833213344056216
1328,52,Male,Florida,No,0,38,1883.9,49.58,2022-03-23,2024-12-26,5,1,Clientes de alto valor activos,1.791759469228055
1329,37,Male,Rhode Island,No,0,41,2292.6,55.92,2022-01-01,2024-12-30,1,1,Clientes de alto valor activos,0.6931471805599453
1330,70,Male,Texas,No,0,51,2842.3,55.73,2022-01-01,2024-12-22,9,1,Clientes de alto valor activos,2.302585092994046
1331,30,Male,Vermont,No,0,21,970.6,46.22,2022-06-19,2024-09-27,95,0,Clientes de baja actividad,4.564348191467836
1332,38,Male,Maryland,No,1,9,488.4,54.27,2022-04-04,2024-02-09,326,0,Clientes de baja actividad,5.7899601708972535
1333,66,Male,Alaska,No,1,17,788.7,46.39,2022-02-19,2024-07-12,172,0,Clientes de baja actividad,5.153291594497779
1334,29,Male,Idaho,No,0,10,621.2,62.12,2022-02-12,2024-08-24,129,0,Clientes de baja actividad,4.867534450455582
1335,46,Male,West Virginia,No,0,13,543.5,41.81,2022-01-16,2024-10-04,88,0,Clientes de baja actividad,4.48863636973214
1336,56,Male,Nevada,No,0,27,1312.9,48.63,2022-02-09,2024-12-28,3,2,Clientes recientes en desarrollo,1.3862943611198906
1337,23,Male,Oregon,No,0,45,2300.5,51.12,2022-01-01,2024-12-29,2,1,Clientes de alto valor activos,1.0986122886681098
1338,37,Male,Tennessee,No,0,20,1032.1,51.6,2022-04-04,2024-10-27,65,0,Clientes de baja actividad,4.189654742026425
1339,56,Male,Alabama,No,0,44,2382.7,54.15,2022-02-14,2024-12-05,26,3,Clientes valiosos en riesgo,3.295836866004329
1340,36,Male,Indiana,No,0,6,213.2,35.53,2022-08-03,2024-08-24,129,0,Clientes de baja actividad,4.867534450455582
1341,40,Male,Idaho,No,0,6,253.6,42.27,2023-03-05,2024-11-26,35,0,Clientes de baja actividad,3.58351893845611
1342,26,Male,Rhode Island,No,0,32,1505.5,47.05,2022-01-13,2024-11-20,41,3,Clientes valiosos en riesgo,3.7376696182833684
1343,57,Male,Arizona,No,0,12,582.2,48.52,2022-02-15,2024-11-30,31,0,Clientes de baja actividad,3.4657359027997265
1344,68,Male,Florida,No,0,35,1854.1,52.97,2022-01-02,2024-12-23,8,1,Clientes de alto valor activos,2.1972245773362196
1345,56,Male,New York,No,0,15,765.4,51.03,2022-08-14,2024-12-15,16,2,Clientes recientes en desarrollo,2.833213344056216
1346,40,Male,Nebraska,No,0,43,2101.8,48.88,2022-01-15,2024-12-20,11,1,Clientes de alto valor activos,2.4849066497880004
1347,44,Male,Mississippi,No,0,16,740.0,46.25,2022-03-18,2024-11-13,48,0,Clientes de baja actividad,3.8918202981106265
1348,44,Male,Vermont,No,0,48,2345.2,48.86,2022-02-10,2024-12-26,5,1,Clientes de alto valor activos,1.791759469228055
1349,19,Male,Nebraska,No,0,24,1347.1,56.13,2022-03-01,2024-12-26,5,2,Clientes recientes en desarrollo,1.791759469228055
1350,21,Male,South Carolina,No,0,24,1165.7,48.57,2022-02-14,2024-12-23,8,2,Clientes recientes en desarrollo,2.1972245773362196
1351,31,Male,Delaware,No,0,2,130.3,65.15,2023-12-30,2024-11-23,38,0,Clientes de baja actividad,3.6635616461296463
1352,30,Male,Vermont,No,0,29,1629.3,56.18,2022-01-21,2024-12-26,5,2,Clientes recientes en desarrollo,1.791759469228055
1353,65,Male,Indiana,No,0,38,2247.8,59.15,2022-01-20,2024-12-26,5,1,Clientes de alto valor activos,1.791759469228055
1354,39,Male,Oregon,No,0,5,245.1,49.02,2023-08-07,2024-10-31,61,0,Clientes de baja actividad,4.127134385045092
1355,64,Male,Maryland,No,0,22,1179.1,53.6,2022-01-01,2024-12-31,0,2,Clientes recientes en desarrollo,0.0
1356,59,Male,Florida,No,0,51,2651.9,52.0,2022-01-02,2024-12-29,2,1,Clientes de alto valor activos,1.0986122886681098
1357,49,Male,Indiana,No,0,35,1787.4,51.07,2022-04-29,2024-12-23,8,1,Clientes de alto valor activos,2.1972245773362196
1358,24,Male,Texas,No,0,21,976.6,46.5,2022-06-20,2024-12-21,10,2,Clientes recientes en desarrollo,2.3978952727983707
1359,19,Male,Nebraska,No,0,26,1106.1,42.54,2022-02-03,2024-12-01,30,3,Clientes valiosos en riesgo,3.4339872044851463
1360,27,Male,North Carolina,No,0,27,1215.9,45.03,2022-01-01,2024-11-16,45,3,Clientes valiosos en riesgo,3.828641396489095
1361,56,Male,Alabama,No,0,5,402.1,80.42,2022-02-04,2024-12-30,1,2,Clientes recientes en desarrollo,0.6931471805599453
1362,49,Male,Alabama,No,1,40,2143.1,53.58,2022-03-19,2024-06-20,194,3,Clientes valiosos en riesgo,5.272999558563747
1363,41,Male,Colorado,No,0,30,1631.7,54.39,2022-01-29,2024-12-21,10,2,Clientes recientes en desarrollo,2.3978952727983707
1364,36,Male,Wisconsin,No,0,48,2504.5,52.18,2022-03-11,2024-12-30,1,1,Clientes de alto valor activos,0.6931471805599453
1365,68,Male,Delaware,No,0,6,286.8,47.8,2023-04-24,2024-11-26,35,0,Clientes de baja actividad,3.58351893845611
1366,28,Male,Indiana,No,0,19,1026.4,54.02,2022-07-03,2024-12-05,26,2,Clientes recientes en desarrollo,3.295836866004329
1367,45,Male,Iowa,No,0,11,620.3,56.39,2022-03-27,2024-12-22,9,2,Clientes recientes en desarrollo,2.302585092994046
1368,60,Male,Iowa,No,1,26,1214.7,46.72,2022-03-05,2024-09-22,100,3,Clientes valiosos en riesgo,4.61512051684126
1369,21,Male,Wisconsin,No,1,3,203.5,67.83,2023-10-14,2024-05-13,232,0,Clientes de baja actividad,5.4510384535657
1370,32,Male,Iowa,No,0,49,2579.6,52.64,2022-01-03,2024-11-30,31,3,Clientes valiosos en riesgo,3.4657359027997265
1371,27,Male,Montana,No,0,42,2186.3,52.05,2022-07-10,2024-12-29,2,1,Clientes de alto valor activos,1.0986122886681098
1372,40,Male,Mississippi,No,0,43,2460.4,57.22,2022-01-01,2024-12-28,3,1,Clientes de alto valor activos,1.3862943611198906
1373,64,Male,Michigan,No,0,45,2722.8,60.51,2022-02-14,2024-12-29,2,1,Clientes de alto valor activos,1.0986122886681098
1374,18,Male,Virginia,No,1,7,323.8,46.26,2022-03-10,2024-01-31,335,0,Clientes de baja actividad,5.817111159963204
1375,22,Male,New York,No,0,6,315.7,52.62,2022-03-31,2024-11-02,59,0,Clientes de baja actividad,4.0943445622221
1376,42,Male,Maine,No,0,9,521.0,57.89,2022-12-16,2024-11-30,31,0,Clientes de baja actividad,3.4657359027997265
1377,57,Male,New Jersey,No,0,25,1330.9,53.24,2022-01-01,2024-12-24,7,2,Clientes recientes en desarrollo,2.0794415416798357
1378,33,Male,Maryland,No,0,43,2062.3,47.96,2022-01-01,2024-12-15,16,3,Clientes valiosos en riesgo,2.833213344056216
1379,37,Male,Kentucky,No,1,25,1176.7,47.07,2022-03-17,2024-08-24,129,0,Clientes de baja actividad,4.867534450455582
1380,21,Male,Minnesota,No,0,39,1799.6,46.14,2022-01-01,2024-12-22,9,1,Clientes de alto valor activos,2.302585092994046
1381,51,Male,Massachusetts,No,0,42,2283.9,54.38,2022-02-07,2024-12-31,0,1,Clientes de alto valor activos,0.0
1382,30,Male,Illinois,No,0,49,2571.2,52.47,2022-02-06,2024-11-21,40,3,Clientes valiosos en riesgo,3.713572066704308
1383,68,Male,Michigan,No,0,17,942.7,55.45,2022-01-08,2024-11-29,32,0,Clientes de baja actividad,3.4965075614664802
1384,36,Male,Wisconsin,No,0,5,243.6,48.72,2022-02-04,2024-05-27,218,0,Clientes de baja actividad,5.389071729816501
1385,46,Male,Alaska,No,0,9,517.8,57.53,2022-03-05,2024-11-29,32,0,Clientes de baja actividad,3.4965075614664802
1386,41,Male,Mississippi,No,0,2,113.8,56.9,2023-07-14,2024-06-26,188,0,Clientes de baja actividad,5.241747015059643
1387,68,Male,Oregon,No,0,5,290.5,58.1,2022-05-01,2024-11-30,31,0,Clientes de baja actividad,3.4657359027997265
1388,21,Male,Maryland,No,0,21,1178.0,56.1,2022-02-15,2024-12-28,3,2,Clientes recientes en desarrollo,1.3862943611198906
1389,62,Male,Arkansas,No,0,41,2511.5,61.26,2022-01-08,2024-12-25,6,1,Clientes de alto valor activos,1.9459101490553132
1390,59,Male,Illinois,No,0,9,519.9,57.77,2022-04-04,2024-12-11,20,0,Clientes de baja actividad,3.044522437723423
1391,25,Male,Arkansas,No,0,43,2247.8,52.27,2022-04-08,2024-11-30,31,3,Clientes valiosos en riesgo,3.4657359027997265
1392,53,Male,Mississippi,No,0,39,2148.2,55.08,2022-05-01,2024-12-26,5,1,Clientes de alto valor activos,1.791759469228055
1393,31,Male,Arkansas,No,0,35,2013.4,57.53,2022-01-20,2024-12-24,7,1,Clientes de alto valor activos,2.0794415416798357
1394,46,Male,Idaho,No,0,15,822.5,54.83,2022-01-09,2024-12-28,3,2,Clientes recientes en desarrollo,1.3862943611198906
1395,26,Male,Iowa,No,0,40,2002.3,50.06,2022-02-03,2024-12-22,9,1,Clientes de alto valor activos,2.302585092994046
1396,47,Male,West Virginia,No,0,41,2116.8,51.63,2022-05-03,2024-12-28,3,1,Clientes de alto valor activos,1.3862943611198906
1397,37,Male,Wisconsin,No,0,50,2780.3,55.61,2022-03-25,2024-12-22,9,1,Clientes de alto valor activos,2.302585092994046
1398,55,Male,Massachusetts,No,1,34,1644.3,48.36,2022-01-05,2024-10-03,89,3,Clientes valiosos en riesgo,4.499809670330265
1399,30,Male,Texas,No,0,26,1201.7,46.22,2022-01-07,2024-11-29,32,3,Clientes valiosos en riesgo,3.4965075614664802
1400,19,Male,Nebraska,No,0,49,2446.0,49.92,2022-03-16,2024-12-21,10,1,Clientes de alto valor activos,2.3978952727983707
1401,36,Male,Nevada,No,1,23,1082.5,47.07,2022-01-01,2024-08-24,129,0,Clientes de baja actividad,4.867534450455582
1402,23,Male,Indiana,No,0,2,62.0,31.0,2024-02-08,2024-08-01,152,0,Clientes de baja actividad,5.030437921392435
1403,62,Male,North Dakota,No,0,48,2564.7,53.43,2022-01-29,2024-12-06,25,3,Clientes valiosos en riesgo,3.258096538021482
1404,26,Male,Georgia,No,0,21,1093.7,52.08,2022-02-11,2024-12-15,16,2,Clientes recientes en desarrollo,2.833213344056216
1405,36,Male,New Mexico,No,0,11,563.9,51.26,2022-04-22,2024-08-08,145,0,Clientes de baja actividad,4.983606621708336
1406,33,Male,New Hampshire,No,0,40,2101.3,52.53,2022-01-21,2024-12-26,5,1,Clientes de alto valor activos,1.791759469228055
1407,32,Male,Washington,No,0,16,750.6,46.91,2022-03-18,2024-10-15,77,0,Clientes de baja actividad,4.356708826689592
1408,56,Male,Nevada,No,0,12,673.6,56.13,2022-02-04,2024-10-26,66,0,Clientes de baja actividad,4.204692619390966
1409,58,Male,Maine,No,0,39,2187.7,56.09,2022-01-14,2024-12-28,3,1,Clientes de alto valor activos,1.3862943611198906
1410,34,Male,Idaho,No,0,42,2120.9,50.5,2022-01-21,2024-12-25,6,1,Clientes de alto valor activos,1.9459101490553132
1411,61,Male,Tennessee,No,0,19,1000.4,52.65,2022-02-04,2024-09-26,96,0,Clientes de baja actividad,4.574710978503383
1412,48,Male,Louisiana,No,0,14,632.6,45.19,2022-01-01,2024-11-27,34,0,Clientes de baja actividad,3.5553480614894135
1413,25,Male,Michigan,No,0,44,2504.9,56.93,2022-02-01,2024-12-20,11,1,Clientes de alto valor activos,2.4849066497880004
1414,51,Male,New Hampshire,No,0,13,513.2,39.48,2022-07-01,2024-11-23,38,0,Clientes de baja actividad,3.6635616461296463
1415,29,Male,Minnesota,No,0,4,129.6,32.4,2022-03-31,2024-01-07,359,0,Clientes de baja actividad,5.886104031450156
1416,54,Male,Illinois,No,0,13,623.2,47.94,2022-09-04,2024-12-26,5,2,Clientes recientes en desarrollo,1.791759469228055
1417,48,Male,Idaho,No,0,47,2392.3,50.9,2022-02-13,2024-11-30,31,3,Clientes valiosos en riesgo,3.4657359027997265
1418,62,Male,Montana,No,0,22,1015.7,46.17,2022-05-05,2024-12-05,26,3,Clientes valiosos en riesgo,3.295836866004329
1419,18,Male,Alabama,No,0,24,1068.2,44.51,2022-03-27,2024-12-29,2,2,Clientes recientes en desarrollo,1.0986122886681098
1420,43,Male,Montana,No,0,5,269.2,53.84,2022-01-12,2024-12-27,4,2,Clientes recientes en desarrollo,1.6094379124341003
1421,22,Male,California,No,0,46,2554.4,55.53,2022-01-01,2024-12-23,8,1,Clientes de alto valor activos,2.1972245773362196
1422,68,Male,Pennsylvania,No,0,25,1508.0,60.32,2022-05-07,2024-12-24,7,2,Clientes recientes en desarrollo,2.0794415416798357
1423,44,Male,Texas,No,0,4,197.5,49.38,2022-02-12,2024-11-05,56,0,Clientes de baja actividad,4.04305126783455
1424,51,Male,Michigan,No,0,13,800.1,61.55,2022-08-18,2024-12-06,25,0,Clientes de baja actividad,3.258096538021482
1425,66,Male,Connecticut,No,0,35,1871.0,53.46,2022-01-01,2024-12-27,4,1,Clientes de alto valor activos,1.6094379124341003
1426,59,Male,Wyoming,No,0,40,2029.5,50.74,2022-01-23,2024-11-26,35,3,Clientes valiosos en riesgo,3.58351893845611
1427,60,Male,Michigan,No,1,36,1646.0,45.72,2022-03-26,2024-10-13,79,3,Clientes valiosos en riesgo,4.382026634673881
1428,31,Male,South Dakota,No,1,9,401.0,44.56,2022-06-19,2024-04-26,249,0,Clientes de baja actividad,5.521460917862246
1429,20,Male,North Dakota,No,0,43,2076.4,48.29,2022-01-20,2024-12-29,2,1,Clientes de alto valor activos,1.0986122886681098
1430,24,Male,Maryland,No,0,7,370.1,52.87,2022-04-02,2024-11-09,52,0,Clientes de baja actividad,3.970291913552122
1431,48,Male,Michigan,No,0,4,209.2,52.3,2023-10-27,2024-09-10,112,0,Clientes de baja actividad,4.727387818712341
1432,39,Male,South Dakota,No,0,30,1602.2,53.41,2022-02-10,2024-12-22,9,2,Clientes recientes en desarrollo,2.302585092994046
1433,34,Male,Florida,No,0,33,1911.3,57.92,2022-01-01,2024-12-30,1,1,Clientes de alto valor activos,0.6931471805599453
1434,70,Male,Minnesota,No,0,46,2431.7,52.86,2022-03-20,2024-12-22,9,1,Clientes de alto valor activos,2.302585092994046
1435,59,Male,New York,No,0,22,1250.8,56.85,2022-03-02,2024-12-24,7,2,Clientes recientes en desarrollo,2.0794415416798357
1436,45,Male,Oregon,No,0,42,2175.5,51.8,2022-05-08,2024-12-27,4,1,Clientes de alto valor activos,1.6094379124341003
1437,35,Male,Minnesota,No,0,24,1268.5,52.85,2022-06-19,2024-12-22,9,2,Clientes recientes en desarrollo,2.302585092994046
1438,69,Male,Montana,No,0,15,787.4,52.49,2022-05-08,2024-11-24,37,0,Clientes de baja actividad,3.6375861597263857
1439,58,Male,Washington,No,0,25,1220.2,48.81,2022-03-17,2024-11-23,38,3,Clientes valiosos en riesgo,3.6635616461296463
1440,25,Male,New Mexico,No,0,26,1411.4,54.28,2022-01-29,2024-12-29,2,2,Clientes recientes en desarrollo,1.0986122886681098
1441,27,Male,Arizona,No,0,14,718.9,51.35,2022-04-04,2024-12-29,2,2,Clientes recientes en desarrollo,1.0986122886681098
1442,34,Male,Nebraska,No,0,4,166.7,41.68,2022-07-23,2024-09-29,93,0,Clientes de baja actividad,4.543294782270004
1443,53,Male,Idaho,No,0,43,2234.6,51.97,2022-04-04,2024-12-29,2,1,Clientes de alto valor activos,1.0986122886681098
1444,58,Male,Idaho,No,0,3,164.4,54.8,2023-01-27,2024-08-24,129,0,Clientes de baja actividad,4.867534450455582
1445,32,Male,Vermont,No,0,27,1589.8,58.88,2022-01-30,2024-12-07,24,3,Clientes valiosos en riesgo,3.2188758248682006
1446,64,Male,Arkansas,No,0,25,1270.5,50.82,2022-01-01,2024-12-10,21,3,Clientes valiosos en riesgo,3.091042453358316
1447,63,Male,Wyoming,No,0,7,453.6,64.8,2022-12-24,2024-12-22,9,2,Clientes recientes en desarrollo,2.302585092994046
1448,23,Male,New Mexico,No,1,26,1316.1,50.62,2022-05-14,2024-08-27,126,3,Clientes valiosos en riesgo,4.844187086458591
1449,64,Male,West Virginia,No,0,12,611.3,50.94,2022-04-04,2024-11-23,38,0,Clientes de baja actividad,3.6635616461296463
1450,18,Male,New York,No,0,21,1063.6,50.65,2022-01-05,2024-12-22,9,2,Clientes recientes en desarrollo,2.302585092994046
1451,25,Male,Illinois,No,0,26,1462.3,56.24,2022-03-14,2024-12-23,8,2,Clientes recientes en desarrollo,2.1972245773362196
1452,54,Male,Utah,No,0,36,1652.2,45.89,2022-01-27,2024-12-23,8,1,Clientes de alto valor activos,2.1972245773362196
1453,60,Male,Colorado,No,1,12,524.0,43.67,2022-04-21,2024-06-29,185,0,Clientes de baja actividad,5.225746673713202
1454,36,Male,Virginia,No,1,42,1894.8,45.11,2022-05-04,2024-10-31,61,3,Clientes valiosos en riesgo,4.127134385045092
1455,66,Male,Georgia,No,0,18,914.6,50.81,2022-06-16,2024-12-05,26,0,Clientes de baja actividad,3.295836866004329
1456,60,Male,Alabama,No,0,2,187.7,93.85,2022-11-21,2023-12-31,366,0,Clientes de baja actividad,5.905361848054571
1457,59,Male,Montana,No,0,31,1811.0,58.42,2022-01-01,2024-12-29,2,1,Clientes de alto valor activos,1.0986122886681098
1458,58,Male,Pennsylvania,No,0,48,2347.9,48.91,2022-03-07,2024-12-24,7,1,Clientes de alto valor activos,2.0794415416798357
1459,35,Male,Missouri,No,0,35,1933.5,55.24,2022-02-04,2024-12-29,2,1,Clientes de alto valor activos,1.0986122886681098
1460,20,Male,Maine,No,0,19,856.5,45.08,2022-02-10,2024-10-19,73,0,Clientes de baja actividad,4.30406509320417
1461,70,Male,Pennsylvania,No,0,34,1965.1,57.8,2022-02-06,2024-12-28,3,1,Clientes de alto valor activos,1.3862943611198906
1462,54,Male,Oregon,No,0,43,2258.1,52.51,2022-01-15,2024-12-31,0,1,Clientes de alto valor activos,0.0
1463,38,Male,Utah,No,0,3,189.9,63.3,2022-12-29,2024-11-27,34,0,Clientes de baja actividad,3.5553480614894135
1464,54,Male,Oklahoma,No,1,2,148.0,74.0,2023-04-08,2023-06-16,564,0,Clientes de baja actividad,6.336825731146441
1465,33,Male,Montana,No,0,24,1272.6,53.02,2022-07-03,2024-12-25,6,2,Clientes recientes en desarrollo,1.9459101490553132
1466,46,Male,Nebraska,No,0,43,2203.2,51.24,2022-01-01,2024-12-21,10,1,Clientes de alto valor activos,2.3978952727983707
1467,58,Male,Alabama,No,0,4,196.2,49.05,2022-06-17,2024-10-20,72,0,Clientes de baja actividad,4.290459441148391
1468,30,Male,Ohio,No,0,17,831.7,48.92,2022-03-12,2024-12-12,19,2,Clientes recientes en desarrollo,2.995732273553991
1469,42,Male,Arkansas,No,0,47,2282.6,48.57,2022-01-08,2024-12-20,11,1,Clientes de alto valor activos,2.4849066497880004
1470,28,Male,Mississippi,No,0,32,1649.0,51.53,2022-05-13,2024-12-15,16,3,Clientes valiosos en riesgo,2.833213344056216
1471,43,Male,California,No,0,16,842.9,52.68,2022-04-15,2024-12-10,21,2,Clientes recientes en desarrollo,3.091042453358316
1472,31,Male,Alaska,No,0,49,2607.9,53.22,2022-01-08,2024-12-31,0,1,Clientes de alto valor activos,0.0
1473,39,Male,Indiana,No,0,12,701.5,58.46,2022-02-05,2024-11-22,39,0,Clientes de baja actividad,3.6888794541139363
1474,69,Male,Wisconsin,No,0,21,1080.4,51.45,2022-02-11,2024-12-20,11,2,Clientes recientes en desarrollo,2.4849066497880004
1475,31,Male,New Jersey,No,0,7,327.8,46.83,2022-10-02,2024-08-22,131,0,Clientes de baja actividad,4.882801922586371
1476,44,Male,Rhode Island,No,0,25,1245.3,49.81,2022-02-11,2024-11-30,31,3,Clientes valiosos en riesgo,3.4657359027997265
1477,39,Male,Wyoming,No,0,19,1095.6,57.66,2022-01-01,2024-12-15,16,2,Clientes recientes en desarrollo,2.833213344056216
1478,24,Male,Oregon,No,0,2,70.3,35.15,2024-07-11,2024-10-22,70,0,Clientes de baja actividad,4.2626798770413155
1479,28,Male,Washington,No,0,14,706.4,50.46,2022-04-02,2024-10-20,72,0,Clientes de baja actividad,4.290459441148391
1480,48,Male,Washington,No,1,3,118.8,39.6,2022-03-29,2023-07-01,549,0,Clientes de baja actividad,6.309918278226516
1481,39,Male,New Hampshire,No,0,27,1291.6,47.84,2022-02-05,2024-11-23,38,3,Clientes valiosos en riesgo,3.6635616461296463
1482,64,Male,Maryland,No,0,32,1580.1,49.38,2022-02-14,2024-12-02,29,3,Clientes valiosos en riesgo,3.4011973816621555
1483,28,Male,Wisconsin,No,1,44,2216.1,50.37,2022-01-30,2024-10-24,68,3,Clientes valiosos en riesgo,4.23410650459726
1484,39,Male,Massachusetts,No,0,13,773.4,59.49,2022-01-06,2024-12-27,4,2,Clientes recientes en desarrollo,1.6094379124341003
1485,49,Male,Nebraska,No,0,23,1263.4,54.93,2022-01-08,2024-12-26,5,2,Clientes recientes en desarrollo,1.791759469228055
1486,22,Male,Nebraska,No,0,4,174.3,43.58,2022-05-15,2024-10-15,77,0,Clientes de baja actividad,4.356708826689592
1487,25,Male,Idaho,No,1,24,1185.4,49.39,2022-01-08,2024-08-22,131,0,Clientes de baja actividad,4.882801922586371
1488,40,Male,Arizona,No,0,27,1367.1,50.63,2022-01-15,2024-12-27,4,2,Clientes recientes en desarrollo,1.6094379124341003
1489,23,Male,Hawaii,No,0,38,1762.9,46.39,2022-04-15,2024-12-18,13,3,Clientes valiosos en riesgo,2.6390573296152584
1490,24,Male,Missouri,No,0,43,2119.3,49.29,2022-01-01,2024-11-26,35,3,Clientes valiosos en riesgo,3.58351893845611
1491,66,Male,Louisiana,No,0,16,836.1,52.26,2022-02-13,2024-12-31,0,2,Clientes recientes en desarrollo,0.0
1492,27,Male,Arkansas,No,0,11,583.3,53.03,2022-03-12,2024-09-11,111,0,Clientes de baja actividad,4.718498871295094
1493,62,Male,North Carolina,No,0,4,163.6,40.9,2022-04-17,2024-07-24,160,0,Clientes de baja actividad,5.081404364984463
1494,70,Male,North Dakota,No,0,45,2251.5,50.03,2022-01-01,2024-12-31,0,1,Clientes de alto valor activos,0.0
1495,43,Male,Montana,No,0,24,1275.1,53.13,2022-01-01,2024-12-02,29,3,Clientes valiosos en riesgo,3.4011973816621555
1496,45,Male,Rhode Island,No,0,7,462.4,66.06,2023-03-06,2024-11-28,33,0,Clientes de baja actividad,3.5263605246161616
1497,63,Male,Idaho,No,0,10,471.6,47.16,2022-07-21,2024-09-08,114,0,Clientes de baja actividad,4.74493212836325
1498,69,Male,Michigan,No,0,17,876.8,51.58,2022-06-19,2024-09-14,108,0,Clientes de baja actividad,4.6913478822291435
1499,59,Male,Illinois,No,0,47,2460.0,52.34,2022-04-04,2024-12-22,9,1,Clientes de alto valor activos,2.302585092994046
1500,19,Male,Georgia,No,0,25,1308.8,52.35,2022-01-23,2024-11-11,50,3,Clientes valiosos en riesgo,3.9318256327243257
1501,63,Male,Alabama,No,0,23,1266.5,55.07,2022-04-30,2024-12-30,1,2,Clientes recientes en desarrollo,0.6931471805599453
1502,37,Male,Alaska,No,0,14,794.7,56.76,2022-03-11,2024-09-04,118,0,Clientes de baja actividad,4.77912349311153
1503,37,Male,Massachusetts,No,0,21,1035.7,49.32,2022-02-19,2024-11-11,50,0,Clientes de baja actividad,3.9318256327243257
1504,50,Male,Michigan,No,0,47,2660.2,56.6,2022-01-01,2024-12-10,21,3,Clientes valiosos en riesgo,3.091042453358316
1505,60,Male,Alaska,No,0,11,534.0,48.55,2022-03-09,2024-10-30,62,0,Clientes de baja actividad,4.143134726391533
1506,46,Male,North Dakota,No,0,40,1972.6,49.32,2022-03-20,2024-12-30,1,1,Clientes de alto valor activos,0.6931471805599453
1507,35,Male,South Carolina,No,0,45,2446.5,54.37,2022-01-01,2024-12-23,8,1,Clientes de alto valor activos,2.1972245773362196
1508,66,Male,Pennsylvania,No,0,8,483.1,60.39,2022-02-09,2024-11-30,31,0,Clientes de baja actividad,3.4657359027997265
1509,35,Male,Colorado,No,1,4,142.4,35.6,2023-06-24,2024-02-17,318,0,Clientes de baja actividad,5.765191102784844
1510,20,Male,New Hampshire,No,0,45,2231.2,49.58,2022-02-11,2024-12-28,3,1,Clientes de alto valor activos,1.3862943611198906
1511,55,Male,Maryland,No,0,32,1619.1,50.6,2022-01-07,2024-12-24,7,1,Clientes de alto valor activos,2.0794415416798357
1512,34,Male,Georgia,No,0,49,2619.2,53.45,2022-02-05,2024-12-25,6,1,Clientes de alto valor activos,1.9459101490553132
1513,60,Male,Wisconsin,No,0,19,842.8,44.36,2022-03-03,2024-09-15,107,0,Clientes de baja actividad,4.68213122712422
1514,22,Male,Texas,No,0,28,1560.3,55.72,2022-03-09,2024-12-31,0,2,Clientes recientes en desarrollo,0.0
1515,26,Male,Utah,No,0,2,92.9,46.45,2023-01-28,2024-01-02,364,0,Clientes de baja actividad,5.8998973535824915
1516,39,Male,Indiana,No,0,35,1718.5,49.1,2022-03-12,2024-11-22,39,3,Clientes valiosos en riesgo,3.6888794541139363
1517,20,Male,Nevada,No,1,6,352.7,58.78,2022-05-08,2024-01-13,353,0,Clientes de baja actividad,5.869296913133774
1518,57,Male,New Hampshire,No,0,13,601.7,46.28,2022-03-27,2024-12-24,7,2,Clientes recientes en desarrollo,2.0794415416798357
1519,68,Male,New York,No,0,15,830.8,55.39,2022-04-04,2024-11-15,46,0,Clientes de baja actividad,3.8501476017100584
1520,50,Male,Texas,No,0,41,2360.0,57.56,2022-03-02,2024-12-15,16,3,Clientes valiosos en riesgo,2.833213344056216
1521,21,Male,Iowa,No,0,40,2060.1,51.5,2022-02-05,2024-11-30,31,3,Clientes valiosos en riesgo,3.4657359027997265
1522,29,Male,Washington,No,0,51,2307.3,45.24,2022-03-20,2024-12-29,2,1,Clientes de alto valor activos,1.0986122886681098
1523,38,Male,Tennessee,No,0,6,289.3,48.22,2022-03-19,2024-10-07,85,0,Clientes de baja actividad,4.454347296253507
1524,54,Male,Georgia,No,0,36,1927.1,53.53,2022-01-01,2024-12-12,19,3,Clientes valiosos en riesgo,2.995732273553991
1525,22,Male,Massachusetts,No,1,7,382.0,54.57,2023-01-01,2024-04-11,264,0,Clientes de baja actividad,5.579729825986222
1526,29,Male,Oregon,No,0,23,1194.9,51.95,2022-01-16,2024-12-30,1,2,Clientes recientes en desarrollo,0.6931471805599453
1527,41,Male,Oklahoma,No,0,28,1456.4,52.01,2022-02-02,2024-11-30,31,3,Clientes valiosos en riesgo,3.4657359027997265
1528,26,Male,Wisconsin,No,1,34,1452.0,42.71,2022-03-19,2024-09-10,112,3,Clientes valiosos en riesgo,4.727387818712341
1529,69,Male,Oregon,No,0,48,2493.4,51.95,2022-02-06,2024-12-27,4,1,Clientes de alto valor activos,1.6094379124341003
1530,20,Male,Georgia,No,1,49,2340.0,47.76,2022-02-06,2024-10-18,74,3,Clientes valiosos en riesgo,4.31748811353631
1531,59,Male,New Mexico,No,0,23,1123.1,48.83,2022-04-16,2024-12-18,13,2,Clientes recientes en desarrollo,2.6390573296152584
1532,63,Male,Mississippi,No,0,9,403.5,44.83,2022-04-28,2024-07-07,177,0,Clientes de baja actividad,5.181783550292085
1533,68,Male,Wisconsin,No,0,6,278.9,46.48,2022-01-29,2024-08-11,142,0,Clientes de baja actividad,4.962844630259907
1534,50,Male,New Hampshire,No,0,17,819.2,48.19,2022-03-05,2024-11-11,50,0,Clientes de baja actividad,3.9318256327243257
1535,55,Male,Wyoming,No,0,27,1366.1,50.6,2022-01-08,2024-12-01,30,3,Clientes valiosos en riesgo,3.4339872044851463
1536,36,Male,West Virginia,No,0,9,483.7,53.74,2022-06-26,2024-08-31,122,0,Clientes de baja actividad,4.812184355372417
1537,18,Male,Michigan,No,0,18,900.0,50.0,2022-05-09,2024-12-24,7,2,Clientes recientes en desarrollo,2.0794415416798357
1538,68,Male,Alaska,No,0,51,2817.5,55.25,2022-01-09,2024-12-28,3,1,Clientes de alto valor activos,1.3862943611198906
1539,56,Male,Illinois,No,0,23,1006.3,43.75,2022-05-09,2024-10-05,87,0,Clientes de baja actividad,4.477336814478207
1540,32,Male,Hawaii,No,0,20,984.4,49.22,2022-03-11,2024-12-21,10,2,Clientes recientes en desarrollo,2.3978952727983707
1541,28,Male,Colorado,No,0,15,726.8,48.45,2022-03-16,2024-08-16,137,0,Clientes de baja actividad,4.927253685157205
1542,24,Male,Illinois,No,0,36,2110.9,58.64,2022-02-11,2024-12-24,7,1,Clientes de alto valor activos,2.0794415416798357
1543,59,Male,Hawaii,No,0,44,2200.4,50.01,2022-01-23,2024-11-06,55,3,Clientes valiosos en riesgo,4.02535169073515
1544,56,Male,Wisconsin,No,0,25,1213.1,48.52,2022-01-23,2024-11-23,38,3,Clientes valiosos en riesgo,3.6635616461296463
1545,30,Male,Arkansas,No,0,18,851.2,47.29,2022-03-25,2024-12-06,25,2,Clientes recientes en desarrollo,3.258096538021482
1546,48,Male,Delaware,No,0,50,2557.2,51.14,2022-01-01,2024-12-26,5,1,Clientes de alto valor activos,1.791759469228055
1547,60,Male,Oregon,No,0,18,969.3,53.85,2022-09-09,2024-10-11,81,0,Clientes de baja actividad,4.406719247264253
1548,46,Male,South Carolina,No,0,41,2264.2,55.22,2022-02-10,2024-12-30,1,1,Clientes de alto valor activos,0.6931471805599453
1549,69,Male,Maryland,No,0,44,2362.5,53.69,2022-01-22,2024-11-25,36,3,Clientes valiosos en riesgo,3.6109179126442243
1550,19,Male,Kansas,No,0,20,1158.0,57.9,2022-07-02,2024-11-28,33,0,Clientes de baja actividad,3.5263605246161616
1551,66,Male,Arkansas,No,1,41,2175.7,53.07,2022-02-12,2024-10-16,76,3,Clientes valiosos en riesgo,4.343805421853684
1552,64,Male,Minnesota,No,0,14,638.7,45.62,2022-03-04,2024-08-28,125,0,Clientes de baja actividad,4.836281906951478
1553,54,Male,New Mexico,No,0,21,956.7,45.56,2022-02-01,2024-12-06,25,3,Clientes valiosos en riesgo,3.258096538021482
1554,27,Male,Delaware,No,0,22,1070.9,48.68,2022-03-26,2024-11-20,41,3,Clientes valiosos en riesgo,3.7376696182833684
1555,64,Male,Utah,No,1,19,910.9,47.94,2022-04-16,2024-09-03,119,0,Clientes de baja actividad,4.787491742782046
1556,43,Male,Ohio,No,0,45,2469.5,54.88,2022-01-01,2024-12-25,6,1,Clientes de alto valor activos,1.9459101490553132
1557,43,Male,Alabama,No,0,27,1350.0,50.0,2022-01-09,2024-12-29,2,2,Clientes recientes en desarrollo,1.0986122886681098
1558,27,Male,South Dakota,No,0,35,1796.4,51.33,2022-03-13,2024-12-27,4,1,Clientes de alto valor activos,1.6094379124341003
1559,35,Male,New Mexico,No,0,25,1240.0,49.6,2022-01-19,2024-12-28,3,2,Clientes recientes en desarrollo,1.3862943611198906
1560,43,Male,Oregon,No,0,24,1103.3,45.97,2022-02-13,2024-11-26,35,3,Clientes valiosos en riesgo,3.58351893845611
1561,57,Male,Oregon,No,0,4,198.9,49.72,2022-01-01,2024-05-09,236,0,Clientes de baja actividad,5.4680601411351315
1562,50,Male,Mississippi,No,1,3,143.8,47.93,2023-12-26,2024-06-09,205,0,Clientes de baja actividad,5.327876168789581
1563,37,Male,Alabama,No,1,24,1362.7,56.78,2022-03-03,2024-08-24,129,0,Clientes de baja actividad,4.867534450455582
1564,68,Male,Kansas,No,0,9,506.1,56.23,2022-05-13,2024-11-29,32,0,Clientes de baja actividad,3.4965075614664802
1565,22,Male,California,No,0,31,1629.1,52.55,2022-02-05,2024-12-29,2,1,Clientes de alto valor activos,1.0986122886681098
1566,58,Male,Idaho,No,0,49,2623.3,53.54,2022-05-04,2024-12-28,3,1,Clientes de alto valor activos,1.3862943611198906
1567,48,Male,Wyoming,No,0,22,1094.9,49.77,2022-01-01,2024-11-29,32,3,Clientes valiosos en riesgo,3.4965075614664802
1568,30,Male,Minnesota,No,0,10,464.7,46.47,2022-03-28,2024-10-15,77,0,Clientes de baja actividad,4.356708826689592
1569,51,Male,Washington,No,0,9,482.7,53.63,2023-05-07,2024-09-05,117,0,Clientes de baja actividad,4.770684624465665
1570,20,Male,Hawaii,No,0,30,1634.8,54.49,2022-03-11,2024-12-24,7,2,Clientes recientes en desarrollo,2.0794415416798357
1571,30,Male,Missouri,No,0,4,216.1,54.02,2024-07-28,2024-12-13,18,0,Clientes de baja actividad,2.9444389791664403
1572,28,Male,Colorado,No,0,12,579.4,48.28,2022-09-04,2024-12-29,2,2,Clientes recientes en desarrollo,1.0986122886681098
1573,37,Male,Washington,No,0,17,789.2,46.42,2022-08-14,2024-10-31,61,0,Clientes de baja actividad,4.127134385045092
1574,36,Male,North Dakota,No,1,26,1263.0,48.58,2022-04-09,2024-09-27,95,3,Clientes valiosos en riesgo,4.564348191467836
1575,18,Male,Minnesota,No,1,33,1677.5,50.83,2022-01-22,2024-08-30,123,3,Clientes valiosos en riesgo,4.820281565605037
1576,52,Male,California,No,0,29,1419.5,48.95,2022-01-01,2024-12-31,0,1,Clientes de alto valor activos,0.0
1577,56,Male,Michigan,No,0,37,1901.7,51.4,2022-04-02,2024-12-20,11,1,Clientes de alto valor activos,2.4849066497880004
1578,68,Male,Delaware,No,0,8,361.0,45.12,2022-02-03,2024-05-28,217,0,Clientes de baja actividad,5.384495062789089
1579,62,Male,California,No,0,3,152.8,50.93,2022-04-23,2024-09-15,107,0,Clientes de baja actividad,4.68213122712422
1580,35,Male,Oklahoma,No,0,7,327.3,46.76,2023-07-21,2024-08-26,127,0,Clientes de baja actividad,4.852030263919617
1581,65,Male,North Dakota,No,0,31,1582.0,51.03,2022-07-08,2024-12-25,6,1,Clientes de alto valor activos,1.9459101490553132
1582,69,Male,Ohio,No,0,47,2520.2,53.62,2022-02-12,2024-12-28,3,1,Clientes de alto valor activos,1.3862943611198906
1583,28,Male,Hawaii,No,0,40,2207.3,55.18,2022-02-13,2024-12-17,14,3,Clientes valiosos en riesgo,2.70805020110221
1584,37,Male,Maryland,No,1,9,502.0,55.78,2022-03-31,2023-12-29,368,0,Clientes de baja actividad,5.910796644040527
1585,41,Male,Hawaii,No,0,47,2270.7,48.31,2022-02-11,2024-12-19,12,1,Clientes de alto valor activos,2.5649493574615367
1586,37,Male,Alabama,No,0,41,2321.2,56.61,2022-02-02,2024-12-22,9,1,Clientes de alto valor activos,2.302585092994046
1587,25,Male,Oklahoma,No,0,22,1023.8,46.54,2022-03-19,2024-12-27,4,2,Clientes recientes en desarrollo,1.6094379124341003
1588,41,Male,Alabama,No,0,34,1628.7,47.9,2022-01-29,2024-12-25,6,1,Clientes de alto valor activos,1.9459101490553132
1589,48,Male,Vermont,No,0,4,203.7,50.92,2022-04-02,2024-03-08,298,0,Clientes de baja actividad,5.700443573390687
1590,42,Male,Ohio,No,0,49,2609.5,53.26,2022-01-01,2024-12-18,13,1,Clientes de alto valor activos,2.6390573296152584
1591,54,Male,Wisconsin,No,0,9,543.8,60.42,2022-04-24,2024-10-31,61,0,Clientes de baja actividad,4.127134385045092
1592,18,Male,South Dakota,No,0,25,1144.2,45.77,2022-02-15,2024-12-29,2,2,Clientes recientes en desarrollo,1.0986122886681098
1593,56,Male,Iowa,No,1,11,687.9,62.54,2023-03-16,2024-06-18,196,0,Clientes de baja actividad,5.2832037287379885
1594,61,Male,Maryland,No,0,26,1550.7,59.64,2022-01-09,2024-12-26,5,2,Clientes recientes en desarrollo,1.791759469228055
1595,40,Male,Colorado,No,0,4,168.3,42.08,2022-04-28,2024-02-17,318,0,Clientes de baja actividad,5.765191102784844
1596,34,Male,Wisconsin,No,0,46,2144.0,46.61,2022-02-08,2024-12-20,11,1,Clientes de alto valor activos,2.4849066497880004
1597,42,Male,Mississippi,No,0,16,834.0,52.12,2022-03-03,2024-12-31,0,2,Clientes recientes en desarrollo,0.0
1598,43,Male,Mississippi,No,0,35,1876.0,53.6,2022-01-02,2024-12-23,8,1,Clientes de alto valor activos,2.1972245773362196
1599,47,Male,California,No,0,22,1112.7,50.58,2022-01-19,2024-12-14,17,2,Clientes recientes en desarrollo,2.8903717578961645
1600,48,Male,Delaware,No,0,23,1250.7,54.38,2022-01-01,2024-12-23,8,2,Clientes recientes en desarrollo,2.1972245773362196
1601,20,Male,Montana,No,0,25,1283.0,51.32,2022-03-05,2024-12-20,11,2,Clientes recientes en desarrollo,2.4849066497880004
1602,65,Male,Indiana,No,0,34,1953.2,57.45,2022-02-11,2024-12-07,24,3,Clientes valiosos en riesgo,3.2188758248682006
1603,54,Male,West Virginia,No,0,14,750.9,53.64,2022-04-05,2024-10-10,82,0,Clientes de baja actividad,4.418840607796598
1604,23,Male,Iowa,No,0,18,915.3,50.85,2022-01-01,2024-12-05,26,0,Clientes de baja actividad,3.295836866004329
1605,18,Male,Maine,No,0,26,1424.2,54.78,2022-01-07,2024-12-28,3,2,Clientes recientes en desarrollo,1.3862943611198906
1606,70,Male,Connecticut,No,0,16,659.7,41.23,2022-02-11,2024-11-01,60,0,Clientes de baja actividad,4.110873864173311
1607,55,Male,Kansas,No,1,5,266.3,53.26,2022-12-22,2024-04-12,263,0,Clientes de baja actividad,5.575949103146316
1608,49,Male,Vermont,No,0,44,2419.8,55.0,2022-02-05,2024-12-27,4,1,Clientes de alto valor activos,1.6094379124341003
1609,26,Male,Nebraska,No,0,13,774.4,59.57,2022-03-21,2024-09-07,115,0,Clientes de baja actividad,4.7535901911063645
1610,33,Male,Nevada,No,0,4,177.5,44.38,2022-11-27,2024-10-23,69,0,Clientes de baja actividad,4.248495242049359
1611,20,Male,Tennessee,No,1,2,85.3,42.65,2023-07-06,2024-01-06,360,0,Clientes de baja actividad,5.8888779583328805
1612,41,Male,Arkansas,No,0,7,426.1,60.87,2022-11-30,2024-08-31,122,0,Clientes de baja actividad,4.812184355372417
1613,18,Male,Wisconsin,No,0,27,1287.0,47.67,2022-02-11,2024-10-11,81,3,Clientes valiosos en riesgo,4.406719247264253
1614,26,Male,Illinois,No,0,7,348.9,49.84,2022-04-04,2024-11-27,34,0,Clientes de baja actividad,3.5553480614894135
1615,30,Male,Kansas,No,0,23,1162.2,50.53,2022-01-01,2024-12-10,21,3,Clientes valiosos en riesgo,3.091042453358316
1616,64,Male,New York,No,0,46,2555.5,55.55,2022-03-06,2024-12-29,2,1,Clientes de alto valor activos,1.0986122886681098
1617,26,Male,Colorado,No,0,51,2625.3,51.48,2022-01-01,2024-12-28,3,1,Clientes de alto valor activos,1.3862943611198906
1618,43,Male,Wisconsin,No,0,51,2564.7,50.29,2022-03-16,2024-12-28,3,1,Clientes de alto valor activos,1.3862943611198906
1619,63,Male,Michigan,No,0,40,1941.1,48.53,2022-02-18,2024-12-31,0,1,Clientes de alto valor activos,0.0
1620,57,Male,Hawaii,No,0,51,2712.5,53.19,2022-02-05,2024-12-28,3,1,Clientes de alto valor activos,1.3862943611198906
1621,25,Male,Virginia,No,0,28,1439.6,51.41,2022-02-09,2024-12-21,10,2,Clientes recientes en desarrollo,2.3978952727983707
1622,68,Male,Ohio,No,0,39,2056.2,52.72,2022-01-01,2024-11-04,57,3,Clientes valiosos en riesgo,4.060443010546419
1623,31,Male,Missouri,No,0,38,1943.8,51.15,2022-01-01,2024-12-26,5,1,Clientes de alto valor activos,1.791759469228055
1624,64,Male,Indiana,No,0,51,2531.3,49.63,2022-01-22,2024-11-22,39,3,Clientes valiosos en riesgo,3.6888794541139363
1625,38,Male,Florida,No,0,41,1954.1,47.66,2022-03-05,2024-11-28,33,3,Clientes valiosos en riesgo,3.5263605246161616
1626,34,Male,Minnesota,No,0,4,171.6,42.9,2023-05-29,2024-10-06,86,0,Clientes de baja actividad,4.465908118654584
1627,32,Male,Nevada,No,0,46,2472.5,53.75,2022-02-04,2024-12-18,13,1,Clientes de alto valor activos,2.6390573296152584
1628,69,Male,Maine,No,0,9,501.4,55.71,2022-03-25,2024-11-22,39,0,Clientes de baja actividad,3.6888794541139363
1629,45,Male,Massachusetts,No,0,8,444.7,55.59,2022-05-04,2024-08-28,125,0,Clientes de baja actividad,4.836281906951478
1630,35,Male,North Dakota,No,0,14,740.1,52.86,2022-04-04,2024-12-22,9,2,Clientes recientes en desarrollo,2.302585092994046
1631,63,Male,New Jersey,No,0,30,1424.6,47.49,2022-01-09,2024-11-21,40,3,Clientes valiosos en riesgo,3.713572066704308
1632,65,Male,Indiana,No,0,8,446.2,55.78,2022-11-27,2024-11-17,44,0,Clientes de baja actividad,3.8066624897703196
1633,35,Male,Oregon,No,0,51,2982.3,58.48,2022-02-06,2024-12-28,3,1,Clientes de alto valor activos,1.3862943611198906
1634,54,Male,North Dakota,No,0,34,1780.8,52.38,2022-03-11,2024-11-28,33,3,Clientes valiosos en riesgo,3.5263605246161616
1635,28,Male,South Carolina,No,0,31,1582.7,51.05,2022-01-01,2024-12-21,10,3,Clientes valiosos en riesgo,2.3978952727983707
1636,68,Male,North Carolina,No,0,41,1875.9,45.75,2022-02-05,2024-12-25,6,1,Clientes de alto valor activos,1.9459101490553132
1637,58,Male,North Dakota,No,0,50,2582.4,51.65,2022-01-02,2024-12-28,3,1,Clientes de alto valor activos,1.3862943611198906
1638,35,Male,Massachusetts,No,0,33,1587.1,48.09,2022-03-11,2024-12-23,8,1,Clientes de alto valor activos,2.1972245773362196
1639,68,Male,Tennessee,No,0,19,943.3,49.65,2022-02-14,2024-09-06,116,0,Clientes de baja actividad,4.762173934797756
1640,41,Male,Missouri,No,0,51,2679.4,52.54,2022-01-01,2024-12-15,16,1,Clientes de alto valor activos,2.833213344056216
1641,65,Male,Tennessee,No,0,14,700.1,50.01,2022-05-19,2024-11-24,37,0,Clientes de baja actividad,3.6375861597263857
1642,50,Male,Colorado,No,0,2,135.4,67.7,2023-01-13,2024-07-04,180,0,Clientes de baja actividad,5.198497031265826
1643,18,Male,Mississippi,No,0,17,948.5,55.79,2022-03-12,2024-12-20,11,2,Clientes recientes en desarrollo,2.4849066497880004
1644,38,Male,Ohio,No,0,7,320.0,45.71,2022-04-01,2024-10-20,72,0,Clientes de baja actividad,4.290459441148391
1645,68,Male,North Carolina,No,1,22,1030.7,46.85,2022-04-04,2024-09-07,115,0,Clientes de baja actividad,4.7535901911063645
1646,53,Male,Ohio,No,0,37,1975.2,53.38,2022-03-14,2024-12-01,30,3,Clientes valiosos en riesgo,3.4339872044851463
1647,58,Male,Nebraska,No,1,21,1172.7,55.84,2022-02-12,2024-08-10,143,0,Clientes de baja actividad,4.969813299576001
1648,34,Male,Hawaii,No,0,9,396.9,44.1,2022-10-26,2024-10-09,83,0,Clientes de baja actividad,4.430816798843313
1649,36,Male,Oklahoma,No,0,23,1299.5,56.5,2022-01-12,2024-12-26,5,2,Clientes recientes en desarrollo,1.791759469228055
1650,58,Male,Wisconsin,No,0,4,227.6,56.9,2022-08-15,2024-11-24,37,0,Clientes de baja actividad,3.6375861597263857
1651,60,Male,Arkansas,No,0,47,2333.7,49.65,2022-01-01,2024-12-26,5,1,Clientes de alto valor activos,1.791759469228055
1652,59,Male,Texas,No,0,43,2184.6,50.8,2022-03-19,2024-12-26,5,1,Clientes de alto valor activos,1.791759469228055
1653,65,Male,New Mexico,No,0,2,156.8,78.4,2024-03-16,2024-11-30,31,0,Clientes de baja actividad,3.4657359027997265
1654,31,Male,Colorado,No,0,30,1466.8,48.89,2022-02-03,2024-12-22,9,2,Clientes recientes en desarrollo,2.302585092994046
1655,43,Male,Indiana,No,0,15,888.8,59.25,2022-06-24,2024-12-25,6,2,Clientes recientes en desarrollo,1.9459101490553132
1656,37,Male,Arizona,No,0,5,232.6,46.52,2022-04-23,2024-05-15,230,0,Clientes de baja actividad,5.442417710521793
1657,21,Male,Indiana,No,0,42,2089.7,49.75,2022-03-19,2024-12-22,9,1,Clientes de alto valor activos,2.302585092994046
1658,69,Male,Indiana,No,0,5,152.8,30.56,2022-11-28,2024-10-04,88,0,Clientes de baja actividad,4.48863636973214
1659,32,Male,Alaska,No,0,48,2701.7,56.29,2022-01-01,2024-12-28,3,1,Clientes de alto valor activos,1.3862943611198906
1660,53,Male,Utah,No,0,45,2356.8,52.37,2022-02-21,2024-11-29,32,3,Clientes valiosos en riesgo,3.4965075614664802
1661,59,Male,Louisiana,No,0,38,1985.4,52.25,2022-01-16,2024-12-27,4,1,Clientes de alto valor activos,1.6094379124341003
1662,64,Male,Iowa,No,0,22,1024.7,46.58,2022-03-05,2024-12-15,16,2,Clientes recientes en desarrollo,2.833213344056216
1663,63,Male,New Mexico,No,0,47,2292.8,48.78,2022-01-08,2024-12-29,2,1,Clientes de alto valor activos,1.0986122886681098
1664,43,Male,Maine,No,0,2,115.4,57.7,2022-11-26,2024-10-11,81,0,Clientes de baja actividad,4.406719247264253
1665,19,Male,Minnesota,No,1,36,1680.7,46.69,2022-03-04,2024-08-21,132,3,Clientes valiosos en riesgo,4.890349128221754
1666,40,Male,New Mexico,No,0,50,2378.1,47.56,2022-03-12,2024-12-20,11,1,Clientes de alto valor activos,2.4849066497880004
1667,51,Male,Arkansas,No,0,48,2459.7,51.24,2022-01-01,2024-12-31,0,1,Clientes de alto valor activos,0.0
1668,51,Male,Oklahoma,No,0,25,1237.3,49.49,2022-01-07,2024-12-28,3,2,Clientes recientes en desarrollo,1.3862943611198906
1669,66,Male,Utah,No,0,29,1474.5,50.84,2022-02-27,2024-12-22,9,2,Clientes recientes en desarrollo,2.302585092994046
1670,42,Male,Wisconsin,No,0,23,978.2,42.53,2022-01-01,2024-12-28,3,2,Clientes recientes en desarrollo,1.3862943611198906
1671,22,Male,Utah,No,0,21,922.0,43.9,2022-06-19,2024-12-29,2,2,Clientes recientes en desarrollo,1.0986122886681098
1672,31,Male,Utah,No,0,26,1496.5,57.56,2022-03-05,2024-12-26,5,2,Clientes recientes en desarrollo,1.791759469228055
1673,18,Male,South Carolina,No,0,16,631.2,39.45,2022-06-30,2024-09-14,108,0,Clientes de baja actividad,4.6913478822291435
1674,21,Male,Hawaii,No,0,50,2709.7,54.19,2022-01-12,2024-11-24,37,3,Clientes valiosos en riesgo,3.6375861597263857
1675,35,Male,Alaska,No,0,11,475.8,43.25,2022-01-01,2024-10-07,85,0,Clientes de baja actividad,4.454347296253507
1676,35,Male,Colorado,No,1,22,1166.9,53.04,2022-01-09,2024-08-23,130,0,Clientes de baja actividad,4.875197323201151
1677,27,Male,West Virginia,No,0,35,2061.7,58.91,2022-01-08,2024-12-29,2,1,Clientes de alto valor activos,1.0986122886681098
1678,65,Male,Oregon,No,0,42,2268.4,54.01,2022-01-01,2024-12-30,1,1,Clientes de alto valor activos,0.6931471805599453
1679,41,Male,Ohio,No,0,31,1612.3,52.01,2022-02-27,2024-12-29,2,1,Clientes de alto valor activos,1.0986122886681098
1680,60,Male,Massachusetts,No,0,25,1248.9,49.96,2022-01-01,2024-12-25,6,2,Clientes recientes en desarrollo,1.9459101490553132
1681,61,Male,Louisiana,No,1,7,430.2,61.46,2022-05-09,2023-07-23,527,0,Clientes de baja actividad,6.269096283706261
1682,24,Male,Virginia,No,0,15,687.6,45.84,2022-01-30,2024-10-20,72,0,Clientes de baja actividad,4.290459441148391
1683,65,Male,New York,No,0,38,1881.8,49.52,2022-06-19,2024-12-24,7,1,Clientes de alto valor activos,2.0794415416798357
1684,23,Male,Arkansas,No,0,38,2111.3,55.56,2022-04-08,2024-12-31,0,1,Clientes de alto valor activos,0.0
1685,30,Male,New Mexico,No,0,29,1270.7,43.82,2022-01-08,2024-12-15,16,3,Clientes valiosos en riesgo,2.833213344056216
1686,33,Male,Minnesota,No,0,44,2200.8,50.02,2022-03-12,2024-12-29,2,1,Clientes de alto valor activos,1.0986122886681098
1687,22,Male,Illinois,No,0,26,1444.3,55.55,2022-03-26,2024-12-28,3,2,Clientes recientes en desarrollo,1.3862943611198906
1688,67,Male,Georgia,No,0,5,192.5,38.5,2022-10-07,2024-08-08,145,0,Clientes de baja actividad,4.983606621708336
1689,28,Male,Mississippi,No,0,14,809.9,57.85,2022-10-29,2024-12-29,2,2,Clientes recientes en desarrollo,1.0986122886681098
1690,32,Male,North Carolina,No,0,33,1775.3,53.8,2022-01-01,2024-12-28,3,1,Clientes de alto valor activos,1.3862943611198906
1691,40,Male,Nevada,No,0,2,140.6,70.3,2024-06-22,2024-11-24,37,0,Clientes de baja actividad,3.6375861597263857
1692,64,Male,Connecticut,No,0,5,235.0,47.0,2022-12-22,2024-07-13,171,0,Clientes de baja actividad,5.147494476813453
1693,56,Male,Utah,No,0,34,1716.4,50.48,2022-03-05,2024-12-30,1,1,Clientes de alto valor activos,0.6931471805599453
1694,63,Male,Tennessee,No,0,46,2476.9,53.85,2022-01-06,2024-12-31,0,1,Clientes de alto valor activos,0.0
1695,20,Male,Mississippi,No,0,21,1122.4,53.45,2022-04-04,2024-11-24,37,3,Clientes valiosos en riesgo,3.6375861597263857
1696,54,Male,Nebraska,No,0,2,46.5,23.25,2022-07-31,2024-04-26,249,0,Clientes de baja actividad,5.521460917862246
1697,31,Male,West Virginia,No,0,8,428.3,53.54,2022-02-12,2024-11-24,37,0,Clientes de baja actividad,3.6375861597263857
1698,36,Male,South Carolina,No,0,49,2444.0,49.88,2022-01-01,2024-12-20,11,1,Clientes de alto valor activos,2.4849066497880004
1699,25,Male,Iowa,No,0,47,2590.7,55.12,2022-01-07,2024-12-28,3,1,Clientes de alto valor activos,1.3862943611198906
1700,20,Male,North Dakota,No,0,35,1930.6,55.16,2022-02-02,2024-12-27,4,1,Clientes de alto valor activos,1.6094379124341003
1701,62,Male,West Virginia,No,0,37,2014.7,54.45,2022-04-08,2024-12-15,16,3,Clientes valiosos en riesgo,2.833213344056216
1702,69,Male,Mississippi,No,0,45,2066.4,45.92,2022-04-29,2024-12-22,9,1,Clientes de alto valor activos,2.302585092994046
1703,54,Male,Alabama,No,0,49,2391.8,48.81,2022-01-01,2024-12-27,4,1,Clientes de alto valor activos,1.6094379124341003
1704,39,Male,California,No,0,13,726.6,55.89,2022-03-24,2024-12-15,16,2,Clientes recientes en desarrollo,2.833213344056216
1705,56,Male,Idaho,No,0,20,1075.5,53.78,2022-01-01,2024-11-23,38,0,Clientes de baja actividad,3.6635616461296463
1706,39,Male,South Dakota,No,0,50,2283.7,45.67,2022-02-13,2024-12-15,16,1,Clientes de alto valor activos,2.833213344056216
1707,37,Male,North Dakota,No,0,26,1320.0,50.77,2022-01-12,2024-12-26,5,2,Clientes recientes en desarrollo,1.791759469228055
1708,25,Male,Nevada,No,0,26,1320.4,50.78,2022-04-03,2024-12-29,2,2,Clientes recientes en desarrollo,1.0986122886681098
1709,35,Male,Florida,No,1,2,102.2,51.1,2024-05-25,2024-06-05,209,0,Clientes de baja actividad,5.3471075307174685
1710,45,Male,Indiana,No,0,20,1132.2,56.61,2022-04-08,2024-12-27,4,2,Clientes recientes en desarrollo,1.6094379124341003
1711,19,Male,Arkansas,No,0,8,446.1,55.76,2022-03-20,2024-12-01,30,0,Clientes de baja actividad,3.4339872044851463
1712,21,Male,North Carolina,No,0,20,1162.5,58.12,2022-03-05,2024-12-20,11,2,Clientes recientes en desarrollo,2.4849066497880004
1713,65,Male,Illinois,No,0,10,653.9,65.39,2022-06-26,2024-11-21,40,0,Clientes de baja actividad,3.713572066704308
1714,49,Male,Missouri,No,0,38,1903.5,50.09,2022-01-23,2024-12-28,3,1,Clientes de alto valor activos,1.3862943611198906
1715,30,Male,South Dakota,No,1,16,839.7,52.48,2022-01-22,2024-07-06,178,0,Clientes de baja actividad,5.187385805840755
1716,23,Male,Idaho,No,0,31,1542.2,49.75,2022-01-15,2024-12-18,13,3,Clientes valiosos en riesgo,2.6390573296152584
1717,69,Male,Connecticut,No,0,31,1480.2,47.75,2022-01-09,2024-12-15,16,3,Clientes valiosos en riesgo,2.833213344056216
1718,29,Male,Hawaii,No,0,17,775.2,45.6,2022-07-06,2024-12-31,0,2,Clientes recientes en desarrollo,0.0
1719,54,Male,Maryland,No,0,15,799.4,53.29,2022-03-19,2024-12-28,3,2,Clientes recientes en desarrollo,1.3862943611198906
1720,45,Male,Maryland,No,0,9,367.5,40.83,2022-05-07,2024-10-21,71,0,Clientes de baja actividad,4.276666119016055
1721,25,Male,Massachusetts,No,0,41,2077.2,50.66,2022-02-12,2024-12-21,10,1,Clientes de alto valor activos,2.3978952727983707
1722,34,Male,Delaware,No,0,25,1446.6,57.86,2022-01-16,2024-12-20,11,2,Clientes recientes en desarrollo,2.4849066497880004
1723,46,Male,Massachusetts,No,0,15,858.8,57.25,2022-02-14,2024-11-26,35,0,Clientes de baja actividad,3.58351893845611
1724,70,Male,New York,No,0,40,2257.1,56.43,2022-01-23,2024-12-26,5,1,Clientes de alto valor activos,1.791759469228055
1725,42,Male,Delaware,No,0,22,1221.0,55.5,2022-02-06,2024-12-24,7,2,Clientes recientes en desarrollo,2.0794415416798357
1726,45,Male,Massachusetts,No,0,33,1704.9,51.66,2022-06-20,2024-12-28,3,1,Clientes de alto valor activos,1.3862943611198906
1727,57,Male,Indiana,No,0,46,2344.3,50.96,2022-04-02,2024-11-27,34,3,Clientes valiosos en riesgo,3.5553480614894135
1728,49,Male,Virginia,No,0,20,1030.0,51.5,2022-03-19,2024-12-22,9,2,Clientes recientes en desarrollo,2.302585092994046
1729,23,Male,Wyoming,No,0,2,134.0,67.0,2024-04-04,2024-11-27,34,0,Clientes de baja actividad,3.5553480614894135
1730,47,Male,Illinois,No,0,13,672.6,51.74,2022-08-21,2024-10-26,66,0,Clientes de baja actividad,4.204692619390966
1731,23,Male,Alabama,No,0,27,1377.2,51.01,2022-01-01,2024-12-20,11,2,Clientes recientes en desarrollo,2.4849066497880004
1732,21,Male,Idaho,No,0,13,739.7,56.9,2022-04-01,2024-12-28,3,2,Clientes recientes en desarrollo,1.3862943611198906
1733,45,Male,Rhode Island,No,0,37,1933.8,52.26,2022-01-02,2024-12-23,8,1,Clientes de alto valor activos,2.1972245773362196
1734,67,Male,New York,No,1,23,1251.8,54.43,2022-02-18,2024-08-30,123,0,Clientes de baja actividad,4.820281565605037
1735,31,Male,Missouri,No,0,17,813.0,47.82,2022-01-01,2024-12-26,5,2,Clientes recientes en desarrollo,1.791759469228055
1736,58,Male,Texas,No,1,32,1711.0,53.47,2022-01-21,2024-09-06,116,3,Clientes valiosos en riesgo,4.762173934797756
1737,57,Male,Tennessee,No,0,44,2565.8,58.31,2022-01-15,2024-12-27,4,1,Clientes de alto valor activos,1.6094379124341003
1738,42,Male,Ohio,No,0,51,2400.6,47.07,2022-01-01,2024-11-20,41,3,Clientes valiosos en riesgo,3.7376696182833684
1739,60,Male,Tennessee,No,1,38,1779.4,46.83,2022-01-01,2024-09-28,94,3,Clientes valiosos en riesgo,4.553876891600541
1740,21,Male,Minnesota,No,0,24,1117.8,46.58,2022-02-13,2024-12-18,13,2,Clientes recientes en desarrollo,2.6390573296152584
1741,69,Male,Wisconsin,No,0,11,415.3,37.75,2022-03-29,2024-08-22,131,0,Clientes de baja actividad,4.882801922586371
1742,41,Male,Delaware,No,0,21,1278.1,60.86,2022-03-05,2024-09-16,106,0,Clientes de baja actividad,4.672828834461906
1743,51,Male,Kansas,No,0,19,852.8,44.88,2022-04-04,2024-10-31,61,0,Clientes de baja actividad,4.127134385045092
1744,23,Male,Missouri,No,0,4,120.2,30.05,2023-02-02,2024-07-20,164,0,Clientes de baja actividad,5.10594547390058
1745,57,Male,Michigan,No,0,24,1247.2,51.97,2022-02-01,2024-12-18,13,2,Clientes recientes en desarrollo,2.6390573296152584
1746,40,Male,West Virginia,No,0,28,1374.5,49.09,2022-02-03,2024-10-31,61,3,Clientes valiosos en riesgo,4.127134385045092
1747,65,Male,Alabama,No,0,45,2456.2,54.58,2022-01-20,2024-12-20,11,1,Clientes de alto valor activos,2.4849066497880004
1748,61,Male,New Hampshire,No,0,42,2357.6,56.13,2022-03-14,2024-12-21,10,1,Clientes de alto valor activos,2.3978952727983707
1749,34,Male,Montana,No,0,42,2470.1,58.81,2022-03-27,2024-12-29,2,1,Clientes de alto valor activos,1.0986122886681098
1750,43,Male,Wyoming,No,0,37,2058.2,55.63,2022-01-05,2024-12-31,0,1,Clientes de alto valor activos,0.0
1751,31,Male,Missouri,No,0,39,2037.7,52.25,2022-01-22,2024-12-26,5,1,Clientes de alto valor activos,1.791759469228055
1752,57,Male,Ohio,No,0,35,1781.1,50.89,2022-01-01,2024-12-29,2,1,Clientes de alto valor activos,1.0986122886681098
1753,34,Male,South Dakota,No,0,15,935.4,62.36,2022-01-15,2024-12-12,19,2,Clientes recientes en desarrollo,2.995732273553991
1754,25,Male,Colorado,No,0,24,1293.3,53.89,2022-02-03,2024-12-29,2,2,Clientes recientes en desarrollo,1.0986122886681098
1755,66,Male,Massachusetts,No,0,19,882.9,46.47,2022-01-26,2024-11-29,32,0,Clientes de baja actividad,3.4965075614664802
1756,56,Male,Delaware,No,0,46,2308.9,50.19,2022-02-12,2024-12-15,16,1,Clientes de alto valor activos,2.833213344056216
1757,49,Male,New Hampshire,No,0,15,693.4,46.23,2022-05-01,2024-12-29,2,2,Clientes recientes en desarrollo,1.0986122886681098
1758,19,Male,Michigan,No,0,49,2478.8,50.59,2022-04-03,2024-12-27,4,1,Clientes de alto valor activos,1.6094379124341003
1759,27,Male,Pennsylvania,No,0,18,914.8,50.82,2022-01-26,2024-09-01,121,0,Clientes de baja actividad,4.804021044733257
1760,68,Male,Louisiana,No,0,2,86.4,43.2,2023-03-23,2024-07-14,170,0,Clientes de baja actividad,5.14166355650266
1761,20,Male,Minnesota,No,0,40,2249.8,56.24,2022-02-05,2024-12-22,9,1,Clientes de alto valor activos,2.302585092994046
1762,21,Male,Hawaii,No,0,25,1360.7,54.43,2022-01-20,2024-12-20,11,2,Clientes recientes en desarrollo,2.4849066497880004
1763,36,Male,Idaho,No,0,42,2120.1,50.48,2022-02-03,2024-11-21,40,3,Clientes valiosos en riesgo,3.713572066704308
1764,37,Male,Vermont,No,0,29,1359.3,46.87,2022-03-03,2024-10-23,69,3,Clientes valiosos en riesgo,4.248495242049359
1765,61,Male,Delaware,No,0,35,1653.0,47.23,2022-03-10,2024-11-21,40,3,Clientes valiosos en riesgo,3.713572066704308
1766,68,Male,New Mexico,No,0,42,2331.6,55.51,2022-01-01,2024-12-26,5,1,Clientes de alto valor activos,1.791759469228055
1767,60,Male,Alaska,No,0,28,1386.0,49.5,2022-02-01,2024-12-10,21,3,Clientes valiosos en riesgo,3.091042453358316
1768,69,Male,Minnesota,No,0,47,2467.0,52.49,2022-02-03,2024-12-24,7,1,Clientes de alto valor activos,2.0794415416798357
1769,25,Male,Nebraska,No,0,3,205.9,68.63,2022-12-25,2024-04-04,271,0,Clientes de baja actividad,5.605802066295998
1770,32,Male,Alaska,No,1,46,2411.8,52.43,2022-03-18,2024-11-08,53,3,Clientes valiosos en riesgo,3.9889840465642745
1771,53,Male,Michigan,No,0,35,1817.7,51.93,2022-01-01,2024-11-29,32,3,Clientes valiosos en riesgo,3.4965075614664802
1772,46,Male,Indiana,No,0,10,436.3,43.63,2022-02-02,2024-09-01,121,0,Clientes de baja actividad,4.804021044733257
1773,58,Male,Hawaii,No,1,2,143.7,71.85,2023-10-19,2023-11-25,402,0,Clientes de baja actividad,5.998936561946683
1774,21,Male,West Virginia,No,0,18,1085.1,60.28,2022-03-29,2024-12-27,4,2,Clientes recientes en desarrollo,1.6094379124341003
1775,46,Male,New York,No,0,7,274.2,39.17,2022-04-10,2024-11-24,37,0,Clientes de baja actividad,3.6375861597263857
1776,18,Male,Iowa,No,0,13,610.1,46.93,2022-01-30,2024-12-15,16,2,Clientes recientes en desarrollo,2.833213344056216
1777,56,Male,Arizona,No,0,11,630.5,57.32,2022-04-15,2024-10-03,89,0,Clientes de baja actividad,4.499809670330265
1778,18,Male,Minnesota,No,0,5,253.2,50.64,2022-05-05,2024-04-18,257,0,Clientes de baja actividad,5.552959584921617
1779,49,Male,Texas,No,0,9,492.2,54.69,2022-03-12,2024-08-18,135,0,Clientes de baja actividad,4.912654885736052
1780,29,Male,Virginia,No,0,42,2212.2,52.67,2022-01-26,2024-12-27,4,1,Clientes de alto valor activos,1.6094379124341003
1781,67,Male,North Dakota,No,0,50,2823.6,56.47,2022-01-28,2024-12-31,0,1,Clientes de alto valor activos,0.0
1782,31,Male,Iowa,No,0,50,2571.6,51.43,2022-02-07,2024-12-21,10,1,Clientes de alto valor activos,2.3978952727983707
1783,52,Male,Utah,No,0,41,2024.2,49.37,2022-02-01,2024-12-30,1,1,Clientes de alto valor activos,0.6931471805599453
1784,42,Male,Ohio,No,0,31,1500.6,48.41,2022-03-10,2024-11-23,38,3,Clientes valiosos en riesgo,3.6635616461296463
1785,32,Male,Louisiana,No,0,5,288.3,57.66,2023-06-19,2024-12-25,6,2,Clientes recientes en desarrollo,1.9459101490553132
1786,47,Male,Iowa,No,1,23,1149.4,49.97,2022-02-13,2024-09-01,121,0,Clientes de baja actividad,4.804021044733257
1787,45,Male,Maryland,No,0,23,1197.0,52.04,2022-02-15,2024-11-28,33,3,Clientes valiosos en riesgo,3.5263605246161616
1788,20,Male,Montana,No,0,11,601.3,54.66,2022-01-01,2024-08-05,148,0,Clientes de baja actividad,5.003946305945459
1789,66,Male,Illinois,No,0,24,1259.8,52.49,2022-03-24,2024-12-25,6,2,Clientes recientes en desarrollo,1.9459101490553132
1790,52,Male,Arizona,No,0,44,2414.8,54.88,2022-02-03,2024-12-27,4,1,Clientes de alto valor activos,1.6094379124341003
1791,50,Male,North Carolina,No,0,32,1669.3,52.17,2022-02-02,2024-12-27,4,1,Clientes de alto valor activos,1.6094379124341003
1792,62,Male,Montana,No,0,39,1983.2,50.85,2022-02-03,2024-12-26,5,1,Clientes de alto valor activos,1.791759469228055
1793,38,Male,Iowa,No,0,23,1028.5,44.72,2022-04-23,2024-12-29,2,2,Clientes recientes en desarrollo,1.0986122886681098
1794,65,Male,Iowa,No,0,46,2645.7,57.52,2022-01-01,2024-12-24,7,1,Clientes de alto valor activos,2.0794415416798357
1795,60,Male,Ohio,No,0,22,1012.6,46.03,2022-08-31,2024-12-22,9,2,Clientes recientes en desarrollo,2.302585092994046
1796,68,Male,Wisconsin,No,0,10,461.1,46.11,2022-06-17,2024-10-11,81,0,Clientes de baja actividad,4.406719247264253
1797,62,Male,South Carolina,No,1,35,1509.1,43.12,2022-04-13,2024-08-23,130,3,Clientes valiosos en riesgo,4.875197323201151
1798,62,Male,Oregon,No,1,27,1541.4,57.09,2022-04-23,2024-08-23,130,3,Clientes valiosos en riesgo,4.875197323201151
1799,40,Male,North Dakota,No,1,2,140.8,70.4,2022-07-05,2023-06-30,550,0,Clientes de baja actividad,6.311734809152915
1800,32,Male,California,No,0,48,2279.6,47.49,2022-02-04,2024-12-21,10,1,Clientes de alto valor activos,2.3978952727983707
1801,22,Male,Mississippi,No,0,31,1579.8,50.96,2022-02-13,2024-12-28,3,1,Clientes de alto valor activos,1.3862943611198906
1802,33,Male,New Jersey,No,0,49,2692.1,54.94,2022-01-01,2024-12-24,7,1,Clientes de alto valor activos,2.0794415416798357
1803,57,Male,Rhode Island,No,0,32,1867.7,58.37,2022-02-05,2024-12-24,7,1,Clientes de alto valor activos,2.0794415416798357
1804,60,Male,New Hampshire,No,0,34,1696.1,49.89,2022-01-16,2024-12-31,0,1,Clientes de alto valor activos,0.0
1805,30,Male,Louisiana,No,0,40,2216.4,55.41,2022-03-31,2024-12-25,6,1,Clientes de alto valor activos,1.9459101490553132
1806,41,Male,Arizona,No,0,47,2385.3,50.75,2022-03-06,2024-11-28,33,3,Clientes valiosos en riesgo,3.5263605246161616
1807,58,Male,Rhode Island,No,0,25,1249.9,50.0,2022-03-31,2024-12-15,16,2,Clientes recientes en desarrollo,2.833213344056216
1808,34,Male,Vermont,No,0,38,2132.2,56.11,2022-01-09,2024-12-21,10,1,Clientes de alto valor activos,2.3978952727983707
1809,67,Male,Tennessee,No,0,8,500.8,62.6,2022-03-31,2024-11-15,46,0,Clientes de baja actividad,3.8501476017100584
1810,58,Male,Alaska,No,0,7,306.1,43.73,2022-01-30,2024-12-04,27,0,Clientes de baja actividad,3.332204510175204
1811,41,Male,Maryland,No,1,17,810.3,47.66,2022-03-25,2024-07-14,170,0,Clientes de baja actividad,5.14166355650266
1812,42,Male,Wisconsin,No,0,34,1628.9,47.91,2022-01-08,2024-12-18,13,3,Clientes valiosos en riesgo,2.6390573296152584
1813,50,Male,Nevada,No,0,19,1001.7,52.72,2022-04-20,2024-11-26,35,0,Clientes de baja actividad,3.58351893845611
1814,40,Male,Illinois,No,0,25,1447.0,57.88,2022-03-15,2024-12-20,11,2,Clientes recientes en desarrollo,2.4849066497880004
1815,32,Male,Montana,No,0,25,1362.1,54.48,2022-01-08,2024-12-20,11,2,Clientes recientes en desarrollo,2.4849066497880004
1816,51,Male,New Mexico,No,0,49,2591.3,52.88,2022-02-03,2024-12-21,10,1,Clientes de alto valor activos,2.3978952727983707
1817,26,Male,Virginia,No,0,5,237.4,47.48,2022-04-15,2024-05-31,214,0,Clientes de baja actividad,5.3706380281276624
1818,32,Male,Delaware,No,0,21,989.5,47.12,2022-01-16,2024-12-02,29,3,Clientes valiosos en riesgo,3.4011973816621555
1819,58,Male,North Carolina,No,0,48,2288.6,47.68,2022-01-14,2024-12-15,16,1,Clientes de alto valor activos,2.833213344056216
1820,51,Male,Nevada,No,0,51,2355.1,46.18,2022-03-25,2024-12-22,9,1,Clientes de alto valor activos,2.302585092994046
1821,19,Male,Washington,No,0,32,1524.3,47.63,2022-03-09,2024-11-29,32,3,Clientes valiosos en riesgo,3.4965075614664802
1822,57,Male,Maine,No,0,30,1820.1,60.67,2022-05-07,2024-12-27,4,2,Clientes recientes en desarrollo,1.6094379124341003
1823,66,Male,Connecticut,No,0,5,302.9,60.58,2022-02-10,2024-12-22,9,2,Clientes recientes en desarrollo,2.302585092994046
1824,62,Male,Louisiana,No,0,41,2263.2,55.2,2022-01-01,2024-12-29,2,1,Clientes de alto valor activos,1.0986122886681098
1825,58,Male,Illinois,No,0,32,1506.7,47.08,2022-01-01,2024-12-27,4,1,Clientes de alto valor activos,1.6094379124341003
1826,23,Male,South Dakota,No,1,42,2158.5,51.39,2022-01-23,2024-10-11,81,3,Clientes valiosos en riesgo,4.406719247264253
1827,45,Male,Indiana,No,0,45,2492.2,55.38,2022-01-03,2024-12-22,9,1,Clientes de alto valor activos,2.302585092994046
1828,20,Male,Vermont,No,0,32,1458.9,45.59,2022-01-06,2024-12-01,30,3,Clientes valiosos en riesgo,3.4339872044851463
1829,33,Male,New Hampshire,No,0,46,2251.4,48.94,2022-01-12,2024-12-22,9,1,Clientes de alto valor activos,2.302585092994046
1830,30,Male,Oregon,No,0,51,3066.3,60.12,2022-02-11,2024-12-22,9,1,Clientes de alto valor activos,2.302585092994046
1831,50,Male,Kansas,No,0,8,403.6,50.45,2022-09-06,2024-11-28,33,0,Clientes de baja actividad,3.5263605246161616
1832,62,Male,Maine,No,0,6,281.0,46.83,2022-04-03,2024-12-23,8,2,Clientes recientes en desarrollo,2.1972245773362196
1833,69,Male,Louisiana,No,0,49,2349.8,47.96,2022-02-13,2024-12-17,14,1,Clientes de alto valor activos,2.70805020110221
1834,34,Male,Louisiana,No,0,20,919.8,45.99,2022-01-22,2024-10-08,84,0,Clientes de baja actividad,4.442651256490317
1835,49,Male,Indiana,No,0,40,2286.7,57.17,2022-05-01,2024-12-25,6,1,Clientes de alto valor activos,1.9459101490553132
1836,65,Male,Kentucky,No,0,46,2670.8,58.06,2022-01-01,2024-12-30,1,1,Clientes de alto valor activos,0.6931471805599453
1837,66,Male,South Carolina,No,0,36,1712.8,47.58,2022-02-10,2024-11-29,32,3,Clientes valiosos en riesgo,3.4965075614664802
1838,41,Male,Montana,No,0,9,566.0,62.89,2022-05-02,2024-08-30,123,0,Clientes de baja actividad,4.820281565605037
1839,37,Male,Vermont,No,0,12,669.5,55.79,2022-03-24,2024-11-20,41,0,Clientes de baja actividad,3.7376696182833684
1840,32,Male,Mississippi,No,0,33,1680.5,50.92,2022-02-11,2024-12-18,13,3,Clientes valiosos en riesgo,2.6390573296152584
1841,42,Male,Wyoming,No,0,47,2672.7,56.87,2022-01-01,2024-11-29,32,3,Clientes valiosos en riesgo,3.4965075614664802
1842,31,Male,Vermont,No,0,8,432.2,54.02,2022-04-02,2024-05-09,236,0,Clientes de baja actividad,5.4680601411351315
1843,61,Male,Alabama,No,0,2,59.9,29.95,2022-10-02,2024-06-19,195,0,Clientes de baja actividad,5.278114659230517
1844,36,Male,Kentucky,No,0,33,1884.6,57.11,2022-01-22,2024-12-29,2,1,Clientes de alto valor activos,1.0986122886681098
1845,60,Male,South Dakota,No,0,32,1626.6,50.83,2022-01-18,2024-12-22,9,1,Clientes de alto valor activos,2.302585092994046
1846,51,Male,Delaware,No,0,40,2123.5,53.09,2022-01-01,2024-12-28,3,1,Clientes de alto valor activos,1.3862943611198906
1847,68,Male,Wisconsin,No,0,10,538.8,53.88,2022-01-28,2024-12-18,13,2,Clientes recientes en desarrollo,2.6390573296152584
1848,46,Male,Arizona,No,0,50,2432.3,48.65,2022-01-07,2024-12-27,4,1,Clientes de alto valor activos,1.6094379124341003
1849,19,Male,Maine,No,0,35,1732.2,49.49,2022-01-06,2024-12-24,7,1,Clientes de alto valor activos,2.0794415416798357
1850,30,Male,New Mexico,No,0,36,1682.2,46.73,2022-02-03,2024-12-27,4,1,Clientes de alto valor activos,1.6094379124341003
1851,51,Male,Wyoming,No,0,51,2356.8,46.21,2022-01-07,2024-11-28,33,3,Clientes valiosos en riesgo,3.5263605246161616
1852,28,Male,Delaware,No,0,5,270.5,54.1,2022-11-24,2024-05-30,215,0,Clientes de baja actividad,5.375278407684165
1853,41,Male,Pennsylvania,No,0,33,1710.7,51.84,2022-03-19,2024-12-28,3,1,Clientes de alto valor activos,1.3862943611198906
1854,29,Male,North Dakota,No,0,12,717.3,59.78,2022-07-08,2024-10-18,74,0,Clientes de baja actividad,4.31748811353631
1855,25,Male,Kentucky,No,0,50,2651.0,53.02,2022-01-26,2024-12-02,29,3,Clientes valiosos en riesgo,3.4011973816621555
1856,60,Male,Rhode Island,No,0,10,455.6,45.56,2022-04-02,2024-11-21,40,0,Clientes de baja actividad,3.713572066704308
1857,63,Male,Arizona,No,0,31,1494.7,48.22,2022-03-24,2024-12-27,4,1,Clientes de alto valor activos,1.6094379124341003
1858,51,Male,Colorado,No,0,34,1578.2,46.42,2022-05-03,2024-12-17,14,3,Clientes valiosos en riesgo,2.70805020110221
1859,22,Male,Maine,No,0,9,350.7,38.97,2022-07-02,2024-12-20,11,2,Clientes recientes en desarrollo,2.4849066497880004
1860,54,Male,New Jersey,No,0,30,1777.0,59.23,2022-01-02,2024-11-25,36,3,Clientes valiosos en riesgo,3.6109179126442243
1861,18,Male,Kansas,No,0,5,207.5,41.5,2022-03-01,2024-09-11,111,0,Clientes de baja actividad,4.718498871295094
1862,29,Male,South Dakota,No,0,20,986.4,49.32,2022-03-24,2024-12-26,5,2,Clientes recientes en desarrollo,1.791759469228055
1863,59,Male,New Hampshire,No,0,11,418.4,38.04,2022-10-02,2024-12-18,13,2,Clientes recientes en desarrollo,2.6390573296152584
1864,25,Male,Connecticut,No,0,40,2142.8,53.57,2022-01-01,2024-12-30,1,1,Clientes de alto valor activos,0.6931471805599453
1865,19,Male,Wyoming,No,0,22,1081.0,49.14,2022-03-13,2024-11-11,50,0,Clientes de baja actividad,3.9318256327243257
1866,56,Male,Missouri,No,0,13,625.6,48.12,2022-02-06,2024-12-10,21,2,Clientes recientes en desarrollo,3.091042453358316
1867,31,Male,Alaska,No,0,10,555.4,55.54,2022-08-27,2024-11-28,33,0,Clientes de baja actividad,3.5263605246161616
1868,45,Male,Delaware,No,0,21,1032.6,49.17,2022-02-04,2024-12-15,16,2,Clientes recientes en desarrollo,2.833213344056216
1869,23,Male,Indiana,No,0,45,2104.5,46.77,2022-02-12,2024-11-22,39,3,Clientes valiosos en riesgo,3.6888794541139363
1870,18,Male,West Virginia,No,0,17,644.4,37.91,2022-06-05,2024-10-25,67,0,Clientes de baja actividad,4.219507705176107
1871,43,Male,Wyoming,No,0,28,1541.3,55.05,2022-02-12,2024-12-26,5,2,Clientes recientes en desarrollo,1.791759469228055
1872,56,Male,Illinois,No,0,15,875.9,58.39,2022-03-13,2024-12-26,5,2,Clientes recientes en desarrollo,1.791759469228055
1873,43,Male,Alaska,No,0,25,1171.0,46.84,2022-06-28,2024-12-21,10,2,Clientes recientes en desarrollo,2.3978952727983707
1874,64,Male,Wisconsin,No,0,50,2473.9,49.48,2022-05-06,2024-12-26,5,1,Clientes de alto valor activos,1.791759469228055
1875,67,Male,Indiana,No,0,15,995.2,66.35,2022-03-20,2024-12-28,3,2,Clientes recientes en desarrollo,1.3862943611198906
1876,63,Male,Tennessee,No,0,7,361.5,51.64,2022-07-04,2024-09-05,117,0,Clientes de baja actividad,4.770684624465665
1877,54,Male,Illinois,No,0,21,1121.1,53.39,2022-02-15,2024-12-15,16,2,Clientes recientes en desarrollo,2.833213344056216
1878,69,Male,Pennsylvania,No,0,4,234.0,58.5,2022-03-12,2024-05-18,227,0,Clientes de baja actividad,5.429345628954441
1879,34,Male,Oklahoma,No,0,6,288.9,48.15,2022-06-16,2024-11-26,35,0,Clientes de baja actividad,3.58351893845611
1880,56,Male,Tennessee,No,0,47,2351.8,50.04,2022-02-12,2024-12-29,2,1,Clientes de alto valor activos,1.0986122886681098
1881,34,Male,New Jersey,No,0,9,360.9,40.1,2022-09-07,2024-12-05,26,0,Clientes de baja actividad,3.295836866004329
1882,58,Male,New Jersey,No,0,14,784.9,56.06,2022-01-19,2024-11-28,33,0,Clientes de baja actividad,3.5263605246161616
1883,44,Male,Tennessee,No,0,26,1465.4,56.36,2022-01-21,2024-12-21,10,2,Clientes recientes en desarrollo,2.3978952727983707
1884,25,Male,Georgia,No,0,40,1967.9,49.2,2022-01-02,2024-12-21,10,1,Clientes de alto valor activos,2.3978952727983707
1885,27,Male,Arizona,No,0,16,675.5,42.22,2022-03-18,2024-12-01,30,0,Clientes de baja actividad,3.4339872044851463
1886,26,Male,Nevada,No,1,36,1880.1,52.22,2022-03-13,2024-10-18,74,3,Clientes valiosos en riesgo,4.31748811353631
1887,18,Male,Arkansas,No,0,47,2563.3,54.54,2022-02-05,2024-11-30,31,3,Clientes valiosos en riesgo,3.4657359027997265
1888,64,Male,North Dakota,No,0,4,243.4,60.85,2022-07-04,2024-08-17,136,0,Clientes de baja actividad,4.919980925828125
1889,62,Male,South Dakota,No,0,49,2665.7,54.4,2022-01-07,2024-12-22,9,1,Clientes de alto valor activos,2.302585092994046
1890,59,Male,North Carolina,No,1,28,1260.1,45.0,2022-01-02,2024-08-29,124,3,Clientes valiosos en riesgo,4.8283137373023015
1891,36,Male,Hawaii,No,0,6,270.5,45.08,2022-04-29,2024-06-01,213,0,Clientes de baja actividad,5.365976015021851
1892,69,Male,New Hampshire,No,0,49,2684.3,54.78,2022-02-05,2024-12-15,16,1,Clientes de alto valor activos,2.833213344056216
1893,39,Male,California,No,0,13,653.8,50.29,2022-02-03,2024-11-24,37,0,Clientes de baja actividad,3.6375861597263857
1894,28,Male,Delaware,No,1,11,563.4,51.22,2022-08-22,2024-05-09,236,0,Clientes de baja actividad,5.4680601411351315
1895,42,Male,Arizona,No,0,49,2206.7,45.03,2022-03-31,2024-12-21,10,1,Clientes de alto valor activos,2.3978952727983707
1896,31,Male,Washington,No,0,4,173.8,43.45,2022-03-24,2024-07-07,177,0,Clientes de baja actividad,5.181783550292085
1897,57,Male,Nevada,No,0,20,1208.6,60.43,2022-03-12,2024-11-30,31,0,Clientes de baja actividad,3.4657359027997265
1898,53,Male,Alaska,No,0,12,689.8,57.48,2022-04-14,2024-11-29,32,0,Clientes de baja actividad,3.4965075614664802
1899,59,Male,Texas,No,0,26,1354.2,52.08,2022-01-08,2024-12-23,8,2,Clientes recientes en desarrollo,2.1972245773362196
1900,32,Male,New York,No,0,43,2126.9,49.46,2022-02-15,2024-12-10,21,3,Clientes valiosos en riesgo,3.091042453358316
1901,65,Male,Iowa,No,0,35,1661.8,47.48,2022-06-19,2024-12-06,25,3,Clientes valiosos en riesgo,3.258096538021482
1902,56,Male,Arizona,No,0,51,2438.5,47.81,2022-03-25,2024-12-21,10,1,Clientes de alto valor activos,2.3978952727983707
1903,31,Male,New Mexico,No,0,22,1110.0,50.45,2022-01-02,2024-12-18,13,2,Clientes recientes en desarrollo,2.6390573296152584
1904,59,Male,North Carolina,No,0,38,1929.7,50.78,2022-03-23,2024-12-27,4,1,Clientes de alto valor activos,1.6094379124341003
1905,22,Male,Nevada,No,1,47,2033.0,43.26,2022-01-20,2024-08-11,142,3,Clientes valiosos en riesgo,4.962844630259907
1906,47,Male,Idaho,No,0,15,743.0,49.53,2022-03-25,2024-08-31,122,0,Clientes de baja actividad,4.812184355372417
1907,23,Male,Vermont,No,0,25,1304.5,52.18,2022-03-02,2024-12-22,9,2,Clientes recientes en desarrollo,2.302585092994046
1908,69,Male,New Mexico,No,0,37,1889.1,51.06,2022-02-04,2024-12-05,26,3,Clientes valiosos en riesgo,3.295836866004329
1909,18,Male,Georgia,No,0,20,1179.5,58.98,2022-02-04,2024-12-22,9,2,Clientes recientes en desarrollo,2.302585092994046
1910,50,Male,Kentucky,No,0,13,745.2,57.32,2022-01-22,2024-11-27,34,0,Clientes de baja actividad,3.5553480614894135
1911,29,Male,New York,No,0,14,760.4,54.31,2022-07-03,2024-10-05,87,0,Clientes de baja actividad,4.477336814478207
1912,65,Male,Arizona,No,0,33,1904.1,57.7,2022-02-02,2024-12-21,10,1,Clientes de alto valor activos,2.3978952727983707
1913,29,Male,Colorado,No,0,6,313.9,52.32,2022-08-12,2024-12-20,11,2,Clientes recientes en desarrollo,2.4849066497880004
1914,49,Male,Kentucky,No,0,30,1448.3,48.28,2022-04-09,2024-12-26,5,2,Clientes recientes en desarrollo,1.791759469228055
1915,28,Male,Alaska,No,0,41,2436.3,59.42,2022-02-15,2024-12-26,5,1,Clientes de alto valor activos,1.791759469228055
1916,51,Male,Alabama,No,0,45,2319.7,51.55,2022-01-01,2024-12-27,4,1,Clientes de alto valor activos,1.6094379124341003
1917,26,Male,Connecticut,No,0,4,178.4,44.6,2022-05-14,2024-04-01,274,0,Clientes de baja actividad,5.616771097666572
1918,38,Male,Hawaii,No,0,36,1865.1,51.81,2022-04-01,2024-11-26,35,3,Clientes valiosos en riesgo,3.58351893845611
1919,35,Male,Idaho,No,0,34,1908.1,56.12,2022-01-14,2024-12-24,7,1,Clientes de alto valor activos,2.0794415416798357
1920,34,Male,Virginia,No,0,21,973.8,46.37,2022-03-18,2024-12-15,16,2,Clientes recientes en desarrollo,2.833213344056216
1921,51,Male,Connecticut,No,0,41,2124.8,51.82,2022-02-11,2024-12-15,16,3,Clientes valiosos en riesgo,2.833213344056216
1922,47,Male,Michigan,No,0,14,625.0,44.64,2022-03-11,2024-08-27,126,0,Clientes de baja actividad,4.844187086458591
1923,18,Male,Kentucky,No,0,10,496.7,49.67,2022-10-18,2024-11-08,53,0,Clientes de baja actividad,3.9889840465642745
1924,64,Male,Nebraska,No,0,8,411.1,51.39,2022-09-10,2024-12-29,2,2,Clientes recientes en desarrollo,1.0986122886681098
1925,30,Male,Michigan,No,0,43,2245.4,52.22,2022-02-12,2024-12-20,11,1,Clientes de alto valor activos,2.4849066497880004
1926,59,Male,Utah,No,0,45,2720.6,60.46,2022-02-12,2024-12-23,8,1,Clientes de alto valor activos,2.1972245773362196
1927,66,Male,New Mexico,No,0,7,397.7,56.81,2022-05-13,2024-12-05,26,0,Clientes de baja actividad,3.295836866004329
1928,40,Male,Florida,No,0,9,501.6,55.73,2022-03-18,2024-09-01,121,0,Clientes de baja actividad,4.804021044733257
1929,25,Male,Mississippi,No,0,11,502.7,45.7,2022-03-18,2024-10-19,73,0,Clientes de baja actividad,4.30406509320417
1930,59,Male,Hawaii,No,0,47,2599.8,55.31,2022-03-13,2024-12-28,3,1,Clientes de alto valor activos,1.3862943611198906
1931,66,Male,North Carolina,No,0,27,1450.2,53.71,2022-03-13,2024-11-26,35,3,Clientes valiosos en riesgo,3.58351893845611
1932,54,Male,Illinois,No,0,7,382.9,54.7,2022-12-11,2024-12-25,6,2,Clientes recientes en desarrollo,1.9459101490553132
1933,42,Male,Maryland,No,0,48,2630.4,54.8,2022-01-20,2024-11-26,35,3,Clientes valiosos en riesgo,3.58351893845611
1934,48,Male,Montana,No,0,29,1253.9,43.24,2022-04-04,2024-10-20,72,3,Clientes valiosos en riesgo,4.290459441148391
1935,34,Male,Michigan,No,0,24,1328.3,55.35,2022-01-01,2024-12-25,6,2,Clientes recientes en desarrollo,1.9459101490553132
1936,19,Male,North Carolina,No,0,46,2396.2,52.09,2022-05-12,2024-12-23,8,1,Clientes de alto valor activos,2.1972245773362196
1937,70,Male,Minnesota,No,0,45,2374.0,52.76,2022-01-16,2024-12-27,4,1,Clientes de alto valor activos,1.6094379124341003
1938,43,Male,Delaware,No,0,12,703.9,58.66,2022-01-15,2024-12-20,11,2,Clientes recientes en desarrollo,2.4849066497880004
1939,46,Male,Kentucky,No,0,40,1819.0,45.48,2022-01-14,2024-12-05,26,3,Clientes valiosos en riesgo,3.295836866004329
1940,66,Male,Ohio,No,0,21,1120.7,53.37,2022-02-09,2024-12-25,6,2,Clientes recientes en desarrollo,1.9459101490553132
1941,50,Male,Alaska,No,0,49,2407.8,49.14,2022-01-06,2024-12-27,4,1,Clientes de alto valor activos,1.6094379124341003
1942,55,Male,Vermont,No,0,47,2559.1,54.45,2022-01-21,2024-12-01,30,3,Clientes valiosos en riesgo,3.4339872044851463
1943,63,Male,Alabama,No,0,23,1338.7,58.2,2022-03-03,2024-12-05,26,3,Clientes valiosos en riesgo,3.295836866004329
1944,32,Male,Wisconsin,No,0,46,2508.9,54.54,2022-01-27,2024-12-27,4,1,Clientes de alto valor activos,1.6094379124341003
1945,30,Male,Arkansas,No,1,50,2439.7,48.79,2022-02-13,2024-10-30,62,3,Clientes valiosos en riesgo,4.143134726391533
1946,35,Male,Georgia,No,0,10,486.6,48.66,2022-03-02,2024-11-30,31,0,Clientes de baja actividad,3.4657359027997265
1947,59,Male,Louisiana,No,0,42,2320.1,55.24,2022-03-13,2024-12-15,16,3,Clientes valiosos en riesgo,2.833213344056216
1948,59,Male,New York,No,0,3,138.9,46.3,2022-06-19,2024-10-02,90,0,Clientes de baja actividad,4.51085950651685
1949,54,Male,Connecticut,No,0,40,1878.5,46.96,2022-01-01,2024-12-23,8,1,Clientes de alto valor activos,2.1972245773362196
1950,63,Male,Nebraska,No,0,13,748.5,57.58,2022-02-19,2024-11-30,31,0,Clientes de baja actividad,3.4657359027997265
1951,43,Male,Arkansas,No,1,27,1294.6,47.95,2022-02-14,2024-07-30,154,3,Clientes valiosos en riesgo,5.043425116919247
1952,33,Male,Connecticut,No,1,33,1599.3,48.46,2022-01-01,2024-08-31,122,3,Clientes valiosos en riesgo,4.812184355372417
1953,57,Male,Maryland,No,0,51,2599.2,50.96,2022-01-01,2024-12-25,6,1,Clientes de alto valor activos,1.9459101490553132
1954,25,Male,Colorado,No,0,4,225.8,56.45,2023-04-21,2024-12-28,3,2,Clientes recientes en desarrollo,1.3862943611198906
1955,26,Male,Colorado,No,0,4,227.0,56.75,2022-03-25,2024-08-30,123,0,Clientes de baja actividad,4.820281565605037
1956,50,Male,Maine,No,0,38,1901.5,50.04,2022-01-01,2024-12-22,9,1,Clientes de alto valor activos,2.302585092994046
1957,70,Male,Oklahoma,No,0,21,1057.1,50.34,2022-03-16,2024-11-26,35,3,Clientes valiosos en riesgo,3.58351893845611
1958,68,Male,South Carolina,No,0,27,1230.9,45.59,2022-08-22,2024-12-25,6,2,Clientes recientes en desarrollo,1.9459101490553132
1959,39,Male,Nevada,No,0,48,2623.1,54.65,2022-01-27,2024-12-26,5,1,Clientes de alto valor activos,1.791759469228055
1960,46,Male,Colorado,No,0,8,406.6,50.82,2022-01-29,2024-12-17,14,2,Clientes recientes en desarrollo,2.70805020110221
1961,57,Male,Massachusetts,No,0,41,2154.9,52.56,2022-02-01,2024-12-12,19,3,Clientes valiosos en riesgo,2.995732273553991
1962,47,Male,Nevada,No,0,46,2185.0,47.5,2022-01-21,2024-11-10,51,3,Clientes valiosos en riesgo,3.9512437185814275
1963,40,Male,Iowa,No,1,21,926.7,44.13,2022-02-12,2024-07-13,171,0,Clientes de baja actividad,5.147494476813453
1964,52,Male,Michigan,No,0,12,591.3,49.28,2022-11-26,2024-11-01,60,0,Clientes de baja actividad,4.110873864173311
1965,40,Male,West Virginia,No,0,51,2765.3,54.22,2022-04-04,2024-12-28,3,1,Clientes de alto valor activos,1.3862943611198906
1966,67,Male,Indiana,No,0,26,1514.2,58.24,2022-01-29,2024-11-28,33,3,Clientes valiosos en riesgo,3.5263605246161616
1967,67,Male,Indiana,No,0,6,350.3,58.38,2023-03-12,2024-12-26,5,2,Clientes recientes en desarrollo,1.791759469228055
1968,37,Male,Georgia,No,0,5,207.2,41.44,2022-08-29,2024-11-28,33,0,Clientes de baja actividad,3.5263605246161616
1969,67,Male,Minnesota,No,0,26,1037.6,39.91,2022-01-01,2024-12-15,16,3,Clientes valiosos en riesgo,2.833213344056216
1970,64,Male,Louisiana,No,0,12,463.1,38.59,2022-06-09,2024-08-08,145,0,Clientes de baja actividad,4.983606621708336
1971,28,Male,Maryland,No,0,5,255.0,51.0,2022-04-08,2024-11-24,37,0,Clientes de baja actividad,3.6375861597263857
1972,54,Male,Pennsylvania,No,0,2,134.2,67.1,2024-04-21,2024-11-28,33,0,Clientes de baja actividad,3.5263605246161616
1973,54,Male,Louisiana,No,0,49,2364.2,48.25,2022-04-30,2024-12-27,4,1,Clientes de alto valor activos,1.6094379124341003
1974,24,Male,Maryland,No,1,10,480.9,48.09,2022-07-04,2024-06-30,184,0,Clientes de baja actividad,5.220355825078324
1975,27,Male,Tennessee,No,0,3,141.4,47.13,2023-04-23,2024-12-29,2,2,Clientes recientes en desarrollo,1.0986122886681098
1976,53,Male,Illinois,No,0,5,243.1,48.62,2022-04-24,2024-10-30,62,0,Clientes de baja actividad,4.143134726391533
1977,32,Male,Wyoming,No,0,44,2222.0,50.5,2022-01-08,2024-11-29,32,3,Clientes valiosos en riesgo,3.4965075614664802
1978,24,Male,Florida,No,0,33,1860.4,56.38,2022-01-01,2024-12-27,4,1,Clientes de alto valor activos,1.6094379124341003
1979,45,Male,Massachusetts,No,1,2,61.1,30.55,2022-07-22,2022-12-07,755,0,Clientes de baja actividad,6.628041376179533
1980,49,Male,Tennessee,No,0,39,1923.1,49.31,2022-03-03,2024-12-28,3,1,Clientes de alto valor activos,1.3862943611198906
1981,51,Male,Iowa,No,1,26,1455.2,55.97,2022-04-08,2024-09-05,117,3,Clientes valiosos en riesgo,4.770684624465665
1982,69,Male,Michigan,No,0,43,2324.1,54.05,2022-05-15,2024-12-22,9,1,Clientes de alto valor activos,2.302585092994046
1983,41,Male,Kansas,No,0,33,1724.1,52.25,2022-01-04,2024-12-26,5,1,Clientes de alto valor activos,1.791759469228055
1984,59,Male,Georgia,No,0,22,1333.2,60.6,2022-03-02,2024-12-29,2,2,Clientes recientes en desarrollo,1.0986122886681098
1985,26,Male,West Virginia,No,0,27,1220.9,45.22,2022-05-01,2024-12-05,26,3,Clientes valiosos en riesgo,3.295836866004329
1986,23,Male,Tennessee,No,0,7,292.3,41.76,2023-01-23,2024-07-17,167,0,Clientes de baja actividad,5.123963979403259
1987,62,Male,Arkansas,No,0,15,803.2,53.55,2022-01-01,2024-12-15,16,2,Clientes recientes en desarrollo,2.833213344056216
1988,69,Male,Vermont,No,0,5,246.5,49.3,2022-07-04,2024-12-31,0,2,Clientes recientes en desarrollo,0.0
1989,46,Male,Virginia,No,0,27,1256.5,46.54,2022-03-05,2024-12-25,6,2,Clientes recientes en desarrollo,1.9459101490553132
1990,35,Male,Maryland,No,0,40,2111.1,52.78,2022-02-04,2024-12-11,20,3,Clientes valiosos en riesgo,3.044522437723423
1991,32,Male,Connecticut,No,0,16,677.5,42.34,2022-02-06,2024-12-24,7,2,Clientes recientes en desarrollo,2.0794415416798357
1992,46,Male,Missouri,No,0,2,104.7,52.35,2022-06-20,2024-03-30,276,0,Clientes de baja actividad,5.6240175061873385
1993,33,Male,New Jersey,No,0,29,1622.0,55.93,2022-01-01,2024-12-27,4,2,Clientes recientes en desarrollo,1.6094379124341003
1994,32,Male,Arkansas,No,0,18,891.3,49.52,2022-04-03,2024-10-19,73,0,Clientes de baja actividad,4.30406509320417
1995,33,Male,Nevada,No,0,25,1040.8,41.63,2022-03-25,2024-11-21,40,3,Clientes valiosos en riesgo,3.713572066704308
1996,67,Male,Missouri,No,0,30,1659.3,55.31,2022-01-05,2024-12-26,5,2,Clientes recientes en desarrollo,1.791759469228055
1997,67,Male,South Dakota,No,0,19,979.3,51.54,2022-03-18,2024-12-17,14,2,Clientes recientes en desarrollo,2.70805020110221
1998,42,Male,Connecticut,No,0,11,735.4,66.85,2022-08-22,2024-12-28,3,2,Clientes recientes en desarrollo,1.3862943611198906
1999,20,Male,Vermont,No,0,20,1133.8,56.69,2022-03-27,2024-12-28,3,2,Clientes recientes en desarrollo,1.3862943611198906
2000,39,Male,Tennessee,No,0,27,1334.1,49.41,2022-05-06,2024-10-24,68,3,Clientes valiosos en riesgo,4.23410650459726
2001,26,Male,California,No,0,26,1424.2,54.78,2022-03-03,2024-11-02,59,3,Clientes valiosos en riesgo,4.0943445622221
2002,51,Male,Wyoming,No,0,3,188.5,62.83,2023-04-29,2024-12-21,10,2,Clientes recientes en desarrollo,2.3978952727983707
2003,31,Male,New York,No,0,20,1074.7,53.74,2022-04-07,2024-11-28,33,0,Clientes de baja actividad,3.5263605246161616
2004,68,Male,Maine,No,0,33,1795.9,54.42,2022-02-09,2024-12-22,9,1,Clientes de alto valor activos,2.302585092994046
2005,44,Male,Georgia,No,0,14,871.4,62.24,2022-01-05,2024-12-20,11,2,Clientes recientes en desarrollo,2.4849066497880004
2006,18,Male,Tennessee,No,0,31,1741.7,56.18,2022-03-18,2024-12-30,1,1,Clientes de alto valor activos,0.6931471805599453
2007,58,Male,New Mexico,No,0,3,199.2,66.4,2023-01-15,2024-05-03,242,0,Clientes de baja actividad,5.493061443340548
2008,26,Male,Virginia,No,0,9,391.4,43.49,2022-01-01,2024-11-04,57,0,Clientes de baja actividad,4.060443010546419
2009,57,Male,Florida,No,1,28,1582.2,56.51,2022-01-07,2024-08-22,131,3,Clientes valiosos en riesgo,4.882801922586371
2010,37,Male,Alabama,No,0,27,1458.9,54.03,2022-01-07,2024-12-29,2,2,Clientes recientes en desarrollo,1.0986122886681098
2011,24,Male,Texas,No,0,4,189.3,47.32,2022-09-05,2024-05-08,237,0,Clientes de baja actividad,5.472270673671475
2012,57,Male,West Virginia,No,0,5,192.4,38.48,2023-07-12,2024-08-31,122,0,Clientes de baja actividad,4.812184355372417
2013,48,Male,Nevada,No,0,6,332.2,55.37,2023-03-09,2024-09-06,116,0,Clientes de baja actividad,4.762173934797756
2014,39,Male,Virginia,No,0,26,1382.1,53.16,2022-01-05,2024-12-24,7,2,Clientes recientes en desarrollo,2.0794415416798357
2015,51,Male,Wisconsin,No,0,48,2526.0,52.62,2022-03-24,2024-12-05,26,3,Clientes valiosos en riesgo,3.295836866004329
2016,57,Male,Virginia,No,0,9,452.2,50.24,2022-07-02,2024-06-20,194,0,Clientes de baja actividad,5.272999558563747
2017,53,Male,Maine,No,0,21,1335.3,63.59,2022-02-10,2024-12-30,1,2,Clientes recientes en desarrollo,0.6931471805599453
2018,70,Male,Massachusetts,No,0,43,2471.3,57.47,2022-01-01,2024-12-26,5,1,Clientes de alto valor activos,1.791759469228055
2019,60,Male,Arkansas,No,0,21,1064.6,50.7,2022-01-01,2024-12-31,0,2,Clientes recientes en desarrollo,0.0
2020,31,Male,Idaho,No,0,24,1070.8,44.62,2022-03-11,2024-12-01,30,3,Clientes valiosos en riesgo,3.4339872044851463
2021,41,Male,Pennsylvania,No,0,27,1588.2,58.82,2022-04-12,2024-12-31,0,2,Clientes recientes en desarrollo,0.0
2022,62,Male,Maine,No,0,49,2552.1,52.08,2022-01-21,2024-12-25,6,1,Clientes de alto valor activos,1.9459101490553132
2023,59,Male,Alabama,No,1,17,981.5,57.74,2022-03-06,2024-06-28,186,0,Clientes de baja actividad,5.231108616854587
2024,46,Male,Idaho,No,1,29,1380.8,47.61,2022-03-08,2024-10-04,88,3,Clientes valiosos en riesgo,4.48863636973214
2025,62,Male,Arkansas,No,1,40,1952.8,48.82,2022-03-03,2024-10-26,66,3,Clientes valiosos en riesgo,4.204692619390966
2026,42,Male,Delaware,No,0,44,2435.5,55.35,2022-03-08,2024-12-21,10,1,Clientes de alto valor activos,2.3978952727983707
2027,37,Male,Maine,No,0,46,2448.7,53.23,2022-01-01,2024-12-30,1,1,Clientes de alto valor activos,0.6931471805599453
2028,50,Male,Nebraska,No,0,51,2812.8,55.15,2022-02-04,2024-12-24,7,1,Clientes de alto valor activos,2.0794415416798357
2029,29,Male,Ohio,No,0,11,531.5,48.32,2022-12-17,2024-12-26,5,2,Clientes recientes en desarrollo,1.791759469228055
2030,25,Male,Montana,No,0,41,2197.0,53.59,2022-01-01,2024-12-26,5,1,Clientes de alto valor activos,1.791759469228055
2031,66,Male,New Mexico,No,0,39,2144.7,54.99,2022-01-21,2024-12-30,1,1,Clientes de alto valor activos,0.6931471805599453
2032,21,Male,North Carolina,No,0,3,176.7,58.9,2022-03-04,2024-12-18,13,2,Clientes recientes en desarrollo,2.6390573296152584
2033,46,Male,South Carolina,No,0,14,722.6,51.61,2022-01-01,2024-12-28,3,2,Clientes recientes en desarrollo,1.3862943611198906
2034,57,Male,Illinois,No,0,34,1545.0,45.44,2022-02-25,2024-12-06,25,3,Clientes valiosos en riesgo,3.258096538021482
2035,61,Male,Alabama,No,1,28,1308.7,46.74,2022-03-09,2024-08-22,131,3,Clientes valiosos en riesgo,4.882801922586371
2036,53,Male,Oklahoma,No,0,44,2475.1,56.25,2022-01-07,2024-12-30,1,1,Clientes de alto valor activos,0.6931471805599453
2037,37,Male,Minnesota,No,0,47,2388.2,50.81,2022-01-01,2024-12-28,3,1,Clientes de alto valor activos,1.3862943611198906
2038,39,Male,Illinois,No,0,8,382.2,47.78,2022-07-02,2024-08-15,138,0,Clientes de baja actividad,4.9344739331306915
2039,53,Male,Arkansas,No,0,36,1815.3,50.42,2022-01-01,2024-12-01,30,3,Clientes valiosos en riesgo,3.4339872044851463
2040,35,Male,Minnesota,No,1,32,1603.7,50.12,2022-01-07,2024-09-08,114,3,Clientes valiosos en riesgo,4.74493212836325
2041,69,Male,South Carolina,No,0,43,2197.6,51.11,2022-02-03,2024-12-22,9,1,Clientes de alto valor activos,2.302585092994046
2042,66,Male,New York,No,0,15,708.4,47.23,2022-02-12,2024-12-24,7,2,Clientes recientes en desarrollo,2.0794415416798357
2043,19,Male,Alabama,No,0,36,1889.2,52.48,2022-03-05,2024-11-30,31,3,Clientes valiosos en riesgo,3.4657359027997265
2044,47,Male,New York,No,0,50,2831.9,56.64,2022-03-20,2024-12-30,1,1,Clientes de alto valor activos,0.6931471805599453
2045,49,Male,Missouri,No,0,18,1024.2,56.9,2022-02-03,2024-12-25,6,2,Clientes recientes en desarrollo,1.9459101490553132
2046,31,Male,Georgia,No,0,27,1126.6,41.73,2022-03-11,2024-11-24,37,3,Clientes valiosos en riesgo,3.6375861597263857
2047,39,Male,Oklahoma,No,0,31,1753.1,56.55,2022-07-03,2024-12-18,13,3,Clientes valiosos en riesgo,2.6390573296152584
2048,58,Male,Connecticut,No,0,33,1637.7,49.63,2022-01-01,2024-11-29,32,3,Clientes valiosos en riesgo,3.4965075614664802
2049,45,Male,Michigan,No,0,36,1741.5,48.38,2022-01-29,2024-12-21,10,1,Clientes de alto valor activos,2.3978952727983707
2050,68,Male,Rhode Island,No,0,16,665.1,41.57,2022-01-26,2024-10-26,66,0,Clientes de baja actividad,4.204692619390966
2051,35,Male,Mississippi,No,1,11,497.6,45.24,2022-02-04,2024-02-10,325,0,Clientes de baja actividad,5.786897381366708
2052,65,Male,Massachusetts,No,0,15,793.1,52.87,2022-03-08,2024-11-20,41,0,Clientes de baja actividad,3.7376696182833684
2053,45,Male,New Hampshire,No,0,31,1631.4,52.63,2022-02-04,2024-11-30,31,3,Clientes valiosos en riesgo,3.4657359027997265
2054,19,Male,Wyoming,No,0,17,873.2,51.36,2022-03-25,2024-09-23,99,0,Clientes de baja actividad,4.605170185988092
2055,65,Male,New Jersey,No,0,15,695.3,46.35,2022-01-14,2024-11-22,39,0,Clientes de baja actividad,3.6888794541139363
2056,28,Male,Texas,No,0,29,1784.8,61.54,2022-02-08,2024-12-23,8,2,Clientes recientes en desarrollo,2.1972245773362196
2057,55,Male,Minnesota,No,0,30,1579.3,52.64,2022-02-08,2024-12-27,4,2,Clientes recientes en desarrollo,1.6094379124341003
2058,66,Male,South Dakota,No,0,6,335.4,55.9,2022-01-13,2024-10-01,91,0,Clientes de baja actividad,4.5217885770490405
2059,29,Male,Washington,No,0,18,963.5,53.53,2022-03-03,2024-12-25,6,2,Clientes recientes en desarrollo,1.9459101490553132
2060,56,Male,California,No,0,51,2557.2,50.14,2022-01-07,2024-12-21,10,1,Clientes de alto valor activos,2.3978952727983707
2061,21,Male,Wisconsin,No,0,24,1138.4,47.43,2022-01-01,2024-12-08,23,3,Clientes valiosos en riesgo,3.1780538303479458
2062,32,Male,Michigan,No,0,23,1298.8,56.47,2022-01-06,2024-12-29,2,2,Clientes recientes en desarrollo,1.0986122886681098
2063,54,Male,South Carolina,No,0,16,853.4,53.34,2022-02-20,2024-08-15,138,0,Clientes de baja actividad,4.9344739331306915
2064,61,Male,Indiana,No,0,33,1919.6,58.17,2022-01-06,2024-12-23,8,1,Clientes de alto valor activos,2.1972245773362196
2065,31,Male,Arkansas,No,0,6,279.3,46.55,2022-02-12,2024-12-22,9,2,Clientes recientes en desarrollo,2.302585092994046
2066,27,Male,Oregon,No,0,7,375.2,53.6,2022-02-12,2024-09-28,94,0,Clientes de baja actividad,4.553876891600541
2067,64,Male,Illinois,No,0,45,2477.1,55.05,2022-01-01,2024-12-23,8,1,Clientes de alto valor activos,2.1972245773362196
2068,60,Male,Maryland,No,0,24,1245.0,51.88,2022-01-01,2024-12-29,2,2,Clientes recientes en desarrollo,1.0986122886681098
2069,70,Male,Vermont,No,0,45,2215.3,49.23,2022-01-12,2024-12-14,17,3,Clientes valiosos en riesgo,2.8903717578961645
2070,36,Male,Texas,No,0,4,178.7,44.68,2022-03-26,2024-02-10,325,0,Clientes de baja actividad,5.786897381366708
2071,56,Male,Nebraska,No,0,15,795.4,53.03,2022-04-17,2024-08-17,136,0,Clientes de baja actividad,4.919980925828125
2072,69,Male,South Carolina,No,0,38,2112.1,55.58,2022-03-16,2024-12-21,10,1,Clientes de alto valor activos,2.3978952727983707
2073,39,Male,Massachusetts,No,0,23,1268.1,55.13,2022-01-01,2024-11-28,33,3,Clientes valiosos en riesgo,3.5263605246161616
2074,38,Male,Texas,No,0,3,181.1,60.37,2022-02-23,2024-12-04,27,0,Clientes de baja actividad,3.332204510175204
2075,36,Male,Florida,No,0,45,2441.7,54.26,2022-01-01,2024-12-30,1,1,Clientes de alto valor activos,0.6931471805599453
2076,46,Male,South Carolina,No,0,50,2827.6,56.55,2022-01-23,2024-12-21,10,1,Clientes de alto valor activos,2.3978952727983707
2077,59,Male,Florida,No,0,23,1273.0,55.35,2022-01-29,2024-12-27,4,2,Clientes recientes en desarrollo,1.6094379124341003
2078,64,Male,Nebraska,No,0,27,1643.0,60.85,2022-03-25,2024-12-27,4,2,Clientes recientes en desarrollo,1.6094379124341003
2079,49,Male,Hawaii,No,0,41,2112.3,51.52,2022-01-08,2024-12-15,16,3,Clientes valiosos en riesgo,2.833213344056216
2080,32,Male,Montana,No,0,17,1035.1,60.89,2022-02-03,2024-09-01,121,0,Clientes de baja actividad,4.804021044733257
2081,29,Male,South Dakota,No,0,18,994.3,55.24,2022-02-13,2024-12-31,0,2,Clientes recientes en desarrollo,0.0
2082,24,Male,Alabama,No,0,49,2497.7,50.97,2022-01-01,2024-12-21,10,1,Clientes de alto valor activos,2.3978952727983707
2083,41,Male,Arkansas,No,0,29,1480.4,51.05,2022-01-19,2024-12-20,11,2,Clientes recientes en desarrollo,2.4849066497880004
2084,41,Male,Mississippi,No,0,27,1380.5,51.13,2022-01-15,2024-12-27,4,2,Clientes recientes en desarrollo,1.6094379124341003
2085,32,Male,Vermont,No,0,44,2279.5,51.81,2022-06-11,2024-12-24,7,1,Clientes de alto valor activos,2.0794415416798357
2086,69,Male,New York,No,0,39,2246.4,57.6,2022-02-18,2024-12-24,7,1,Clientes de alto valor activos,2.0794415416798357
2087,65,Male,North Dakota,No,0,37,1965.9,53.13,2022-04-02,2024-12-29,2,1,Clientes de alto valor activos,1.0986122886681098
2088,54,Male,Wisconsin,No,0,2,132.5,66.25,2022-02-01,2024-04-30,245,0,Clientes de baja actividad,5.5053315359323625
2089,39,Male,California,No,0,50,2661.7,53.23,2022-01-01,2024-12-27,4,1,Clientes de alto valor activos,1.6094379124341003
2090,37,Male,Maryland,No,0,42,2303.5,54.85,2022-01-01,2024-11-29,32,3,Clientes valiosos en riesgo,3.4965075614664802
2091,51,Male,Massachusetts,No,0,22,1182.4,53.75,2022-07-18,2024-12-26,5,2,Clientes recientes en desarrollo,1.791759469228055
2092,26,Male,Washington,No,0,25,1297.6,51.9,2022-01-07,2024-12-29,2,2,Clientes recientes en desarrollo,1.0986122886681098
2093,42,Male,Minnesota,No,0,28,1285.6,45.91,2022-02-13,2024-12-28,3,2,Clientes recientes en desarrollo,1.3862943611198906
2094,21,Male,Washington,No,0,5,270.9,54.18,2022-06-03,2024-12-21,10,2,Clientes recientes en desarrollo,2.3978952727983707
2095,53,Male,South Carolina,No,0,20,920.2,46.01,2022-03-22,2024-12-13,18,2,Clientes recientes en desarrollo,2.9444389791664403
2096,36,Male,New Mexico,No,1,2,89.7,44.85,2024-04-04,2024-06-19,195,0,Clientes de baja actividad,5.278114659230517
2097,21,Male,North Carolina,No,0,28,1457.6,52.06,2022-03-19,2024-11-29,32,3,Clientes valiosos en riesgo,3.4965075614664802
2098,33,Male,Iowa,No,0,6,243.4,40.57,2022-02-02,2024-12-08,23,0,Clientes de baja actividad,3.1780538303479458
2099,49,Male,Louisiana,No,0,21,1184.2,56.39,2022-07-02,2024-12-25,6,2,Clientes recientes en desarrollo,1.9459101490553132
2100,31,Male,Oklahoma,No,0,51,2553.8,50.07,2022-01-07,2024-12-18,13,1,Clientes de alto valor activos,2.6390573296152584
2101,68,Male,Michigan,No,0,37,1922.1,51.95,2022-01-01,2024-11-23,38,3,Clientes valiosos en riesgo,3.6635616461296463
2102,49,Male,Oregon,No,0,13,594.1,45.7,2022-04-29,2024-12-30,1,2,Clientes recientes en desarrollo,0.6931471805599453
2103,23,Male,Idaho,No,0,24,1356.9,56.54,2022-05-04,2024-11-30,31,3,Clientes valiosos en riesgo,3.4657359027997265
2104,30,Male,Indiana,No,0,22,1170.8,53.22,2022-01-01,2024-12-26,5,2,Clientes recientes en desarrollo,1.791759469228055
2105,53,Male,New Mexico,No,0,48,2662.3,55.46,2022-01-16,2024-12-22,9,1,Clientes de alto valor activos,2.302585092994046
2106,65,Male,South Carolina,No,0,39,2402.4,61.6,2022-04-09,2024-12-29,2,1,Clientes de alto valor activos,1.0986122886681098
2107,60,Male,Vermont,No,0,41,2159.3,52.67,2022-01-06,2024-12-17,14,1,Clientes de alto valor activos,2.70805020110221
2108,46,Male,Delaware,No,0,36,1594.5,44.29,2022-03-30,2024-12-28,3,1,Clientes de alto valor activos,1.3862943611198906
2109,54,Male,North Dakota,No,0,5,369.8,73.96,2022-05-14,2024-03-31,275,0,Clientes de baja actividad,5.62040086571715
2110,59,Male,California,No,0,29,1408.5,48.57,2022-07-04,2024-12-29,2,2,Clientes recientes en desarrollo,1.0986122886681098
2111,52,Male,Montana,No,0,37,1727.2,46.68,2022-01-01,2024-11-28,33,3,Clientes valiosos en riesgo,3.5263605246161616
2112,41,Male,Missouri,No,0,16,909.7,56.86,2022-03-27,2024-12-15,16,2,Clientes recientes en desarrollo,2.833213344056216
2113,43,Male,Tennessee,No,0,8,302.8,37.85,2022-03-03,2024-12-28,3,2,Clientes recientes en desarrollo,1.3862943611198906
2114,63,Male,Virginia,No,0,30,1424.5,47.48,2022-03-25,2024-12-20,11,3,Clientes valiosos en riesgo,2.4849066497880004
2115,37,Male,Vermont,No,0,13,693.5,53.35,2022-02-15,2024-12-22,9,2,Clientes recientes en desarrollo,2.302585092994046
2116,44,Male,Rhode Island,No,0,17,849.3,49.96,2022-02-06,2024-11-26,35,0,Clientes de baja actividad,3.58351893845611
2117,67,Male,Kansas,No,0,51,2896.8,56.8,2022-01-28,2024-12-28,3,1,Clientes de alto valor activos,1.3862943611198906
2118,27,Male,Colorado,No,0,12,620.9,51.74,2022-02-05,2024-11-29,32,0,Clientes de baja actividad,3.4965075614664802
2119,60,Male,Georgia,No,0,29,1340.2,46.21,2022-01-09,2024-11-30,31,3,Clientes valiosos en riesgo,3.4657359027997265
2120,58,Male,Nebraska,No,1,37,1818.0,49.14,2022-01-07,2024-10-20,72,3,Clientes valiosos en riesgo,4.290459441148391
2121,53,Male,Missouri,No,0,39,2061.7,52.86,2022-02-04,2024-12-23,8,1,Clientes de alto valor activos,2.1972245773362196
2122,43,Male,Alaska,No,0,33,1728.6,52.38,2022-01-01,2024-12-25,6,1,Clientes de alto valor activos,1.9459101490553132
2123,32,Male,Virginia,No,0,43,2208.7,51.37,2022-03-04,2024-12-28,3,1,Clientes de alto valor activos,1.3862943611198906
2124,54,Male,Nebraska,No,0,23,1356.6,58.98,2022-01-15,2024-12-22,9,2,Clientes recientes en desarrollo,2.302585092994046
2125,47,Male,Rhode Island,No,0,23,1489.8,64.77,2022-02-03,2024-12-20,11,2,Clientes recientes en desarrollo,2.4849066497880004
2126,57,Male,New Hampshire,No,0,32,1562.7,48.83,2022-01-16,2024-11-22,39,3,Clientes valiosos en riesgo,3.6888794541139363
2127,63,Male,Alabama,No,0,29,1381.0,47.62,2022-01-11,2024-12-25,6,2,Clientes recientes en desarrollo,1.9459101490553132
2128,70,Male,North Carolina,No,0,41,2348.8,57.29,2022-01-14,2024-12-22,9,1,Clientes de alto valor activos,2.302585092994046
2129,62,Male,New Mexico,No,0,22,1271.3,57.79,2022-02-11,2024-12-30,1,2,Clientes recientes en desarrollo,0.6931471805599453
2130,40,Male,Minnesota,No,0,13,680.0,52.31,2022-02-06,2024-11-15,46,0,Clientes de baja actividad,3.8501476017100584
2131,25,Male,Arizona,No,0,34,1783.1,52.44,2022-02-13,2024-11-29,32,3,Clientes valiosos en riesgo,3.4965075614664802
2132,19,Male,Montana,No,0,10,402.0,40.2,2022-04-30,2024-10-04,88,0,Clientes de baja actividad,4.48863636973214
2133,25,Male,Vermont,No,0,16,729.4,45.59,2022-03-22,2024-10-13,79,0,Clientes de baja actividad,4.382026634673881
2134,21,Male,Maine,No,1,14,708.2,50.59,2022-02-05,2024-06-12,202,0,Clientes de baja actividad,5.313205979041787
2135,55,Male,Virginia,No,0,36,2084.3,57.9,2022-03-18,2024-12-25,6,1,Clientes de alto valor activos,1.9459101490553132
2136,34,Male,California,No,0,2,117.5,58.75,2022-11-17,2024-11-06,55,0,Clientes de baja actividad,4.02535169073515
2137,47,Male,New York,No,1,26,1454.7,55.95,2022-03-11,2024-08-27,126,3,Clientes valiosos en riesgo,4.844187086458591
2138,27,Male,Indiana,No,0,21,1002.9,47.76,2022-04-04,2024-11-27,34,3,Clientes valiosos en riesgo,3.5553480614894135
2139,67,Male,Mississippi,No,0,37,1658.1,44.81,2022-02-16,2024-12-31,0,1,Clientes de alto valor activos,0.0
2140,40,Male,New York,No,0,34,1827.6,53.75,2022-03-25,2024-11-29,32,3,Clientes valiosos en riesgo,3.4965075614664802
2141,53,Male,New Mexico,No,0,37,2079.1,56.19,2022-01-21,2024-12-27,4,1,Clientes de alto valor activos,1.6094379124341003
2142,24,Male,Kentucky,No,0,33,1572.2,47.64,2022-03-05,2024-11-21,40,3,Clientes valiosos en riesgo,3.713572066704308
2143,47,Male,North Dakota,No,0,22,1192.5,54.2,2022-01-03,2024-12-28,3,2,Clientes recientes en desarrollo,1.3862943611198906
2144,53,Male,Arkansas,No,0,49,2518.6,51.4,2022-01-01,2024-12-27,4,1,Clientes de alto valor activos,1.6094379124341003
2145,47,Male,Maryland,No,0,26,1418.9,54.57,2022-06-20,2024-12-31,0,2,Clientes recientes en desarrollo,0.0
2146,38,Male,Connecticut,No,0,33,1660.2,50.31,2022-02-13,2024-12-27,4,1,Clientes de alto valor activos,1.6094379124341003
2147,48,Male,Utah,No,0,46,2421.9,52.65,2022-01-17,2024-11-26,35,3,Clientes valiosos en riesgo,3.58351893845611
2148,47,Male,Missouri,No,1,5,279.4,55.88,2022-02-14,2023-12-24,373,0,Clientes de baja actividad,5.924255797414532
2149,19,Male,Nebraska,No,0,20,955.7,47.78,2022-01-03,2024-11-24,37,0,Clientes de baja actividad,3.6375861597263857
2150,38,Male,Hawaii,No,0,2,92.2,46.1,2023-06-04,2024-11-16,45,0,Clientes de baja actividad,3.828641396489095
2151,57,Male,Illinois,No,0,13,748.7,57.59,2022-02-04,2024-11-21,40,0,Clientes de baja actividad,3.713572066704308
2152,70,Male,Vermont,No,1,19,925.8,48.73,2022-04-09,2024-08-16,137,0,Clientes de baja actividad,4.927253685157205
2153,38,Male,New Jersey,No,0,44,2227.7,50.63,2022-01-03,2024-12-29,2,1,Clientes de alto valor activos,1.0986122886681098
2154,35,Male,Kentucky,No,0,32,1776.9,55.53,2022-01-01,2024-12-26,5,1,Clientes de alto valor activos,1.791759469228055
2155,46,Male,Wyoming,No,0,34,1886.0,55.47,2022-03-01,2024-12-27,4,1,Clientes de alto valor activos,1.6094379124341003
2156,32,Male,Hawaii,No,0,47,2679.3,57.01,2022-01-01,2024-12-21,10,1,Clientes de alto valor activos,2.3978952727983707
2157,38,Male,Missouri,No,0,42,2207.0,52.55,2022-01-01,2024-12-30,1,1,Clientes de alto valor activos,0.6931471805599453
2158,41,Male,Mississippi,No,0,42,2169.9,51.66,2022-03-20,2024-12-15,16,3,Clientes valiosos en riesgo,2.833213344056216
2159,19,Male,Massachusetts,No,0,10,459.9,45.99,2022-05-09,2024-11-08,53,0,Clientes de baja actividad,3.9889840465642745
2160,18,Male,Louisiana,No,0,35,1979.4,56.55,2022-02-14,2024-12-25,6,1,Clientes de alto valor activos,1.9459101490553132
2161,45,Male,West Virginia,No,0,22,1328.1,60.37,2022-05-07,2024-12-01,30,3,Clientes valiosos en riesgo,3.4339872044851463
2162,23,Male,Washington,No,0,6,263.3,43.88,2022-05-07,2024-10-09,83,0,Clientes de baja actividad,4.430816798843313
2163,60,Male,Oregon,No,0,33,1718.3,52.07,2022-01-06,2024-12-15,16,3,Clientes valiosos en riesgo,2.833213344056216
2164,52,Male,New York,No,0,45,2284.5,50.77,2022-04-15,2024-11-29,32,3,Clientes valiosos en riesgo,3.4965075614664802
2165,42,Male,Iowa,No,1,47,2190.6,46.61,2022-03-11,2024-10-21,71,3,Clientes valiosos en riesgo,4.276666119016055
2166,29,Male,Idaho,No,0,43,2191.6,50.97,2022-02-20,2024-12-22,9,1,Clientes de alto valor activos,2.302585092994046
2167,31,Male,New Jersey,No,0,51,2581.9,50.63,2022-01-01,2024-12-21,10,1,Clientes de alto valor activos,2.3978952727983707
2168,30,Male,Ohio,No,0,34,1802.0,53.0,2022-01-06,2024-12-29,2,1,Clientes de alto valor activos,1.0986122886681098
2169,23,Male,Connecticut,No,0,33,1755.2,53.19,2022-02-02,2024-12-13,18,3,Clientes valiosos en riesgo,2.9444389791664403
2170,31,Male,Florida,No,0,33,1716.3,52.01,2022-01-01,2024-12-30,1,1,Clientes de alto valor activos,0.6931471805599453
2171,40,Male,South Carolina,No,0,38,2191.5,57.67,2022-02-12,2024-12-05,26,3,Clientes valiosos en riesgo,3.295836866004329
2172,39,Male,Missouri,No,0,10,511.0,51.1,2022-08-15,2024-12-27,4,2,Clientes recientes en desarrollo,1.6094379124341003
2173,28,Male,Rhode Island,No,0,7,406.8,58.11,2022-04-14,2024-09-05,117,0,Clientes de baja actividad,4.770684624465665
2174,23,Male,Delaware,No,0,37,1985.9,53.67,2022-01-09,2024-12-25,6,1,Clientes de alto valor activos,1.9459101490553132
2175,42,Male,Colorado,No,0,2,116.8,58.4,2024-07-18,2024-10-05,87,0,Clientes de baja actividad,4.477336814478207
2176,68,Male,Nebraska,No,0,49,2702.6,55.16,2022-01-14,2024-12-03,28,3,Clientes valiosos en riesgo,3.367295829986474
2177,24,Male,Vermont,No,0,45,2316.5,51.48,2022-01-22,2024-12-31,0,1,Clientes de alto valor activos,0.0
2178,24,Male,Montana,No,0,10,514.4,51.44,2022-02-06,2024-07-14,170,0,Clientes de baja actividad,5.14166355650266
2179,21,Male,Florida,No,0,33,1654.3,50.13,2022-02-04,2024-12-31,0,1,Clientes de alto valor activos,0.0
2180,49,Male,Delaware,No,0,15,913.6,60.91,2022-04-15,2024-12-31,0,2,Clientes recientes en desarrollo,0.0
2181,41,Male,Connecticut,No,1,44,2352.9,53.48,2022-02-01,2024-10-31,61,3,Clientes valiosos en riesgo,4.127134385045092
2182,22,Male,Hawaii,No,0,33,1559.0,47.24,2022-03-19,2024-12-10,21,3,Clientes valiosos en riesgo,3.091042453358316
2183,42,Male,New Mexico,No,0,27,1347.2,49.9,2022-02-25,2024-12-25,6,2,Clientes recientes en desarrollo,1.9459101490553132
2184,30,Male,Kansas,No,0,3,158.2,52.73,2023-07-22,2024-09-25,97,0,Clientes de baja actividad,4.584967478670572
2185,38,Male,Nevada,No,0,17,829.1,48.77,2022-03-12,2024-12-21,10,2,Clientes recientes en desarrollo,2.3978952727983707
2186,40,Male,North Carolina,No,0,51,2582.4,50.64,2022-01-28,2024-12-20,11,1,Clientes de alto valor activos,2.4849066497880004
2187,55,Male,New Mexico,No,0,7,358.0,51.14,2022-02-27,2024-12-10,21,0,Clientes de baja actividad,3.091042453358316
2188,37,Male,Idaho,No,0,21,1138.0,54.19,2022-02-05,2024-11-20,41,0,Clientes de baja actividad,3.7376696182833684
2189,41,Male,California,No,0,10,506.4,50.64,2022-04-02,2024-08-27,126,0,Clientes de baja actividad,4.844187086458591
2190,38,Male,Wisconsin,No,0,48,2697.7,56.2,2022-02-06,2024-12-28,3,1,Clientes de alto valor activos,1.3862943611198906
2191,42,Male,Alaska,No,0,34,1699.7,49.99,2022-03-20,2024-11-23,38,3,Clientes valiosos en riesgo,3.6635616461296463
2192,26,Male,Pennsylvania,No,0,47,2357.7,50.16,2022-01-14,2024-12-29,2,1,Clientes de alto valor activos,1.0986122886681098
2193,41,Male,Virginia,No,0,10,580.6,58.06,2022-09-04,2024-08-29,124,0,Clientes de baja actividad,4.8283137373023015
2194,27,Male,California,No,0,9,412.7,45.86,2022-12-07,2024-10-05,87,0,Clientes de baja actividad,4.477336814478207
2195,61,Male,Kentucky,No,0,49,2623.5,53.54,2022-01-01,2024-12-22,9,1,Clientes de alto valor activos,2.302585092994046
2196,58,Male,New York,No,0,3,164.8,54.93,2023-07-29,2024-11-01,60,0,Clientes de baja actividad,4.110873864173311
2197,25,Male,Vermont,No,0,32,1651.1,51.6,2022-01-15,2024-11-28,33,3,Clientes valiosos en riesgo,3.5263605246161616
2198,33,Male,Pennsylvania,No,0,41,2030.9,49.53,2022-01-21,2024-12-27,4,1,Clientes de alto valor activos,1.6094379124341003
2199,57,Male,New York,No,0,36,1623.9,45.11,2022-03-06,2024-12-22,9,1,Clientes de alto valor activos,2.302585092994046
2200,39,Male,North Carolina,No,0,41,1782.8,43.48,2022-01-05,2024-12-05,26,3,Clientes valiosos en riesgo,3.295836866004329
2201,60,Male,Wyoming,No,0,28,1235.9,44.14,2022-01-14,2024-12-05,26,3,Clientes valiosos en riesgo,3.295836866004329
2202,39,Male,Ohio,No,0,11,653.4,59.4,2022-01-30,2024-12-14,17,2,Clientes recientes en desarrollo,2.8903717578961645
2203,42,Male,Alabama,No,0,24,1172.0,48.83,2022-06-10,2024-12-21,10,2,Clientes recientes en desarrollo,2.3978952727983707
2204,53,Male,Rhode Island,No,0,33,1709.1,51.79,2022-03-17,2024-12-27,4,1,Clientes de alto valor activos,1.6094379124341003
2205,20,Male,Oregon,No,0,7,313.8,44.83,2022-07-04,2024-11-30,31,0,Clientes de baja actividad,3.4657359027997265
2206,46,Male,North Dakota,No,0,28,1119.2,39.97,2022-05-13,2024-12-20,11,2,Clientes recientes en desarrollo,2.4849066497880004
2207,46,Male,Illinois,No,0,26,1408.6,54.18,2022-02-13,2024-12-28,3,2,Clientes recientes en desarrollo,1.3862943611198906
2208,69,Male,New Mexico,No,0,12,760.2,63.35,2022-01-28,2024-12-22,9,2,Clientes recientes en desarrollo,2.302585092994046
2209,28,Male,Colorado,No,0,24,1491.5,62.15,2022-01-08,2024-12-23,8,2,Clientes recientes en desarrollo,2.1972245773362196
2210,42,Male,Utah,No,0,45,2294.7,50.99,2022-04-18,2024-11-21,40,3,Clientes valiosos en riesgo,3.713572066704308
2211,30,Male,Virginia,No,0,36,1799.1,49.97,2022-01-11,2024-12-26,5,1,Clientes de alto valor activos,1.791759469228055
2212,50,Male,Maine,No,0,46,2605.9,56.65,2022-01-06,2024-12-30,1,1,Clientes de alto valor activos,0.6931471805599453
2213,59,Male,Nebraska,No,0,23,1203.2,52.31,2022-02-06,2024-10-26,66,0,Clientes de baja actividad,4.204692619390966
2214,54,Male,Hawaii,No,0,19,898.3,47.28,2022-02-02,2024-12-18,13,2,Clientes recientes en desarrollo,2.6390573296152584
2215,50,Male,Idaho,No,0,21,1074.0,51.14,2022-02-10,2024-12-05,26,3,Clientes valiosos en riesgo,3.295836866004329
2216,25,Male,West Virginia,No,0,29,1558.0,53.72,2022-03-16,2024-11-29,32,3,Clientes valiosos en riesgo,3.4965075614664802
2217,41,Male,Vermont,No,0,16,809.1,50.57,2022-07-12,2024-12-28,3,2,Clientes recientes en desarrollo,1.3862943611198906
2218,35,Male,Indiana,No,0,43,2273.5,52.87,2022-01-25,2024-12-31,0,1,Clientes de alto valor activos,0.0
2219,67,Male,Idaho,No,0,21,1182.2,56.3,2022-02-09,2024-12-26,5,2,Clientes recientes en desarrollo,1.791759469228055
2220,33,Male,Minnesota,No,0,17,891.3,52.43,2022-04-01,2024-12-21,10,2,Clientes recientes en desarrollo,2.3978952727983707
2221,19,Male,Wyoming,No,0,48,2381.0,49.6,2022-01-07,2024-12-25,6,1,Clientes de alto valor activos,1.9459101490553132
2222,25,Male,Kansas,No,0,35,1974.9,56.43,2022-01-20,2024-12-31,0,1,Clientes de alto valor activos,0.0
2223,32,Male,Georgia,No,0,31,1452.2,46.85,2022-02-07,2024-11-29,32,3,Clientes valiosos en riesgo,3.4965075614664802
2224,30,Male,Kansas,No,0,6,392.6,65.43,2022-03-25,2024-09-08,114,0,Clientes de baja actividad,4.74493212836325
2225,18,Male,Nebraska,No,0,39,2112.7,54.17,2022-01-30,2024-12-24,7,1,Clientes de alto valor activos,2.0794415416798357
2226,38,Male,Washington,No,0,19,898.0,47.26,2022-03-06,2024-12-21,10,2,Clientes recientes en desarrollo,2.3978952727983707
2227,22,Male,Missouri,No,0,29,1457.6,50.26,2022-02-14,2024-12-27,4,2,Clientes recientes en desarrollo,1.6094379124341003
2228,40,Male,Washington,No,0,43,2223.1,51.7,2022-01-01,2024-12-25,6,1,Clientes de alto valor activos,1.9459101490553132
2229,54,Male,Kansas,No,1,6,206.0,34.33,2022-11-05,2024-04-16,259,0,Clientes de baja actividad,5.560681631015528
2230,70,Male,Minnesota,No,0,51,2762.1,54.16,2022-03-19,2024-12-30,1,1,Clientes de alto valor activos,0.6931471805599453
2231,52,Male,Colorado,No,0,34,1873.8,55.11,2022-02-25,2024-11-28,33,3,Clientes valiosos en riesgo,3.5263605246161616
2232,34,Male,Utah,No,0,2,113.8,56.9,2023-10-07,2024-12-22,9,2,Clientes recientes en desarrollo,2.302585092994046
2233,65,Male,North Carolina,No,0,15,735.8,49.05,2022-02-01,2024-10-24,68,0,Clientes de baja actividad,4.23410650459726
2234,38,Male,Florida,No,0,49,2358.8,48.14,2022-02-12,2024-12-31,0,1,Clientes de alto valor activos,0.0
2235,35,Male,New Hampshire,No,0,27,1628.5,60.31,2022-04-06,2024-12-22,9,2,Clientes recientes en desarrollo,2.302585092994046
2236,40,Male,Illinois,No,0,45,2366.3,52.58,2022-01-12,2024-12-15,16,1,Clientes de alto valor activos,2.833213344056216
2237,23,Male,Louisiana,No,0,19,948.3,49.91,2022-05-09,2024-12-25,6,2,Clientes recientes en desarrollo,1.9459101490553132
2238,45,Male,Alabama,No,0,32,1640.8,51.28,2022-02-10,2024-12-12,19,3,Clientes valiosos en riesgo,2.995732273553991
2239,40,Male,Florida,No,0,19,1105.4,58.18,2022-01-14,2024-12-24,7,2,Clientes recientes en desarrollo,2.0794415416798357
2240,42,Male,Alabama,No,0,42,2258.9,53.78,2022-02-01,2024-12-26,5,1,Clientes de alto valor activos,1.791759469228055
2241,57,Male,California,No,0,19,1013.1,53.32,2022-01-14,2024-12-27,4,2,Clientes recientes en desarrollo,1.6094379124341003
2242,18,Male,Maryland,No,1,4,180.5,45.12,2023-02-26,2023-08-26,493,0,Clientes de baja actividad,6.202535517187923
2243,18,Male,Nevada,No,0,6,363.5,60.58,2022-05-07,2024-11-23,38,0,Clientes de baja actividad,3.6635616461296463
2244,56,Male,Massachusetts,No,0,14,712.4,50.89,2022-03-06,2024-12-27,4,2,Clientes recientes en desarrollo,1.6094379124341003
2245,35,Male,South Carolina,No,0,23,1205.2,52.4,2022-03-05,2024-12-21,10,2,Clientes recientes en desarrollo,2.3978952727983707
2246,49,Male,Delaware,No,0,46,2136.8,46.45,2022-01-01,2024-12-27,4,1,Clientes de alto valor activos,1.6094379124341003
2247,49,Male,Hawaii,No,0,40,2239.7,55.99,2022-02-06,2024-12-31,0,1,Clientes de alto valor activos,0.0
2248,34,Male,Florida,No,0,19,945.0,49.74,2022-05-15,2024-12-18,13,2,Clientes recientes en desarrollo,2.6390573296152584
2249,63,Male,Rhode Island,No,0,20,1063.5,53.18,2022-05-08,2024-12-30,1,2,Clientes recientes en desarrollo,0.6931471805599453
2250,42,Male,Wyoming,No,0,30,1785.7,59.52,2022-01-08,2024-12-28,3,1,Clientes de alto valor activos,1.3862943611198906
2251,41,Male,Colorado,No,1,20,1027.4,51.37,2022-02-06,2024-08-29,124,0,Clientes de baja actividad,4.8283137373023015
2252,26,Male,Virginia,No,0,23,1065.3,46.32,2022-01-15,2024-12-24,7,2,Clientes recientes en desarrollo,2.0794415416798357
2253,48,Male,Nebraska,No,0,22,1250.9,56.86,2022-05-19,2024-12-27,4,2,Clientes recientes en desarrollo,1.6094379124341003
2254,62,Male,Oklahoma,No,0,23,1214.7,52.81,2022-04-04,2024-11-25,36,3,Clientes valiosos en riesgo,3.6109179126442243
2255,24,Male,North Dakota,No,0,45,2455.5,54.57,2022-01-13,2024-12-10,21,3,Clientes valiosos en riesgo,3.091042453358316
2256,48,Male,Michigan,No,0,43,2263.5,52.64,2022-06-19,2024-12-23,8,1,Clientes de alto valor activos,2.1972245773362196
2257,31,Male,California,No,0,34,1574.2,46.3,2022-04-21,2024-10-31,61,3,Clientes valiosos en riesgo,4.127134385045092
2258,41,Male,Tennessee,No,0,7,443.6,63.37,2022-01-08,2024-09-07,115,0,Clientes de baja actividad,4.7535901911063645
2259,24,Male,Ohio,No,0,45,2492.4,55.39,2022-01-01,2024-12-25,6,1,Clientes de alto valor activos,1.9459101490553132
2260,60,Male,Florida,No,0,25,1207.1,48.28,2022-04-13,2024-12-27,4,2,Clientes recientes en desarrollo,1.6094379124341003
2261,38,Male,Missouri,No,0,17,847.4,49.85,2022-07-20,2024-12-30,1,2,Clientes recientes en desarrollo,0.6931471805599453
2262,58,Male,South Carolina,No,0,13,792.9,60.99,2022-03-19,2024-12-05,26,0,Clientes de baja actividad,3.295836866004329
2263,53,Male,Arizona,No,0,51,2663.5,52.23,2022-01-28,2024-12-26,5,1,Clientes de alto valor activos,1.791759469228055
2264,44,Male,Indiana,No,0,43,2150.7,50.02,2022-02-15,2024-12-29,2,1,Clientes de alto valor activos,1.0986122886681098
2265,51,Male,North Dakota,No,0,51,2675.6,52.46,2022-01-02,2024-12-22,9,1,Clientes de alto valor activos,2.302585092994046
2266,36,Male,Montana,No,0,11,449.1,40.83,2022-04-21,2024-09-02,120,0,Clientes de baja actividad,4.795790545596741
2267,20,Male,Missouri,No,0,33,1716.7,52.02,2022-02-12,2024-12-23,8,1,Clientes de alto valor activos,2.1972245773362196
2268,32,Male,Kentucky,No,0,38,1919.4,50.51,2022-01-01,2024-12-25,6,1,Clientes de alto valor activos,1.9459101490553132
2269,66,Male,Georgia,No,0,16,789.1,49.32,2022-03-20,2024-11-25,36,0,Clientes de baja actividad,3.6109179126442243
2270,49,Male,Kentucky,No,0,28,1436.6,51.31,2022-01-29,2024-11-30,31,3,Clientes valiosos en riesgo,3.4657359027997265
2271,27,Male,Georgia,No,0,8,486.3,60.79,2022-07-31,2024-11-23,38,0,Clientes de baja actividad,3.6635616461296463
2272,29,Male,Alaska,No,0,50,2842.9,56.86,2022-01-26,2024-12-27,4,1,Clientes de alto valor activos,1.6094379124341003
2273,29,Male,Maine,No,0,45,2270.4,50.45,2022-03-08,2024-11-30,31,3,Clientes valiosos en riesgo,3.4657359027997265
2274,55,Male,New Mexico,No,0,14,774.8,55.34,2022-04-17,2024-10-04,88,0,Clientes de baja actividad,4.48863636973214
2275,57,Male,New York,No,0,39,2034.1,52.16,2022-03-03,2024-12-25,6,1,Clientes de alto valor activos,1.9459101490553132
2276,29,Male,Oklahoma,No,0,11,449.7,40.88,2022-04-02,2024-10-18,74,0,Clientes de baja actividad,4.31748811353631
2277,31,Male,Wyoming,No,0,26,1196.6,46.02,2022-01-23,2024-12-18,13,2,Clientes recientes en desarrollo,2.6390573296152584
2278,25,Male,Alabama,No,0,19,1053.1,55.43,2022-02-14,2024-11-30,31,0,Clientes de baja actividad,3.4657359027997265
2279,61,Male,Maryland,No,0,7,416.9,59.56,2022-04-17,2024-09-08,114,0,Clientes de baja actividad,4.74493212836325
2280,53,Male,West Virginia,No,0,36,1772.5,49.24,2022-01-13,2024-12-27,4,1,Clientes de alto valor activos,1.6094379124341003
2281,22,Male,Kentucky,No,0,32,1818.8,56.84,2022-02-12,2024-12-22,9,1,Clientes de alto valor activos,2.302585092994046
2282,28,Male,Kansas,No,0,42,2208.5,52.58,2022-04-19,2024-12-30,1,1,Clientes de alto valor activos,0.6931471805599453
2283,18,Male,Idaho,No,1,9,365.6,40.62,2022-05-15,2024-06-05,209,0,Clientes de baja actividad,5.3471075307174685
2284,44,Male,Ohio,No,0,35,1742.9,49.8,2022-01-27,2024-11-26,35,3,Clientes valiosos en riesgo,3.58351893845611
2285,32,Male,Iowa,No,0,21,1195.5,56.93,2022-04-04,2024-11-29,32,3,Clientes valiosos en riesgo,3.4965075614664802
2286,34,Male,Michigan,No,0,39,2226.0,57.08,2022-01-01,2024-12-25,6,1,Clientes de alto valor activos,1.9459101490553132
2287,67,Male,South Dakota,No,1,36,1818.5,50.51,2022-01-31,2024-09-10,112,3,Clientes valiosos en riesgo,4.727387818712341
2288,66,Male,Nebraska,No,0,7,371.4,53.06,2022-10-13,2024-11-28,33,0,Clientes de baja actividad,3.5263605246161616
2289,28,Male,California,No,0,51,2464.4,48.32,2022-03-05,2024-12-27,4,1,Clientes de alto valor activos,1.6094379124341003
2290,70,Male,Nevada,No,0,48,2812.6,58.6,2022-07-05,2024-12-27,4,1,Clientes de alto valor activos,1.6094379124341003
2291,37,Male,Kansas,No,0,24,1242.9,51.79,2022-02-02,2024-12-25,6,2,Clientes recientes en desarrollo,1.9459101490553132
2292,28,Male,Ohio,No,1,14,679.0,48.5,2022-11-11,2024-08-28,125,0,Clientes de baja actividad,4.836281906951478
2293,43,Male,Vermont,No,0,32,1657.8,51.81,2022-01-07,2024-12-27,4,1,Clientes de alto valor activos,1.6094379124341003
2294,37,Male,Georgia,No,0,17,886.7,52.16,2022-01-19,2024-10-15,77,0,Clientes de baja actividad,4.356708826689592
2295,54,Male,Maryland,No,0,41,2346.8,57.24,2022-01-01,2024-12-31,0,1,Clientes de alto valor activos,0.0
2296,50,Male,Connecticut,No,0,46,2468.1,53.65,2022-01-09,2024-12-01,30,3,Clientes valiosos en riesgo,3.4339872044851463
2297,46,Male,Washington,No,0,51,2730.1,53.53,2022-01-07,2024-12-24,7,1,Clientes de alto valor activos,2.0794415416798357
2298,60,Male,California,No,0,2,81.5,40.75,2022-10-19,2024-05-27,218,0,Clientes de baja actividad,5.389071729816501
2299,40,Male,Montana,No,0,11,673.5,61.23,2022-09-06,2024-12-23,8,2,Clientes recientes en desarrollo,2.1972245773362196
2300,64,Male,Idaho,No,0,49,2715.0,55.41,2022-01-06,2024-12-29,2,1,Clientes de alto valor activos,1.0986122886681098
2301,18,Male,Pennsylvania,No,0,39,1984.7,50.89,2022-01-12,2024-11-29,32,3,Clientes valiosos en riesgo,3.4965075614664802
2302,37,Male,Maine,No,0,22,1170.6,53.21,2022-01-15,2024-10-26,66,0,Clientes de baja actividad,4.204692619390966
2303,36,Male,Montana,No,0,39,1875.7,48.09,2022-03-26,2024-12-20,11,1,Clientes de alto valor activos,2.4849066497880004
2304,51,Male,New Jersey,No,0,32,1687.0,52.72,2022-02-15,2024-12-21,10,1,Clientes de alto valor activos,2.3978952727983707
2305,26,Male,Louisiana,No,0,10,476.3,47.63,2022-01-20,2024-12-13,18,2,Clientes recientes en desarrollo,2.9444389791664403
2306,68,Male,Maine,No,0,48,2327.9,48.5,2022-01-21,2024-11-30,31,3,Clientes valiosos en riesgo,3.4657359027997265
2307,27,Male,Florida,No,0,9,486.8,54.09,2022-07-01,2024-11-28,33,0,Clientes de baja actividad,3.5263605246161616
2308,28,Male,Missouri,No,0,31,1647.2,53.14,2022-02-01,2024-11-29,32,3,Clientes valiosos en riesgo,3.4965075614664802
2309,49,Male,North Dakota,No,1,23,1147.3,49.88,2022-03-09,2024-08-15,138,0,Clientes de baja actividad,4.9344739331306915
2310,70,Male,Connecticut,No,0,4,262.5,65.62,2022-09-01,2024-04-19,256,0,Clientes de baja actividad,5.54907608489522
2311,30,Male,Virginia,No,0,16,968.1,60.51,2022-02-11,2024-11-01,60,0,Clientes de baja actividad,4.110873864173311
2312,27,Male,Montana,No,0,11,417.9,37.99,2022-04-10,2024-12-10,21,0,Clientes de baja actividad,3.091042453358316
2313,19,Male,Vermont,No,0,20,903.2,45.16,2022-01-01,2024-10-23,69,0,Clientes de baja actividad,4.248495242049359
2314,64,Male,Georgia,No,0,37,1803.9,48.75,2022-01-13,2024-12-15,16,3,Clientes valiosos en riesgo,2.833213344056216
2315,42,Male,Virginia,No,0,13,545.4,41.95,2022-02-11,2024-08-16,137,0,Clientes de baja actividad,4.927253685157205
2316,69,Male,Vermont,No,0,50,2500.7,50.01,2022-01-07,2024-12-10,21,3,Clientes valiosos en riesgo,3.091042453358316
2317,28,Male,Montana,No,1,8,442.4,55.3,2022-04-15,2024-03-10,296,0,Clientes de baja actividad,5.6937321388027
2318,47,Male,New Jersey,No,0,29,1522.9,52.51,2022-01-23,2024-12-30,1,2,Clientes recientes en desarrollo,0.6931471805599453
2319,69,Male,Wyoming,No,0,31,1541.7,49.73,2022-03-03,2024-11-16,45,3,Clientes valiosos en riesgo,3.828641396489095
2320,56,Male,Maine,No,0,30,1678.4,55.95,2022-01-22,2024-12-24,7,2,Clientes recientes en desarrollo,2.0794415416798357
2321,28,Male,New Mexico,No,0,10,513.0,51.3,2022-02-12,2024-09-05,117,0,Clientes de baja actividad,4.770684624465665
2322,50,Male,Colorado,No,0,28,1474.7,52.67,2022-02-05,2024-12-11,20,3,Clientes valiosos en riesgo,3.044522437723423
2323,39,Male,Connecticut,No,0,22,1135.7,51.62,2022-03-07,2024-11-23,38,3,Clientes valiosos en riesgo,3.6635616461296463
2324,35,Male,Maryland,No,0,37,1884.0,50.92,2022-04-23,2024-12-29,2,1,Clientes de alto valor activos,1.0986122886681098
2325,59,Male,Oregon,No,0,20,1112.1,55.6,2022-03-05,2024-12-25,6,2,Clientes recientes en desarrollo,1.9459101490553132
2326,44,Male,New York,No,0,48,2666.3,55.55,2022-02-27,2024-12-15,16,1,Clientes de alto valor activos,2.833213344056216
2327,66,Male,Oklahoma,No,0,39,2184.6,56.02,2022-01-21,2024-12-28,3,1,Clientes de alto valor activos,1.3862943611198906
2328,20,Male,Alabama,No,1,23,1173.5,51.02,2022-06-10,2024-07-04,180,0,Clientes de baja actividad,5.198497031265826
2329,45,Male,North Dakota,No,0,30,1417.8,47.26,2022-03-26,2024-12-05,26,3,Clientes valiosos en riesgo,3.295836866004329
2330,49,Male,Nebraska,No,0,43,2394.7,55.69,2022-04-02,2024-12-29,2,1,Clientes de alto valor activos,1.0986122886681098
2331,60,Male,Arizona,No,0,48,2431.2,50.65,2022-01-01,2024-12-14,17,1,Clientes de alto valor activos,2.8903717578961645
2332,61,Male,Illinois,No,0,11,648.6,58.96,2022-05-05,2024-12-28,3,2,Clientes recientes en desarrollo,1.3862943611198906
2333,36,Male,South Carolina,No,0,11,572.5,52.05,2022-08-27,2024-12-02,29,0,Clientes de baja actividad,3.4011973816621555
2334,33,Male,Kansas,No,1,2,121.7,60.85,2023-12-10,2024-04-07,268,0,Clientes de baja actividad,5.594711379601839
2335,49,Male,Kansas,No,0,8,505.9,63.24,2022-10-28,2024-11-11,50,0,Clientes de baja actividad,3.9318256327243257
2336,31,Male,Idaho,No,0,11,525.7,47.79,2022-01-16,2024-12-10,21,0,Clientes de baja actividad,3.091042453358316
2337,19,Male,California,No,0,12,609.1,50.76,2022-02-15,2024-11-15,46,0,Clientes de baja actividad,3.8501476017100584
2338,39,Male,North Dakota,No,0,6,229.4,38.23,2022-04-10,2024-12-26,5,2,Clientes recientes en desarrollo,1.791759469228055
2339,66,Male,Georgia,No,0,22,1114.6,50.66,2022-01-01,2024-12-26,5,2,Clientes recientes en desarrollo,1.791759469228055
2340,25,Male,Illinois,No,1,25,1348.9,53.96,2022-02-12,2024-08-03,150,0,Clientes de baja actividad,5.017279836814924
2341,63,Male,Delaware,No,0,38,1821.3,47.93,2022-01-01,2024-11-28,33,3,Clientes valiosos en riesgo,3.5263605246161616
2342,56,Male,Connecticut,No,0,23,1129.5,49.11,2022-03-15,2024-12-10,21,3,Clientes valiosos en riesgo,3.091042453358316
2343,20,Male,Tennessee,No,0,17,813.7,47.86,2022-06-19,2024-12-22,9,2,Clientes recientes en desarrollo,2.302585092994046
2344,58,Male,Maryland,No,1,45,2038.1,45.29,2022-01-09,2024-09-06,116,3,Clientes valiosos en riesgo,4.762173934797756
2345,34,Male,Rhode Island,No,0,15,757.5,50.5,2022-02-11,2024-10-31,61,0,Clientes de baja actividad,4.127134385045092
2346,28,Male,New York,No,0,24,1180.6,49.19,2022-01-16,2024-11-29,32,3,Clientes valiosos en riesgo,3.4965075614664802
2347,22,Male,New Mexico,No,0,47,2449.0,52.11,2022-05-06,2024-12-21,10,1,Clientes de alto valor activos,2.3978952727983707
2348,37,Male,California,No,0,47,2406.6,51.2,2022-02-01,2024-12-27,4,1,Clientes de alto valor activos,1.6094379124341003
2349,54,Male,Maine,No,0,17,761.3,44.78,2022-01-22,2024-11-09,52,0,Clientes de baja actividad,3.970291913552122
2350,65,Male,New York,No,0,41,2012.7,49.09,2022-02-02,2024-11-26,35,3,Clientes valiosos en riesgo,3.58351893845611
2351,57,Male,Hawaii,No,0,22,1064.3,48.38,2022-02-03,2024-11-29,32,3,Clientes valiosos en riesgo,3.4965075614664802
2352,38,Male,New Hampshire,No,0,26,1251.6,48.14,2022-01-24,2024-12-21,10,2,Clientes recientes en desarrollo,2.3978952727983707
2353,70,Male,Nebraska,No,0,26,1216.5,46.79,2022-01-09,2024-12-23,8,2,Clientes recientes en desarrollo,2.1972245773362196
2354,56,Male,Montana,No,0,26,1328.2,51.08,2022-07-04,2024-12-21,10,2,Clientes recientes en desarrollo,2.3978952727983707
2355,56,Male,Wisconsin,No,0,28,1308.0,46.71,2022-04-04,2024-11-29,32,3,Clientes valiosos en riesgo,3.4965075614664802
2356,22,Male,Tennessee,No,0,13,588.5,45.27,2022-08-13,2024-12-18,13,2,Clientes recientes en desarrollo,2.6390573296152584
2357,57,Male,Montana,No,1,28,1498.6,53.52,2022-05-01,2024-10-06,86,3,Clientes valiosos en riesgo,4.465908118654584
2358,53,Male,Michigan,No,0,41,2099.6,51.21,2022-02-15,2024-12-01,30,3,Clientes valiosos en riesgo,3.4339872044851463
2359,53,Male,Texas,No,0,39,1748.6,44.84,2022-01-13,2024-11-22,39,3,Clientes valiosos en riesgo,3.6888794541139363
2360,19,Male,Pennsylvania,No,0,45,2503.8,55.64,2022-03-19,2024-12-25,6,1,Clientes de alto valor activos,1.9459101490553132
2361,49,Male,New York,No,0,28,1327.6,47.41,2022-01-17,2024-11-30,31,3,Clientes valiosos en riesgo,3.4657359027997265
2362,44,Male,Alabama,No,0,31,1713.8,55.28,2022-01-27,2024-12-24,7,1,Clientes de alto valor activos,2.0794415416798357
2363,27,Male,Virginia,No,0,25,1314.3,52.57,2022-01-02,2024-11-28,33,3,Clientes valiosos en riesgo,3.5263605246161616
2364,60,Male,Pennsylvania,No,0,39,2166.5,55.55,2022-01-07,2024-12-27,4,1,Clientes de alto valor activos,1.6094379124341003
2365,62,Male,Mississippi,No,1,5,343.6,68.72,2022-05-12,2023-08-15,504,0,Clientes de baja actividad,6.22455842927536
2366,52,Male,Wyoming,No,0,33,1868.2,56.61,2022-01-01,2024-12-08,23,3,Clientes valiosos en riesgo,3.1780538303479458
2367,30,Male,New Mexico,No,0,33,1724.1,52.25,2022-01-01,2024-12-13,18,3,Clientes valiosos en riesgo,2.9444389791664403
2368,66,Male,North Dakota,No,0,29,1683.7,58.06,2022-01-02,2024-12-22,9,2,Clientes recientes en desarrollo,2.302585092994046
2369,29,Male,New Jersey,No,0,7,401.0,57.29,2022-03-10,2024-12-16,15,2,Clientes recientes en desarrollo,2.772588722239781
2370,24,Male,Vermont,No,1,25,1085.9,43.44,2022-03-25,2024-09-08,114,0,Clientes de baja actividad,4.74493212836325
2371,51,Male,Alaska,No,0,39,2044.1,52.41,2022-02-14,2024-12-31,0,1,Clientes de alto valor activos,0.0
2372,67,Male,Indiana,No,0,29,1464.0,50.48,2022-05-08,2024-12-20,11,2,Clientes recientes en desarrollo,2.4849066497880004
2373,50,Male,Alabama,No,0,10,512.4,51.24,2022-01-15,2024-10-05,87,0,Clientes de baja actividad,4.477336814478207
2374,37,Male,Michigan,No,0,22,1234.1,56.1,2022-04-13,2024-12-21,10,2,Clientes recientes en desarrollo,2.3978952727983707
2375,69,Male,Washington,No,0,32,1578.4,49.32,2022-02-08,2024-12-24,7,1,Clientes de alto valor activos,2.0794415416798357
2376,60,Male,Virginia,No,0,19,977.1,51.43,2022-03-31,2024-12-21,10,2,Clientes recientes en desarrollo,2.3978952727983707
2377,21,Male,Tennessee,No,0,6,300.6,50.1,2022-06-08,2024-12-22,9,2,Clientes recientes en desarrollo,2.302585092994046
2378,44,Male,South Dakota,No,0,23,1150.2,50.01,2022-06-11,2024-12-28,3,2,Clientes recientes en desarrollo,1.3862943611198906
2379,26,Male,New Hampshire,No,0,38,1786.2,47.01,2022-03-29,2024-12-31,0,1,Clientes de alto valor activos,0.0
2380,40,Male,South Dakota,No,0,23,1451.7,63.12,2022-02-07,2024-12-25,6,2,Clientes recientes en desarrollo,1.9459101490553132
2381,41,Male,Pennsylvania,No,0,37,2066.8,55.86,2022-03-23,2024-12-01,30,3,Clientes valiosos en riesgo,3.4339872044851463
2382,62,Male,Wisconsin,No,0,24,1292.2,53.84,2022-04-30,2024-12-30,1,2,Clientes recientes en desarrollo,0.6931471805599453
2383,39,Male,California,No,1,45,2234.9,49.66,2022-02-15,2024-10-27,65,3,Clientes valiosos en riesgo,4.189654742026425
2384,53,Male,Rhode Island,No,0,26,1368.1,52.62,2022-02-10,2024-11-20,41,3,Clientes valiosos en riesgo,3.7376696182833684
2385,24,Male,Alabama,No,0,41,2257.9,55.07,2022-01-15,2024-12-26,5,1,Clientes de alto valor activos,1.791759469228055
2386,41,Male,Oklahoma,No,0,13,856.6,65.89,2022-01-26,2024-12-31,0,2,Clientes recientes en desarrollo,0.0
2387,19,Male,Illinois,No,0,15,783.5,52.23,2022-04-08,2024-11-05,56,0,Clientes de baja actividad,4.04305126783455
2388,36,Male,Tennessee,No,0,15,747.3,49.82,2022-03-12,2024-12-15,16,2,Clientes recientes en desarrollo,2.833213344056216
2389,21,Male,Alabama,No,1,11,626.6,56.96,2022-01-22,2024-03-10,296,0,Clientes de baja actividad,5.6937321388027
2390,25,Male,Kansas,No,0,18,1040.2,57.79,2022-03-08,2024-12-01,30,0,Clientes de baja actividad,3.4339872044851463
2391,65,Male,Arizona,No,0,25,1206.6,48.26,2022-02-27,2024-12-25,6,2,Clientes recientes en desarrollo,1.9459101490553132
2392,42,Male,Michigan,No,0,32,1878.8,58.71,2022-01-05,2024-11-29,32,3,Clientes valiosos en riesgo,3.4965075614664802
2393,40,Male,Missouri,No,0,37,1951.5,52.74,2022-03-31,2024-11-24,37,3,Clientes valiosos en riesgo,3.6375861597263857
2394,58,Male,Louisiana,No,0,39,1832.2,46.98,2022-03-12,2024-12-29,2,1,Clientes de alto valor activos,1.0986122886681098
2395,40,Male,Connecticut,No,0,24,1416.7,59.03,2022-04-03,2024-12-26,5,2,Clientes recientes en desarrollo,1.791759469228055
2396,62,Male,Connecticut,No,0,48,2508.5,52.26,2022-02-06,2024-12-30,1,1,Clientes de alto valor activos,0.6931471805599453
2397,38,Male,Oregon,No,0,21,1093.7,52.08,2022-02-14,2024-11-23,38,0,Clientes de baja actividad,3.6635616461296463
2398,37,Male,West Virginia,No,0,42,2356.8,56.11,2022-02-03,2024-12-30,1,1,Clientes de alto valor activos,0.6931471805599453
2399,65,Male,Florida,No,1,45,2350.8,52.24,2022-03-04,2024-10-11,81,3,Clientes valiosos en riesgo,4.406719247264253
2400,55,Male,New Hampshire,No,0,32,1606.7,50.21,2022-04-08,2024-12-15,16,3,Clientes valiosos en riesgo,2.833213344056216
2401,43,Male,Oregon,No,0,12,536.4,44.7,2022-03-11,2024-12-27,4,2,Clientes recientes en desarrollo,1.6094379124341003
2402,43,Male,Oregon,No,0,26,1450.5,55.79,2022-01-16,2024-12-30,1,2,Clientes recientes en desarrollo,0.6931471805599453
2403,45,Male,Utah,No,0,32,1643.8,51.37,2022-01-28,2024-12-22,9,1,Clientes de alto valor activos,2.302585092994046
2404,64,Male,Missouri,No,0,41,2088.1,50.93,2022-01-30,2024-12-29,2,1,Clientes de alto valor activos,1.0986122886681098
2405,28,Male,West Virginia,No,0,24,1199.8,49.99,2022-01-01,2024-12-29,2,2,Clientes recientes en desarrollo,1.0986122886681098
2406,69,Male,California,No,0,6,325.3,54.22,2022-06-26,2024-09-23,99,0,Clientes de baja actividad,4.605170185988092
2407,54,Male,California,No,0,27,1497.0,55.44,2022-01-29,2024-12-23,8,2,Clientes recientes en desarrollo,2.1972245773362196
2408,52,Male,Illinois,No,0,12,626.0,52.17,2022-12-22,2024-12-28,3,2,Clientes recientes en desarrollo,1.3862943611198906
2409,23,Male,Hawaii,No,0,45,2211.2,49.14,2022-02-13,2024-12-14,17,3,Clientes valiosos en riesgo,2.8903717578961645
2410,26,Male,Washington,No,0,48,2266.2,47.21,2022-03-25,2024-12-26,5,1,Clientes de alto valor activos,1.791759469228055
2411,48,Male,Wisconsin,No,0,47,2755.9,58.64,2022-01-01,2024-12-29,2,1,Clientes de alto valor activos,1.0986122886681098
2412,49,Male,Virginia,No,0,36,1844.0,51.22,2022-02-02,2024-12-27,4,1,Clientes de alto valor activos,1.6094379124341003
2413,53,Male,Oregon,No,0,9,536.2,59.58,2022-11-25,2024-08-13,140,0,Clientes de baja actividad,4.948759890378168
2414,69,Male,Pennsylvania,No,0,31,1739.8,56.12,2022-04-10,2024-12-29,2,1,Clientes de alto valor activos,1.0986122886681098
2415,26,Male,Virginia,No,0,15,816.4,54.43,2022-05-05,2024-12-15,16,2,Clientes recientes en desarrollo,2.833213344056216
2416,21,Male,Hawaii,No,0,31,1689.3,54.49,2022-04-30,2024-12-28,3,1,Clientes de alto valor activos,1.3862943611198906
2417,59,Male,Nebraska,No,0,27,1382.1,51.19,2022-03-12,2024-12-25,6,2,Clientes recientes en desarrollo,1.9459101490553132
2418,21,Male,Alaska,No,0,33,1445.5,43.8,2022-01-05,2024-11-29,32,3,Clientes valiosos en riesgo,3.4965075614664802
2419,22,Male,Michigan,No,0,48,2500.6,52.1,2022-02-08,2024-12-27,4,1,Clientes de alto valor activos,1.6094379124341003
2420,26,Male,North Carolina,No,0,12,738.8,61.57,2022-06-19,2024-12-23,8,2,Clientes recientes en desarrollo,2.1972245773362196
2421,41,Male,North Carolina,No,0,29,1445.6,49.85,2022-01-01,2024-12-24,7,2,Clientes recientes en desarrollo,2.0794415416798357
2422,37,Male,Minnesota,No,0,3,212.0,70.67,2023-12-29,2024-12-23,8,2,Clientes recientes en desarrollo,2.1972245773362196
2423,30,Male,Georgia,No,0,46,2464.6,53.58,2022-02-03,2024-12-28,3,1,Clientes de alto valor activos,1.3862943611198906
2424,49,Male,West Virginia,No,0,8,373.4,46.68,2022-02-08,2024-10-08,84,0,Clientes de baja actividad,4.442651256490317
2425,49,Male,Delaware,No,0,29,1524.9,52.58,2022-02-20,2024-12-22,9,2,Clientes recientes en desarrollo,2.302585092994046
2426,58,Male,North Dakota,No,0,35,1768.9,50.54,2022-01-29,2024-12-01,30,3,Clientes valiosos en riesgo,3.4339872044851463
2427,70,Male,Florida,No,0,27,1358.0,50.3,2022-01-13,2024-12-21,10,2,Clientes recientes en desarrollo,2.3978952727983707
2428,27,Male,Oregon,No,0,46,2216.7,48.19,2022-02-13,2024-12-26,5,1,Clientes de alto valor activos,1.791759469228055
2429,65,Male,Idaho,No,0,35,2054.8,58.71,2022-02-09,2024-11-25,36,3,Clientes valiosos en riesgo,3.6109179126442243
2430,57,Male,Virginia,No,0,48,2326.9,48.48,2022-01-12,2024-12-27,4,1,Clientes de alto valor activos,1.6094379124341003
2431,20,Male,North Dakota,No,0,43,2112.5,49.13,2022-01-23,2024-12-18,13,1,Clientes de alto valor activos,2.6390573296152584
2432,34,Male,Alabama,No,0,28,1545.0,55.18,2022-02-01,2024-10-16,76,3,Clientes valiosos en riesgo,4.343805421853684
2433,59,Male,Hawaii,No,0,44,2306.5,52.42,2022-03-13,2024-12-25,6,1,Clientes de alto valor activos,1.9459101490553132
2434,54,Male,Oregon,No,0,17,953.0,56.06,2022-07-21,2024-11-25,36,0,Clientes de baja actividad,3.6109179126442243
2435,36,Male,Utah,No,0,41,1842.3,44.93,2022-01-01,2024-11-22,39,3,Clientes valiosos en riesgo,3.6888794541139363
2436,21,Male,Hawaii,No,0,30,1549.1,51.64,2022-01-02,2024-11-29,32,3,Clientes valiosos en riesgo,3.4965075614664802
2437,52,Male,Connecticut,No,0,39,1987.9,50.97,2022-01-01,2024-12-27,4,1,Clientes de alto valor activos,1.6094379124341003
2438,43,Male,Wyoming,No,0,35,1827.6,52.22,2022-03-17,2024-11-24,37,3,Clientes valiosos en riesgo,3.6375861597263857
2439,32,Male,Delaware,No,0,31,1665.0,53.71,2022-06-30,2024-12-31,0,1,Clientes de alto valor activos,0.0
2440,55,Male,Arkansas,No,0,46,2482.6,53.97,2022-04-01,2024-12-28,3,1,Clientes de alto valor activos,1.3862943611198906
2441,31,Male,Indiana,No,0,48,2289.1,47.69,2022-03-06,2024-11-30,31,3,Clientes valiosos en riesgo,3.4657359027997265
2442,45,Male,California,No,0,6,335.6,55.93,2023-04-23,2024-07-21,163,0,Clientes de baja actividad,5.099866427824199
2443,53,Male,Wyoming,No,0,51,2953.1,57.9,2022-01-01,2024-12-31,0,1,Clientes de alto valor activos,0.0
2444,24,Male,South Dakota,No,0,25,1254.3,50.17,2022-06-21,2024-12-22,9,2,Clientes recientes en desarrollo,2.302585092994046
2445,47,Male,West Virginia,No,0,16,859.3,53.71,2022-03-03,2024-12-21,10,2,Clientes recientes en desarrollo,2.3978952727983707
2446,63,Male,Tennessee,No,0,51,2477.3,48.57,2022-01-08,2024-12-28,3,1,Clientes de alto valor activos,1.3862943611198906
2447,38,Male,Alaska,No,0,8,476.5,59.56,2022-05-05,2024-11-26,35,0,Clientes de baja actividad,3.58351893845611
2448,59,Male,South Dakota,No,0,11,608.5,55.32,2022-10-17,2024-12-01,30,0,Clientes de baja actividad,3.4339872044851463
2449,54,Male,Tennessee,No,0,39,1947.2,49.93,2022-01-24,2024-11-21,40,3,Clientes valiosos en riesgo,3.713572066704308
2450,26,Male,Alabama,No,1,32,1496.1,46.75,2022-03-08,2024-10-12,80,3,Clientes valiosos en riesgo,4.394449154672439
2451,68,Male,North Carolina,No,0,8,365.5,45.69,2022-03-08,2024-09-16,106,0,Clientes de baja actividad,4.672828834461906
2452,41,Male,Oklahoma,No,0,28,1418.2,50.65,2022-04-08,2024-12-28,3,2,Clientes recientes en desarrollo,1.3862943611198906
2453,68,Male,New York,No,0,46,2302.0,50.04,2022-01-02,2024-12-15,16,1,Clientes de alto valor activos,2.833213344056216
2454,21,Male,Iowa,No,0,14,608.3,43.45,2022-02-06,2024-12-26,5,2,Clientes recientes en desarrollo,1.791759469228055
2455,32,Male,Alaska,No,0,34,1610.2,47.36,2022-01-14,2024-12-15,16,3,Clientes valiosos en riesgo,2.833213344056216
2456,20,Male,Alaska,No,0,26,1383.5,53.21,2022-02-13,2024-12-24,7,2,Clientes recientes en desarrollo,2.0794415416798357
2457,59,Male,Nebraska,No,0,6,234.2,39.03,2022-02-03,2024-07-05,179,0,Clientes de baja actividad,5.19295685089021
2458,53,Male,Delaware,No,0,24,1118.9,46.62,2022-03-13,2024-11-16,45,3,Clientes valiosos en riesgo,3.828641396489095
2459,66,Male,Texas,No,0,18,864.7,48.04,2022-03-04,2024-12-04,27,0,Clientes de baja actividad,3.332204510175204
2460,47,Male,Missouri,No,0,15,824.8,54.99,2022-02-15,2024-11-29,32,0,Clientes de baja actividad,3.4965075614664802
2461,58,Male,Maine,No,0,29,1627.8,56.13,2022-05-07,2024-11-28,33,3,Clientes valiosos en riesgo,3.5263605246161616
2462,28,Male,Pennsylvania,No,0,20,1030.9,51.54,2022-05-01,2024-11-30,31,0,Clientes de baja actividad,3.4657359027997265
2463,68,Male,Missouri,No,0,32,1891.7,59.12,2022-01-15,2024-12-15,16,3,Clientes valiosos en riesgo,2.833213344056216
2464,60,Male,Mississippi,No,0,26,1173.5,45.13,2022-02-03,2024-10-31,61,3,Clientes valiosos en riesgo,4.127134385045092
2465,47,Male,Hawaii,No,0,5,298.7,59.74,2022-02-26,2024-08-15,138,0,Clientes de baja actividad,4.9344739331306915
2466,18,Male,Texas,No,0,21,1403.4,66.83,2022-01-01,2024-12-01,30,3,Clientes valiosos en riesgo,3.4339872044851463
2467,32,Male,South Dakota,No,1,38,1892.2,49.79,2022-03-04,2024-10-16,76,3,Clientes valiosos en riesgo,4.343805421853684
2468,27,Male,New Jersey,No,1,29,1155.6,39.85,2022-01-09,2024-09-27,95,3,Clientes valiosos en riesgo,4.564348191467836
2469,65,Male,Connecticut,No,0,7,447.4,63.91,2022-01-26,2024-11-20,41,0,Clientes de baja actividad,3.7376696182833684
2470,68,Male,Maryland,No,0,28,1441.7,51.49,2022-02-14,2024-11-24,37,3,Clientes valiosos en riesgo,3.6375861597263857
2471,55,Male,Arizona,No,0,30,1736.0,57.87,2022-02-12,2024-12-28,3,1,Clientes de alto valor activos,1.3862943611198906
2472,30,Male,Oklahoma,No,0,2,73.2,36.6,2022-06-25,2024-05-19,226,0,Clientes de baja actividad,5.424950017481403
2473,24,Male,Utah,No,0,32,1801.5,56.3,2022-01-08,2024-12-30,1,1,Clientes de alto valor activos,0.6931471805599453
2474,57,Male,Arkansas,No,0,29,1556.1,53.66,2022-01-01,2024-12-03,28,3,Clientes valiosos en riesgo,3.367295829986474
2475,23,Male,North Carolina,No,0,20,1035.2,51.76,2022-01-29,2024-11-29,32,0,Clientes de baja actividad,3.4965075614664802
2476,69,Male,California,No,0,37,1920.1,51.89,2022-03-05,2024-11-30,31,3,Clientes valiosos en riesgo,3.4657359027997265
2477,60,Male,Colorado,No,1,29,1389.8,47.92,2022-02-05,2024-08-26,127,3,Clientes valiosos en riesgo,4.852030263919617
2478,25,Male,California,No,1,30,1592.7,53.09,2022-03-17,2024-08-29,124,3,Clientes valiosos en riesgo,4.8283137373023015
2479,18,Male,Vermont,No,0,10,539.6,53.96,2022-03-22,2024-11-20,41,0,Clientes de baja actividad,3.7376696182833684
2480,37,Male,Kansas,No,0,27,1506.5,55.8,2022-02-13,2024-11-29,32,3,Clientes valiosos en riesgo,3.4965075614664802
2481,61,Male,Ohio,No,0,8,420.3,52.54,2022-06-19,2024-07-04,180,0,Clientes de baja actividad,5.198497031265826
2482,41,Male,New Jersey,No,0,36,1703.3,47.31,2022-01-01,2024-12-26,5,1,Clientes de alto valor activos,1.791759469228055
2483,69,Male,Arizona,No,0,47,2435.9,51.83,2022-03-18,2024-12-21,10,1,Clientes de alto valor activos,2.3978952727983707
2484,32,Male,Arizona,No,0,9,470.1,52.23,2022-03-05,2024-12-26,5,2,Clientes recientes en desarrollo,1.791759469228055
2485,60,Male,New Hampshire,No,0,51,2541.1,49.83,2022-02-14,2024-12-20,11,1,Clientes de alto valor activos,2.4849066497880004
2486,43,Male,Louisiana,No,0,38,2016.5,53.07,2022-03-28,2024-12-28,3,1,Clientes de alto valor activos,1.3862943611198906
2487,61,Male,Texas,No,0,7,416.4,59.49,2022-01-16,2024-12-30,1,2,Clientes recientes en desarrollo,0.6931471805599453
2488,57,Male,Montana,No,0,17,965.9,56.82,2023-01-26,2024-12-28,3,2,Clientes recientes en desarrollo,1.3862943611198906
2489,56,Male,New Hampshire,No,0,31,1452.0,46.84,2022-01-05,2024-12-28,3,1,Clientes de alto valor activos,1.3862943611198906
2490,66,Male,South Dakota,No,0,51,2604.9,51.08,2022-01-14,2024-12-29,2,1,Clientes de alto valor activos,1.0986122886681098
2491,52,Male,Montana,No,0,6,330.2,55.03,2022-03-12,2024-12-10,21,0,Clientes de baja actividad,3.091042453358316
2492,63,Male,North Carolina,No,0,16,861.8,53.86,2022-01-09,2024-12-30,1,2,Clientes recientes en desarrollo,0.6931471805599453
2493,50,Male,South Dakota,No,0,35,2133.8,60.97,2022-01-07,2024-12-31,0,1,Clientes de alto valor activos,0.0
2494,21,Male,Maine,No,0,7,313.6,44.8,2022-01-01,2024-10-19,73,0,Clientes de baja actividad,4.30406509320417
2495,42,Male,Oklahoma,No,0,27,1312.3,48.6,2022-04-04,2024-12-21,10,2,Clientes recientes en desarrollo,2.3978952727983707
2496,40,Male,Nebraska,No,0,35,1894.8,54.14,2022-02-01,2024-12-29,2,1,Clientes de alto valor activos,1.0986122886681098
2497,67,Male,Illinois,No,0,38,2047.9,53.89,2022-01-01,2024-12-21,10,1,Clientes de alto valor activos,2.3978952727983707
2498,35,Male,Colorado,No,0,29,1530.8,52.79,2022-05-06,2024-12-23,8,2,Clientes recientes en desarrollo,2.1972245773362196
2499,18,Male,Massachusetts,No,0,39,1856.2,47.59,2022-03-17,2024-12-31,0,1,Clientes de alto valor activos,0.0
2500,52,Male,Louisiana,No,0,3,128.0,42.67,2022-07-03,2024-07-27,157,0,Clientes de baja actividad,5.062595033026967
2501,59,Male,Massachusetts,No,0,33,1677.2,50.82,2022-01-22,2024-12-26,5,1,Clientes de alto valor activos,1.791759469228055
2502,49,Male,West Virginia,No,0,31,1460.3,47.11,2022-01-01,2024-12-15,16,3,Clientes valiosos en riesgo,2.833213344056216
2503,46,Male,Idaho,No,0,18,910.1,50.56,2022-04-04,2024-09-04,118,0,Clientes de baja actividad,4.77912349311153
2504,69,Male,Ohio,No,0,6,304.1,50.68,2022-08-04,2024-11-22,39,0,Clientes de baja actividad,3.6888794541139363
2505,56,Male,Rhode Island,No,0,32,1661.8,51.93,2022-01-05,2024-12-30,1,1,Clientes de alto valor activos,0.6931471805599453
2506,27,Male,Illinois,No,0,44,2251.8,51.18,2022-01-02,2024-11-29,32,3,Clientes valiosos en riesgo,3.4965075614664802
2507,57,Male,New York,No,0,20,1087.0,54.35,2022-02-11,2024-11-10,51,0,Clientes de baja actividad,3.9512437185814275
2508,58,Male,Louisiana,No,0,33,1720.3,52.13,2022-03-10,2024-12-20,11,3,Clientes valiosos en riesgo,2.4849066497880004
2509,23,Male,California,No,0,6,346.1,57.68,2022-01-30,2024-11-29,32,0,Clientes de baja actividad,3.4965075614664802
2510,19,Male,Washington,No,0,10,521.9,52.19,2023-02-07,2024-11-26,35,0,Clientes de baja actividad,3.58351893845611
2511,40,Male,South Dakota,No,0,49,2662.3,54.33,2022-02-08,2024-12-24,7,1,Clientes de alto valor activos,2.0794415416798357
2512,54,Male,Idaho,No,1,2,75.8,37.9,2024-05-28,2024-07-19,165,0,Clientes de baja actividad,5.111987788356544
2513,50,Male,North Dakota,No,1,21,1003.0,47.76,2022-01-17,2024-08-23,130,0,Clientes de baja actividad,4.875197323201151
2514,69,Male,Washington,No,0,43,2040.3,47.45,2022-02-14,2024-11-30,31,3,Clientes valiosos en riesgo,3.4657359027997265
2515,42,Male,Alaska,No,1,46,2183.2,47.46,2022-02-05,2024-10-13,79,3,Clientes valiosos en riesgo,4.382026634673881
2516,37,Male,Kansas,No,0,42,2040.6,48.59,2022-02-20,2024-12-20,11,1,Clientes de alto valor activos,2.4849066497880004
2517,46,Male,Utah,No,0,37,1810.5,48.93,2022-01-23,2024-12-28,3,1,Clientes de alto valor activos,1.3862943611198906
2518,64,Male,Wyoming,No,0,11,535.4,48.67,2022-01-12,2024-12-25,6,2,Clientes recientes en desarrollo,1.9459101490553132
2519,20,Male,Maine,No,0,32,1646.1,51.44,2022-01-01,2024-11-09,52,3,Clientes valiosos en riesgo,3.970291913552122
2520,40,Male,Michigan,No,0,22,1109.3,50.42,2022-04-13,2024-12-25,6,2,Clientes recientes en desarrollo,1.9459101490553132
2521,64,Male,Illinois,No,0,17,928.5,54.62,2022-01-01,2024-12-24,7,2,Clientes recientes en desarrollo,2.0794415416798357
2522,29,Male,Minnesota,No,0,19,850.4,44.76,2022-12-15,2024-12-15,16,2,Clientes recientes en desarrollo,2.833213344056216
2523,20,Male,Massachusetts,No,0,21,1052.7,50.13,2022-05-07,2024-12-29,2,2,Clientes recientes en desarrollo,1.0986122886681098
2524,43,Male,New Jersey,No,0,22,1015.1,46.14,2022-01-16,2024-12-13,18,2,Clientes recientes en desarrollo,2.9444389791664403
2525,60,Male,Kansas,No,0,24,1257.2,52.38,2022-03-26,2024-11-20,41,3,Clientes valiosos en riesgo,3.7376696182833684
2526,39,Male,Kentucky,No,0,21,1086.8,51.75,2022-01-15,2024-11-09,52,0,Clientes de baja actividad,3.970291913552122
2527,47,Male,Rhode Island,No,0,31,1588.8,51.25,2022-01-21,2024-10-24,68,3,Clientes valiosos en riesgo,4.23410650459726
2528,19,Male,Illinois,No,0,34,1684.3,49.54,2022-01-09,2024-12-22,9,1,Clientes de alto valor activos,2.302585092994046
2529,52,Male,Alabama,No,0,32,1638.8,51.21,2022-01-01,2024-11-27,34,3,Clientes valiosos en riesgo,3.5553480614894135
2530,34,Male,Tennessee,No,0,49,2466.9,50.34,2022-03-02,2024-12-27,4,1,Clientes de alto valor activos,1.6094379124341003
2531,25,Male,Massachusetts,No,1,29,1505.8,51.92,2022-03-02,2024-08-09,144,3,Clientes valiosos en riesgo,4.976733742420574
2532,43,Male,Texas,No,1,8,511.0,63.88,2022-09-08,2024-04-14,261,0,Clientes de baja actividad,5.568344503761097
2533,55,Male,Nebraska,No,0,5,309.9,61.98,2023-07-09,2024-12-01,30,0,Clientes de baja actividad,3.4339872044851463
2534,66,Male,Pennsylvania,No,1,50,2114.9,42.3,2022-01-01,2024-08-28,125,3,Clientes valiosos en riesgo,4.836281906951478
2535,41,Male,Virginia,No,0,23,1145.6,49.81,2022-01-22,2024-09-29,93,0,Clientes de baja actividad,4.543294782270004
2536,47,Male,Vermont,No,0,40,2178.0,54.45,2022-02-05,2024-12-18,13,1,Clientes de alto valor activos,2.6390573296152584
2537,51,Male,Oklahoma,No,1,46,2340.4,50.88,2022-01-11,2024-10-31,61,3,Clientes valiosos en riesgo,4.127134385045092
2538,44,Male,Maine,No,0,31,1509.7,48.7,2022-03-23,2024-12-23,8,1,Clientes de alto valor activos,2.1972245773362196
2539,18,Male,New Jersey,No,0,34,2070.7,60.9,2022-02-15,2024-12-22,9,1,Clientes de alto valor activos,2.302585092994046
2540,33,Male,Massachusetts,No,0,25,1425.6,57.02,2022-04-23,2024-12-21,10,2,Clientes recientes en desarrollo,2.3978952727983707
2541,24,Male,New Jersey,No,0,12,603.2,50.27,2022-02-04,2024-09-14,108,0,Clientes de baja actividad,4.6913478822291435
2542,33,Male,Washington,No,0,14,845.2,60.37,2022-01-16,2024-12-22,9,2,Clientes recientes en desarrollo,2.302585092994046
2543,61,Male,Arkansas,No,0,28,1420.7,50.74,2022-05-07,2024-12-25,6,2,Clientes recientes en desarrollo,1.9459101490553132
2544,27,Male,West Virginia,No,0,31,1655.0,53.39,2022-03-05,2024-11-25,36,3,Clientes valiosos en riesgo,3.6109179126442243
2545,46,Male,Delaware,No,0,40,2121.3,53.03,2022-01-29,2024-12-20,11,1,Clientes de alto valor activos,2.4849066497880004
2546,38,Male,Texas,No,0,11,657.3,59.75,2022-02-03,2024-12-28,3,2,Clientes recientes en desarrollo,1.3862943611198906
2547,63,Male,Texas,No,0,5,245.2,49.04,2023-03-05,2024-12-21,10,2,Clientes recientes en desarrollo,2.3978952727983707
2548,47,Male,Mississippi,No,0,17,670.1,39.42,2022-02-24,2024-12-23,8,2,Clientes recientes en desarrollo,2.1972245773362196
2549,42,Male,Texas,No,0,35,1824.5,52.13,2022-03-18,2024-11-29,32,3,Clientes valiosos en riesgo,3.4965075614664802
2550,41,Male,Virginia,No,1,12,546.3,45.52,2022-04-28,2024-05-31,214,0,Clientes de baja actividad,5.3706380281276624
2551,53,Male,New Hampshire,No,0,31,1777.4,57.34,2022-01-21,2024-12-25,6,1,Clientes de alto valor activos,1.9459101490553132
2552,29,Male,Minnesota,No,0,41,2181.1,53.2,2022-02-02,2024-12-25,6,1,Clientes de alto valor activos,1.9459101490553132
2553,61,Male,Maryland,No,0,14,720.4,51.46,2022-02-15,2024-12-24,7,2,Clientes recientes en desarrollo,2.0794415416798357
2554,69,Male,Vermont,No,0,29,1667.1,57.49,2022-01-15,2024-12-28,3,2,Clientes recientes en desarrollo,1.3862943611198906
2555,51,Male,Kansas,No,0,50,2392.0,47.84,2022-01-01,2024-12-23,8,1,Clientes de alto valor activos,2.1972245773362196
2556,24,Male,Idaho,No,0,24,1363.8,56.82,2022-01-27,2024-12-03,28,3,Clientes valiosos en riesgo,3.367295829986474
2557,24,Male,Montana,No,0,5,264.4,52.88,2022-11-20,2024-12-10,21,0,Clientes de baja actividad,3.091042453358316
2558,70,Male,Oklahoma,No,1,18,1135.7,63.09,2022-05-28,2024-06-20,194,0,Clientes de baja actividad,5.272999558563747
2559,49,Male,California,No,0,25,1407.5,56.3,2022-03-03,2024-11-28,33,3,Clientes valiosos en riesgo,3.5263605246161616
2560,48,Male,Mississippi,No,0,22,1141.2,51.87,2022-01-09,2024-10-11,81,0,Clientes de baja actividad,4.406719247264253
2561,58,Male,California,No,0,18,950.6,52.81,2022-01-01,2024-10-26,66,0,Clientes de baja actividad,4.204692619390966
2562,32,Male,New York,No,0,23,1174.6,51.07,2022-04-01,2024-10-06,86,0,Clientes de baja actividad,4.465908118654584
2563,57,Male,Arizona,No,0,28,1563.1,55.82,2022-06-06,2024-12-29,2,2,Clientes recientes en desarrollo,1.0986122886681098
2564,69,Male,Massachusetts,No,0,2,139.3,69.65,2023-12-28,2024-06-21,193,0,Clientes de baja actividad,5.267858159063328
2565,42,Male,Kentucky,No,0,28,1391.3,49.69,2022-03-10,2024-11-25,36,3,Clientes valiosos en riesgo,3.6109179126442243
2566,30,Male,Vermont,No,0,9,396.4,44.04,2022-06-03,2024-10-14,78,0,Clientes de baja actividad,4.3694478524670215
2567,35,Male,Missouri,No,0,44,2474.8,56.25,2022-01-24,2024-12-29,2,1,Clientes de alto valor activos,1.0986122886681098
2568,19,Male,Michigan,No,0,25,1267.1,50.68,2022-03-05,2024-11-22,39,3,Clientes valiosos en riesgo,3.6888794541139363
2569,52,Male,Texas,No,0,30,1711.1,57.04,2022-02-14,2024-11-29,32,3,Clientes valiosos en riesgo,3.4965075614664802
2570,42,Male,New York,No,0,11,726.0,66.0,2022-02-27,2024-12-27,4,2,Clientes recientes en desarrollo,1.6094379124341003
2571,36,Male,New Mexico,No,0,13,702.3,54.02,2022-02-10,2024-09-09,113,0,Clientes de baja actividad,4.736198448394496
2572,45,Male,Mississippi,No,0,49,2320.0,47.35,2022-02-01,2024-11-30,31,3,Clientes valiosos en riesgo,3.4657359027997265
2573,54,Male,Washington,No,0,41,1973.7,48.14,2022-02-10,2024-12-20,11,1,Clientes de alto valor activos,2.4849066497880004
2574,54,Male,New Mexico,No,0,2,73.4,36.7,2023-04-12,2024-06-15,199,0,Clientes de baja actividad,5.298317366548036
2575,27,Male,Florida,No,0,27,1361.1,50.41,2022-01-22,2024-12-22,9,2,Clientes recientes en desarrollo,2.302585092994046
2576,53,Male,Minnesota,No,0,10,499.1,49.91,2022-05-02,2024-10-04,88,0,Clientes de baja actividad,4.48863636973214
2577,20,Male,New Hampshire,No,0,20,964.8,48.24,2022-03-31,2024-12-07,24,2,Clientes recientes en desarrollo,3.2188758248682006
2578,52,Male,Minnesota,No,0,38,1776.7,46.76,2022-01-01,2024-11-24,37,3,Clientes valiosos en riesgo,3.6375861597263857
2579,54,Male,Vermont,No,0,4,236.4,59.1,2022-12-27,2024-09-13,109,0,Clientes de baja actividad,4.700480365792417
2580,65,Male,Minnesota,No,0,41,2059.1,50.22,2022-01-29,2024-12-29,2,1,Clientes de alto valor activos,1.0986122886681098
2581,43,Male,Massachusetts,No,0,14,650.5,46.46,2022-04-30,2024-10-30,62,0,Clientes de baja actividad,4.143134726391533
2582,57,Male,Wyoming,No,0,49,2662.4,54.33,2022-04-24,2024-11-25,36,3,Clientes valiosos en riesgo,3.6109179126442243
2583,19,Male,South Dakota,No,0,5,246.3,49.26,2022-04-30,2024-12-09,22,0,Clientes de baja actividad,3.1354942159291497
2584,69,Male,Oklahoma,No,0,10,505.6,50.56,2022-11-30,2024-08-24,129,0,Clientes de baja actividad,4.867534450455582
2585,26,Male,Florida,No,0,27,1195.2,44.27,2022-01-05,2024-11-30,31,3,Clientes valiosos en riesgo,3.4657359027997265
2586,57,Male,Wisconsin,No,0,20,991.9,49.6,2022-04-16,2024-12-29,2,2,Clientes recientes en desarrollo,1.0986122886681098
2587,20,Male,Maine,No,1,2,163.3,81.65,2023-12-24,2024-06-07,207,0,Clientes de baja actividad,5.337538079701318
2588,55,Male,Connecticut,No,0,30,1567.5,52.25,2022-01-29,2024-12-26,5,2,Clientes recientes en desarrollo,1.791759469228055
2589,44,Male,Delaware,No,0,39,1956.2,50.16,2022-02-02,2024-12-24,7,1,Clientes de alto valor activos,2.0794415416798357
2590,52,Male,North Dakota,No,0,32,1747.9,54.62,2022-04-03,2024-12-12,19,3,Clientes valiosos en riesgo,2.995732273553991
2591,57,Male,California,No,0,36,2029.7,56.38,2022-01-01,2024-11-29,32,3,Clientes valiosos en riesgo,3.4965075614664802
2592,40,Male,New Mexico,No,0,41,2071.0,50.51,2022-01-29,2024-12-22,9,1,Clientes de alto valor activos,2.302585092994046
2593,23,Male,Iowa,No,0,14,675.4,48.24,2022-03-01,2024-09-26,96,0,Clientes de baja actividad,4.574710978503383
2594,36,Male,Colorado,No,1,10,455.7,45.57,2022-04-21,2024-04-20,255,0,Clientes de baja actividad,5.545177444479562
2595,59,Male,Montana,No,0,26,1409.8,54.22,2022-01-08,2024-12-27,4,2,Clientes recientes en desarrollo,1.6094379124341003
2596,29,Male,Iowa,No,0,4,270.4,67.6,2022-12-15,2024-11-08,53,0,Clientes de baja actividad,3.9889840465642745
2597,63,Male,Louisiana,No,0,36,1899.6,52.77,2022-02-02,2024-10-31,61,3,Clientes valiosos en riesgo,4.127134385045092
2598,60,Male,Alabama,No,0,14,789.9,56.42,2022-02-07,2024-11-12,49,0,Clientes de baja actividad,3.912023005428146
2599,64,Male,Nevada,No,0,32,1834.2,57.32,2022-04-16,2024-12-20,11,3,Clientes valiosos en riesgo,2.4849066497880004
2600,63,Male,Vermont,No,0,49,2670.4,54.5,2022-02-11,2024-12-27,4,1,Clientes de alto valor activos,1.6094379124341003
2601,21,Male,New York,No,0,7,355.0,50.71,2022-05-20,2024-11-29,32,0,Clientes de baja actividad,3.4965075614664802
2602,61,Male,Mississippi,No,0,44,2282.2,51.87,2022-01-08,2024-12-27,4,1,Clientes de alto valor activos,1.6094379124341003
2603,65,Male,South Carolina,No,1,2,144.4,72.2,2023-12-23,2024-02-04,331,0,Clientes de baja actividad,5.805134968916488
2604,69,Male,Washington,No,0,9,479.5,53.28,2022-04-28,2024-09-17,105,0,Clientes de baja actividad,4.663439094112067
2605,47,Male,Colorado,No,0,7,497.3,71.04,2022-05-27,2024-12-28,3,2,Clientes recientes en desarrollo,1.3862943611198906
2606,41,Male,Nevada,No,0,33,1543.0,46.76,2022-02-04,2024-10-31,61,3,Clientes valiosos en riesgo,4.127134385045092
2607,68,Male,Nevada,No,0,47,2149.3,45.73,2022-01-01,2024-12-23,8,1,Clientes de alto valor activos,2.1972245773362196
2608,41,Male,Oklahoma,No,0,39,2019.2,51.77,2022-01-01,2024-12-27,4,1,Clientes de alto valor activos,1.6094379124341003
2609,42,Male,Mississippi,No,0,49,2503.2,51.09,2022-03-06,2024-12-22,9,1,Clientes de alto valor activos,2.302585092994046
2610,66,Male,Arkansas,No,0,19,1020.5,53.71,2022-01-28,2024-12-22,9,2,Clientes recientes en desarrollo,2.302585092994046
2611,66,Male,West Virginia,No,0,26,1490.3,57.32,2022-01-01,2024-12-15,16,3,Clientes valiosos en riesgo,2.833213344056216
2612,33,Male,Michigan,No,0,5,276.5,55.3,2023-05-04,2024-09-02,120,0,Clientes de baja actividad,4.795790545596741
2613,55,Male,Louisiana,No,0,28,1418.2,50.65,2022-01-28,2024-12-19,12,2,Clientes recientes en desarrollo,2.5649493574615367
2614,58,Male,South Dakota,No,0,15,783.5,52.23,2022-03-05,2024-12-05,26,0,Clientes de baja actividad,3.295836866004329
2615,18,Male,North Dakota,No,0,37,1963.5,53.07,2022-01-01,2024-12-27,4,1,Clientes de alto valor activos,1.6094379124341003
2616,49,Male,Arizona,No,1,7,401.8,57.4,2022-08-17,2024-04-30,245,0,Clientes de baja actividad,5.5053315359323625
2617,61,Male,Georgia,No,0,47,2429.2,51.69,2022-02-12,2024-12-26,5,1,Clientes de alto valor activos,1.791759469228055
2618,31,Male,Idaho,No,0,30,1656.1,55.2,2022-01-21,2024-12-28,3,1,Clientes de alto valor activos,1.3862943611198906
2619,70,Male,Louisiana,No,0,13,677.0,52.08,2022-02-12,2024-11-24,37,0,Clientes de baja actividad,3.6375861597263857
2620,68,Male,Connecticut,No,0,48,2277.1,47.44,2022-01-01,2024-12-22,9,1,Clientes de alto valor activos,2.302585092994046
2621,27,Male,Ohio,No,0,29,1466.3,50.56,2022-03-05,2024-12-23,8,2,Clientes recientes en desarrollo,2.1972245773362196
2622,48,Male,Maine,No,0,22,1047.3,47.6,2022-01-01,2024-12-14,17,2,Clientes recientes en desarrollo,2.8903717578961645
2623,63,Male,New Hampshire,No,0,16,870.2,54.39,2022-05-08,2024-12-15,16,2,Clientes recientes en desarrollo,2.833213344056216
2624,49,Male,Massachusetts,No,0,39,1802.2,46.21,2022-01-01,2024-12-28,3,1,Clientes de alto valor activos,1.3862943611198906
2625,19,Male,South Dakota,No,0,20,1075.8,53.79,2022-04-04,2024-12-05,26,2,Clientes recientes en desarrollo,3.295836866004329
2626,30,Male,Colorado,No,0,32,1534.6,47.96,2022-01-07,2024-12-02,29,3,Clientes valiosos en riesgo,3.4011973816621555
2627,50,Male,Rhode Island,No,1,31,1537.5,49.6,2022-01-07,2024-10-10,82,3,Clientes valiosos en riesgo,4.418840607796598
2628,66,Male,Missouri,No,0,41,2253.9,54.97,2022-02-14,2024-11-21,40,3,Clientes valiosos en riesgo,3.713572066704308
2629,25,Male,Wyoming,No,0,43,2203.4,51.24,2022-05-08,2024-12-26,5,1,Clientes de alto valor activos,1.791759469228055
2630,61,Male,New Hampshire,No,0,26,1137.6,43.75,2022-03-04,2024-12-23,8,2,Clientes recientes en desarrollo,2.1972245773362196
2631,29,Male,Maine,No,0,21,1020.6,48.6,2022-02-09,2024-12-17,14,2,Clientes recientes en desarrollo,2.70805020110221
2632,53,Male,Connecticut,No,0,4,281.8,70.45,2022-11-29,2024-11-02,59,0,Clientes de baja actividad,4.0943445622221
2633,24,Male,Alaska,No,0,15,705.0,47.0,2022-02-13,2024-12-28,3,2,Clientes recientes en desarrollo,1.3862943611198906
2634,51,Male,Alaska,No,0,33,1643.2,49.79,2022-01-16,2024-12-27,4,1,Clientes de alto valor activos,1.6094379124341003
2635,26,Male,North Carolina,No,0,21,1023.7,48.75,2022-01-01,2024-09-10,112,0,Clientes de baja actividad,4.727387818712341
2636,59,Male,Colorado,No,1,35,1618.4,46.24,2022-03-04,2024-10-18,74,3,Clientes valiosos en riesgo,4.31748811353631
2637,41,Male,Utah,No,0,7,410.0,58.57,2022-01-01,2024-11-20,41,0,Clientes de baja actividad,3.7376696182833684
2638,20,Male,Alabama,No,0,3,207.5,69.17,2022-04-17,2024-07-30,154,0,Clientes de baja actividad,5.043425116919247
2639,22,Male,Hawaii,No,0,36,1601.4,44.48,2022-01-10,2024-12-27,4,1,Clientes de alto valor activos,1.6094379124341003
2640,18,Male,New Hampshire,No,0,34,1795.6,52.81,2022-02-28,2024-12-27,4,1,Clientes de alto valor activos,1.6094379124341003
2641,30,Male,Indiana,No,0,46,2176.6,47.32,2022-01-23,2024-11-22,39,3,Clientes valiosos en riesgo,3.6888794541139363
2642,25,Male,Vermont,No,0,21,1192.5,56.79,2022-03-13,2024-12-21,10,2,Clientes recientes en desarrollo,2.3978952727983707
2643,39,Male,Iowa,No,0,49,2463.5,50.28,2022-05-05,2024-12-30,1,1,Clientes de alto valor activos,0.6931471805599453
2644,49,Male,Maryland,No,0,38,1759.6,46.31,2022-01-29,2024-12-01,30,3,Clientes valiosos en riesgo,3.4339872044851463
2645,25,Male,New Mexico,No,1,5,179.5,35.9,2023-07-03,2024-02-08,327,0,Clientes de baja actividad,5.793013608384144
2646,23,Male,Louisiana,No,1,25,1370.9,54.84,2022-03-05,2024-09-06,116,0,Clientes de baja actividad,4.762173934797756
2647,33,Male,New Mexico,No,0,5,322.7,64.54,2023-07-28,2024-08-30,123,0,Clientes de baja actividad,4.820281565605037
2648,60,Male,South Carolina,No,0,26,1208.2,46.47,2022-01-01,2024-12-03,28,3,Clientes valiosos en riesgo,3.367295829986474
2649,51,Male,Illinois,No,0,15,795.6,53.04,2022-02-20,2024-12-10,21,2,Clientes recientes en desarrollo,3.091042453358316
2650,23,Male,Minnesota,No,0,15,942.4,62.83,2022-11-11,2024-10-06,86,0,Clientes de baja actividad,4.465908118654584
2651,20,Male,Oregon,No,0,47,2299.0,48.91,2022-03-17,2024-11-27,34,3,Clientes valiosos en riesgo,3.5553480614894135
2652,51,Male,Tennessee,No,0,28,1691.5,60.41,2022-01-20,2024-12-30,1,2,Clientes recientes en desarrollo,0.6931471805599453
2653,23,Female,Maryland,No,0,47,2468.4,52.52,2022-04-01,2024-11-20,41,3,Clientes valiosos en riesgo,3.7376696182833684
2654,67,Female,Wisconsin,No,0,25,1310.7,52.43,2022-01-18,2024-12-31,0,2,Clientes recientes en desarrollo,0.0
2655,23,Female,Idaho,No,0,5,209.4,41.88,2022-09-05,2024-11-07,54,0,Clientes de baja actividad,4.007333185232471
2656,26,Female,Wyoming,No,1,3,111.1,37.03,2022-08-21,2023-06-03,577,0,Clientes de baja actividad,6.359573868672378
2657,52,Female,Indiana,No,0,30,1443.0,48.1,2022-01-23,2024-11-23,38,3,Clientes valiosos en riesgo,3.6635616461296463
2658,52,Female,Texas,No,0,8,447.3,55.91,2022-04-29,2024-12-20,11,2,Clientes recientes en desarrollo,2.4849066497880004
2659,52,Female,Ohio,No,0,40,2292.4,57.31,2022-02-05,2024-12-24,7,1,Clientes de alto valor activos,2.0794415416798357
2660,35,Female,Kansas,No,0,47,2624.2,55.83,2022-03-13,2024-12-27,4,1,Clientes de alto valor activos,1.6094379124341003
2661,24,Female,South Carolina,No,1,45,2262.1,50.27,2022-02-10,2024-09-19,103,3,Clientes valiosos en riesgo,4.6443908991413725
2662,43,Female,Michigan,No,0,21,1139.0,54.24,2022-01-30,2024-10-31,61,0,Clientes de baja actividad,4.127134385045092
2663,25,Female,Nebraska,No,0,45,2272.1,50.49,2022-01-05,2024-12-15,16,1,Clientes de alto valor activos,2.833213344056216
2664,46,Female,Wisconsin,No,0,24,1153.7,48.07,2022-04-14,2024-12-26,5,2,Clientes recientes en desarrollo,1.791759469228055
2665,22,Female,Illinois,No,0,38,1797.5,47.3,2022-01-01,2024-10-31,61,3,Clientes valiosos en riesgo,4.127134385045092
2666,70,Female,Louisiana,No,0,5,233.0,46.6,2022-05-13,2024-06-09,205,0,Clientes de baja actividad,5.327876168789581
2667,49,Female,Ohio,No,0,15,663.0,44.2,2022-05-14,2024-11-26,35,0,Clientes de baja actividad,3.58351893845611
2668,48,Female,Maryland,No,0,32,1675.6,52.36,2022-01-09,2024-11-27,34,3,Clientes valiosos en riesgo,3.5553480614894135
2669,59,Female,Texas,No,0,10,534.7,53.47,2022-05-07,2024-09-10,112,0,Clientes de baja actividad,4.727387818712341
2670,39,Female,Illinois,No,0,32,1694.6,52.96,2022-04-08,2024-12-25,6,1,Clientes de alto valor activos,1.9459101490553132
2671,30,Female,Pennsylvania,No,0,27,1367.3,50.64,2022-04-01,2024-12-26,5,2,Clientes recientes en desarrollo,1.791759469228055
2672,37,Female,Alabama,No,0,42,2403.8,57.23,2022-02-15,2024-12-21,10,1,Clientes de alto valor activos,2.3978952727983707
2673,56,Female,West Virginia,No,0,14,766.1,54.72,2022-12-18,2024-12-27,4,2,Clientes recientes en desarrollo,1.6094379124341003
2674,67,Female,Nevada,No,0,5,236.1,47.22,2022-06-19,2024-09-20,102,0,Clientes de baja actividad,4.634728988229636
2675,40,Female,Florida,No,0,16,964.1,60.26,2022-05-09,2024-12-29,2,2,Clientes recientes en desarrollo,1.0986122886681098
2676,24,Female,Virginia,No,1,39,2220.2,56.93,2022-05-06,2024-08-28,125,3,Clientes valiosos en riesgo,4.836281906951478
2677,43,Female,Kentucky,No,1,4,189.5,47.38,2022-02-11,2023-07-27,523,0,Clientes de baja actividad,6.261491684321042
2678,45,Female,Connecticut,No,0,7,483.9,69.13,2022-05-10,2024-11-07,54,0,Clientes de baja actividad,4.007333185232471
2679,33,Female,Montana,No,0,35,1798.7,51.39,2022-05-07,2024-12-08,23,3,Clientes valiosos en riesgo,3.1780538303479458
2680,53,Female,Montana,No,0,8,401.6,50.2,2022-02-13,2024-11-20,41,0,Clientes de baja actividad,3.7376696182833684
2681,44,Female,Nebraska,No,0,22,1186.5,53.93,2022-03-05,2024-12-21,10,2,Clientes recientes en desarrollo,2.3978952727983707
2682,23,Female,Massachusetts,No,0,18,1181.2,65.62,2022-02-05,2024-10-04,88,0,Clientes de baja actividad,4.48863636973214
2683,59,Female,North Carolina,No,1,6,352.1,58.68,2022-11-08,2024-04-30,245,0,Clientes de baja actividad,5.5053315359323625
2684,68,Female,Montana,No,0,22,1081.2,49.15,2022-03-25,2024-11-26,35,3,Clientes valiosos en riesgo,3.58351893845611
2685,46,Female,Washington,No,0,43,2623.8,61.02,2022-01-01,2024-12-24,7,1,Clientes de alto valor activos,2.0794415416798357
2686,56,Female,Virginia,No,0,50,2476.9,49.54,2022-01-01,2024-12-25,6,1,Clientes de alto valor activos,1.9459101490553132
2687,40,Female,Georgia,No,0,34,1593.2,46.86,2022-01-08,2024-12-15,16,3,Clientes valiosos en riesgo,2.833213344056216
2688,61,Female,Delaware,No,0,13,596.7,45.9,2022-03-13,2024-10-31,61,0,Clientes de baja actividad,4.127134385045092
2689,53,Female,West Virginia,No,0,19,919.7,48.41,2022-03-18,2024-11-23,38,0,Clientes de baja actividad,3.6635616461296463
2690,29,Female,Wyoming,No,0,48,2318.8,48.31,2022-02-11,2024-12-01,30,3,Clientes valiosos en riesgo,3.4339872044851463
2691,44,Female,New Mexico,No,1,19,967.4,50.92,2022-03-31,2024-08-31,122,0,Clientes de baja actividad,4.812184355372417
2692,43,Female,Nebraska,No,0,49,2562.3,52.29,2022-01-13,2024-12-24,7,1,Clientes de alto valor activos,2.0794415416798357
2693,40,Female,Washington,No,1,19,1088.0,57.26,2022-03-12,2024-08-30,123,0,Clientes de baja actividad,4.820281565605037
2694,55,Female,Hawaii,No,0,47,2315.2,49.26,2022-01-22,2024-12-20,11,1,Clientes de alto valor activos,2.4849066497880004
2695,66,Female,Louisiana,No,0,35,1841.9,52.63,2022-03-11,2024-11-30,31,3,Clientes valiosos en riesgo,3.4657359027997265
2696,50,Female,Tennessee,No,0,11,540.0,49.09,2022-09-04,2024-12-27,4,2,Clientes recientes en desarrollo,1.6094379124341003
2697,57,Female,South Dakota,No,0,13,562.5,43.27,2022-01-08,2024-08-11,142,0,Clientes de baja actividad,4.962844630259907
2698,42,Female,Delaware,No,0,37,1851.3,50.04,2022-02-20,2024-12-21,10,1,Clientes de alto valor activos,2.3978952727983707
2699,55,Female,Virginia,No,0,35,1693.3,48.38,2022-01-16,2024-12-02,29,3,Clientes valiosos en riesgo,3.4011973816621555
2700,25,Female,Utah,No,0,50,2606.2,52.12,2022-02-03,2024-11-26,35,3,Clientes valiosos en riesgo,3.58351893845611
2701,22,Female,California,No,0,37,1986.0,53.68,2022-05-06,2024-11-29,32,3,Clientes valiosos en riesgo,3.4965075614664802
2702,49,Female,Idaho,No,0,19,950.1,50.01,2022-01-14,2024-12-10,21,2,Clientes recientes en desarrollo,3.091042453358316
2703,70,Female,Texas,No,1,40,2168.3,54.21,2022-03-04,2024-10-15,77,3,Clientes valiosos en riesgo,4.356708826689592
2704,56,Female,Tennessee,No,0,35,1843.1,52.66,2022-02-08,2024-12-29,2,1,Clientes de alto valor activos,1.0986122886681098
2705,52,Female,Tennessee,No,0,36,1929.7,53.6,2022-02-18,2024-12-27,4,1,Clientes de alto valor activos,1.6094379124341003
2706,65,Female,Washington,No,1,2,77.0,38.5,2022-02-26,2022-12-13,749,0,Clientes de baja actividad,6.620073206530356
2707,24,Female,Alabama,No,0,49,2555.3,52.15,2022-02-02,2024-12-27,4,1,Clientes de alto valor activos,1.6094379124341003
2708,32,Female,Nebraska,No,0,20,935.4,46.77,2022-07-14,2024-10-31,61,0,Clientes de baja actividad,4.127134385045092
2709,57,Female,Alabama,No,0,45,2411.7,53.59,2022-04-07,2024-12-22,9,1,Clientes de alto valor activos,2.302585092994046
2710,35,Female,Illinois,No,0,10,570.9,57.09,2022-05-18,2024-09-20,102,0,Clientes de baja actividad,4.634728988229636
2711,69,Female,Wisconsin,No,0,4,327.5,81.88,2022-06-19,2024-05-14,231,0,Clientes de baja actividad,5.44673737166631
2712,30,Female,Nebraska,No,0,51,2560.0,50.2,2022-01-13,2024-12-28,3,1,Clientes de alto valor activos,1.3862943611198906
2713,37,Female,North Dakota,No,0,8,492.4,61.55,2022-07-30,2024-12-04,27,0,Clientes de baja actividad,3.332204510175204
2714,19,Female,Mississippi,No,0,21,1184.5,56.4,2022-03-27,2024-10-31,61,0,Clientes de baja actividad,4.127134385045092
2715,53,Female,Iowa,No,0,17,689.3,40.55,2022-05-04,2024-10-31,61,0,Clientes de baja actividad,4.127134385045092
2716,25,Female,Mississippi,No,0,30,1706.9,56.9,2022-04-07,2024-12-05,26,3,Clientes valiosos en riesgo,3.295836866004329
2717,47,Female,Colorado,No,0,22,1010.7,45.94,2022-05-19,2024-12-20,11,2,Clientes recientes en desarrollo,2.4849066497880004
2718,18,Female,Nebraska,No,0,20,1157.7,57.89,2022-04-09,2024-11-29,32,0,Clientes de baja actividad,3.4965075614664802
2719,22,Female,Virginia,No,0,11,464.2,42.2,2022-02-07,2024-08-21,132,0,Clientes de baja actividad,4.890349128221754
2720,69,Female,Louisiana,No,0,5,187.6,37.52,2022-10-15,2024-08-29,124,0,Clientes de baja actividad,4.8283137373023015
2721,55,Female,Maryland,No,0,46,2258.0,49.09,2022-05-11,2024-12-26,5,1,Clientes de alto valor activos,1.791759469228055
2722,19,Female,Minnesota,No,0,18,861.2,47.84,2022-01-01,2024-12-10,21,2,Clientes recientes en desarrollo,3.091042453358316
2723,23,Female,Maine,No,0,23,1207.6,52.5,2022-02-15,2024-11-20,41,3,Clientes valiosos en riesgo,3.7376696182833684
2724,54,Female,Texas,No,0,4,230.9,57.72,2023-04-29,2024-12-27,4,2,Clientes recientes en desarrollo,1.6094379124341003
2725,52,Female,Missouri,No,0,12,597.4,49.78,2022-02-15,2024-12-09,22,0,Clientes de baja actividad,3.1354942159291497
2726,64,Female,Mississippi,No,0,5,216.5,43.3,2022-08-21,2024-12-10,21,0,Clientes de baja actividad,3.091042453358316
2727,33,Female,Michigan,No,0,12,803.4,66.95,2022-03-21,2024-11-27,34,0,Clientes de baja actividad,3.5553480614894135
2728,40,Female,Colorado,No,0,48,2457.2,51.19,2022-01-01,2024-12-27,4,1,Clientes de alto valor activos,1.6094379124341003
2729,26,Female,Florida,No,0,18,1003.2,55.73,2022-03-25,2024-12-25,6,2,Clientes recientes en desarrollo,1.9459101490553132
2730,31,Female,Montana,No,0,33,1487.3,45.07,2022-02-11,2024-12-23,8,1,Clientes de alto valor activos,2.1972245773362196
2731,23,Female,Wisconsin,No,0,38,1940.5,51.07,2022-01-01,2024-12-28,3,1,Clientes de alto valor activos,1.3862943611198906
2732,52,Female,Wisconsin,No,0,45,2226.3,49.47,2022-04-12,2024-12-15,16,1,Clientes de alto valor activos,2.833213344056216
2733,21,Female,Delaware,No,0,28,1381.7,49.35,2022-01-18,2024-10-31,61,3,Clientes valiosos en riesgo,4.127134385045092
2734,31,Female,North Carolina,No,0,47,2323.3,49.43,2022-01-14,2024-12-28,3,1,Clientes de alto valor activos,1.3862943611198906
2735,63,Female,New York,No,0,14,641.0,45.79,2022-05-08,2024-08-30,123,0,Clientes de baja actividad,4.820281565605037
2736,46,Female,California,No,1,3,96.2,32.07,2023-06-09,2024-04-04,271,0,Clientes de baja actividad,5.605802066295998
2737,44,Female,Montana,No,0,46,2539.4,55.2,2022-01-11,2024-12-29,2,1,Clientes de alto valor activos,1.0986122886681098
2738,57,Female,North Carolina,No,0,36,1788.4,49.68,2022-06-24,2024-11-30,31,3,Clientes valiosos en riesgo,3.4657359027997265
2739,50,Female,Ohio,No,0,40,2195.9,54.9,2022-02-07,2024-12-21,10,1,Clientes de alto valor activos,2.3978952727983707
2740,33,Female,Alaska,No,1,40,1882.0,47.05,2022-01-02,2024-10-26,66,3,Clientes valiosos en riesgo,4.204692619390966
2741,19,Female,Pennsylvania,No,0,35,1674.6,47.85,2022-01-01,2024-10-31,61,3,Clientes valiosos en riesgo,4.127134385045092
2742,68,Female,Maine,No,0,42,2258.3,53.77,2022-01-14,2024-12-22,9,1,Clientes de alto valor activos,2.302585092994046
2743,27,Female,Texas,No,0,48,2422.3,50.46,2022-02-05,2024-12-15,16,1,Clientes de alto valor activos,2.833213344056216
2744,61,Female,New Jersey,No,0,18,911.1,50.62,2022-06-20,2024-12-10,21,2,Clientes recientes en desarrollo,3.091042453358316
2745,38,Female,Wyoming,No,0,41,2416.7,58.94,2022-01-28,2024-12-20,11,1,Clientes de alto valor activos,2.4849066497880004
2746,28,Female,Michigan,No,0,45,2461.9,54.71,2022-01-09,2024-12-15,16,1,Clientes de alto valor activos,2.833213344056216
2747,39,Female,Ohio,No,1,22,1022.8,46.49,2022-03-10,2024-08-30,123,0,Clientes de baja actividad,4.820281565605037
2748,18,Female,West Virginia,No,0,22,1057.2,48.05,2022-02-10,2024-12-27,4,2,Clientes recientes en desarrollo,1.6094379124341003
2749,24,Female,Virginia,No,0,17,868.6,51.09,2022-01-01,2024-12-27,4,2,Clientes recientes en desarrollo,1.6094379124341003
2750,64,Female,Vermont,No,0,16,735.1,45.94,2022-02-14,2024-12-24,7,2,Clientes recientes en desarrollo,2.0794415416798357
2751,51,Female,Alaska,No,0,27,1516.1,56.15,2022-02-11,2024-12-27,4,2,Clientes recientes en desarrollo,1.6094379124341003
2752,27,Female,Minnesota,No,0,51,2865.7,56.19,2022-02-06,2024-12-29,2,1,Clientes de alto valor activos,1.0986122886681098
2753,48,Female,Colorado,No,0,31,1522.3,49.11,2022-02-11,2024-12-20,11,3,Clientes valiosos en riesgo,2.4849066497880004
2754,69,Female,Rhode Island,No,0,49,2618.5,53.44,2022-01-11,2024-12-30,1,1,Clientes de alto valor activos,0.6931471805599453
2755,59,Female,New Jersey,No,0,22,1194.6,54.3,2022-03-10,2024-10-12,80,0,Clientes de baja actividad,4.394449154672439
2756,59,Female,Nevada,No,0,19,1029.2,54.17,2022-03-07,2024-11-22,39,0,Clientes de baja actividad,3.6888794541139363
2757,42,Female,Minnesota,No,0,42,2010.6,47.87,2022-01-30,2024-12-26,5,1,Clientes de alto valor activos,1.791759469228055
2758,39,Female,Delaware,No,0,12,697.4,58.12,2023-05-11,2024-11-23,38,0,Clientes de baja actividad,3.6635616461296463
2759,32,Female,Illinois,No,0,9,417.9,46.43,2022-10-31,2024-08-25,128,0,Clientes de baja actividad,4.859812404361672
2760,68,Female,Washington,No,0,43,2086.2,48.52,2022-01-01,2024-11-25,36,3,Clientes valiosos en riesgo,3.6109179126442243
2761,41,Female,Alaska,No,0,42,2229.3,53.08,2022-05-23,2024-11-30,31,3,Clientes valiosos en riesgo,3.4657359027997265
2762,31,Female,Michigan,No,0,4,160.8,40.2,2022-08-26,2024-02-20,315,0,Clientes de baja actividad,5.755742213586912
2763,58,Female,Georgia,No,0,11,653.3,59.39,2022-08-21,2024-11-30,31,0,Clientes de baja actividad,3.4657359027997265
2764,28,Female,West Virginia,No,0,36,1998.0,55.5,2022-01-01,2024-12-28,3,1,Clientes de alto valor activos,1.3862943611198906
2765,63,Female,Arizona,No,0,3,178.9,59.63,2022-01-07,2024-11-27,34,0,Clientes de baja actividad,3.5553480614894135
2766,64,Female,Colorado,No,0,25,1291.0,51.64,2022-01-22,2024-12-20,11,2,Clientes recientes en desarrollo,2.4849066497880004
2767,66,Female,Tennessee,No,0,48,2536.5,52.84,2022-02-14,2024-12-23,8,1,Clientes de alto valor activos,2.1972245773362196
2768,31,Female,Iowa,No,1,32,1577.8,49.31,2022-04-25,2024-09-02,120,3,Clientes valiosos en riesgo,4.795790545596741
2769,55,Female,Kansas,No,0,29,1690.4,58.29,2022-01-13,2024-12-28,3,2,Clientes recientes en desarrollo,1.3862943611198906
2770,32,Female,Oklahoma,No,0,14,554.8,39.63,2022-01-13,2024-11-01,60,0,Clientes de baja actividad,4.110873864173311
2771,50,Female,Nebraska,No,0,23,1174.6,51.07,2022-04-04,2024-11-29,32,3,Clientes valiosos en riesgo,3.4965075614664802
2772,58,Female,Maryland,No,0,13,655.4,50.42,2022-07-02,2024-10-12,80,0,Clientes de baja actividad,4.394449154672439
2773,18,Female,Pennsylvania,No,0,11,514.4,46.76,2022-04-15,2024-12-21,10,2,Clientes recientes en desarrollo,2.3978952727983707
2774,39,Female,Arizona,No,0,46,2124.5,46.18,2022-07-09,2024-12-29,2,1,Clientes de alto valor activos,1.0986122886681098
2775,56,Female,Oklahoma,No,0,43,2361.9,54.93,2022-03-10,2024-12-20,11,1,Clientes de alto valor activos,2.4849066497880004
2776,37,Female,Montana,No,0,17,798.0,46.94,2022-01-08,2024-11-30,31,0,Clientes de baja actividad,3.4657359027997265
2777,46,Female,Wyoming,No,0,7,386.4,55.2,2022-05-14,2024-10-01,91,0,Clientes de baja actividad,4.5217885770490405
2778,52,Female,Idaho,No,0,29,1488.3,51.32,2022-02-02,2024-11-26,35,3,Clientes valiosos en riesgo,3.58351893845611
2779,70,Female,Pennsylvania,No,0,25,1476.9,59.08,2022-01-23,2024-12-08,23,3,Clientes valiosos en riesgo,3.1780538303479458
2780,61,Female,Montana,No,0,15,871.3,58.09,2022-04-04,2024-12-28,3,2,Clientes recientes en desarrollo,1.3862943611198906
2781,33,Female,Ohio,No,0,30,1543.6,51.45,2022-01-22,2024-12-18,13,3,Clientes valiosos en riesgo,2.6390573296152584
2782,65,Female,Mississippi,No,0,34,1883.4,55.39,2022-06-20,2024-12-18,13,3,Clientes valiosos en riesgo,2.6390573296152584
2783,41,Female,Idaho,No,0,31,1578.4,50.92,2022-01-01,2024-12-15,16,3,Clientes valiosos en riesgo,2.833213344056216
2784,19,Female,Virginia,No,0,27,1407.3,52.12,2022-03-13,2024-12-15,16,3,Clientes valiosos en riesgo,2.833213344056216
2785,33,Female,Idaho,No,0,13,853.7,65.67,2022-05-12,2024-12-29,2,2,Clientes recientes en desarrollo,1.0986122886681098
2786,53,Female,Louisiana,No,0,14,817.6,58.4,2022-08-29,2024-12-22,9,2,Clientes recientes en desarrollo,2.302585092994046
2787,54,Female,Colorado,No,0,42,2114.4,50.34,2022-02-12,2024-12-25,6,1,Clientes de alto valor activos,1.9459101490553132
2788,36,Female,West Virginia,No,0,5,236.8,47.36,2024-04-13,2024-11-29,32,0,Clientes de baja actividad,3.4965075614664802
2789,56,Female,Rhode Island,No,0,3,158.0,52.67,2022-07-04,2024-02-26,309,0,Clientes de baja actividad,5.736572297479192
2790,28,Female,North Carolina,No,0,29,1546.0,53.31,2022-01-27,2024-12-27,4,2,Clientes recientes en desarrollo,1.6094379124341003
2791,34,Female,Maine,No,0,25,1561.3,62.45,2022-02-05,2024-12-27,4,2,Clientes recientes en desarrollo,1.6094379124341003
2792,43,Female,Iowa,No,0,15,746.2,49.75,2022-03-18,2024-09-15,107,0,Clientes de baja actividad,4.68213122712422
2793,54,Female,Kentucky,No,0,12,723.2,60.27,2022-02-14,2024-12-22,9,2,Clientes recientes en desarrollo,2.302585092994046
2794,37,Female,Massachusetts,No,0,28,1454.2,51.94,2022-01-01,2024-11-29,32,3,Clientes valiosos en riesgo,3.4965075614664802
2795,33,Female,New York,No,0,8,473.5,59.19,2022-02-09,2024-12-30,1,2,Clientes recientes en desarrollo,0.6931471805599453
2796,33,Female,Nebraska,No,0,50,2832.2,56.64,2022-01-28,2024-12-29,2,1,Clientes de alto valor activos,1.0986122886681098
2797,55,Female,Oklahoma,No,0,22,1147.5,52.16,2022-03-13,2024-12-29,2,2,Clientes recientes en desarrollo,1.0986122886681098
2798,63,Female,Oklahoma,No,0,11,604.0,54.91,2022-04-09,2024-12-29,2,2,Clientes recientes en desarrollo,1.0986122886681098
2799,52,Female,Rhode Island,No,0,38,1989.0,52.34,2022-01-01,2024-11-28,33,3,Clientes valiosos en riesgo,3.5263605246161616
2800,23,Female,Maine,No,0,10,458.8,45.88,2022-08-20,2024-12-17,14,2,Clientes recientes en desarrollo,2.70805020110221
2801,70,Female,Arkansas,No,0,15,734.1,48.94,2022-02-09,2024-11-29,32,0,Clientes de baja actividad,3.4965075614664802
2802,64,Female,New Mexico,No,0,31,1553.3,50.11,2022-02-03,2024-11-29,32,3,Clientes valiosos en riesgo,3.4965075614664802
2803,22,Female,Hawaii,No,0,43,2225.7,51.76,2022-01-26,2024-12-28,3,1,Clientes de alto valor activos,1.3862943611198906
2804,46,Female,Idaho,No,0,32,1567.5,48.98,2022-02-09,2024-12-26,5,1,Clientes de alto valor activos,1.791759469228055
2805,65,Female,South Carolina,No,0,49,2379.2,48.56,2022-01-15,2024-12-21,10,1,Clientes de alto valor activos,2.3978952727983707
2806,18,Female,Nevada,No,0,49,2815.5,57.46,2022-01-12,2024-12-28,3,1,Clientes de alto valor activos,1.3862943611198906
2807,45,Female,South Carolina,No,0,51,2552.7,50.05,2022-02-11,2024-12-21,10,1,Clientes de alto valor activos,2.3978952727983707
2808,56,Female,Maryland,No,0,11,598.1,54.37,2022-04-06,2024-11-20,41,0,Clientes de baja actividad,3.7376696182833684
2809,49,Female,Tennessee,No,0,46,2639.4,57.38,2022-04-04,2024-12-01,30,3,Clientes valiosos en riesgo,3.4339872044851463
2810,66,Female,Arkansas,No,0,28,1197.4,42.76,2022-02-06,2024-11-17,44,3,Clientes valiosos en riesgo,3.8066624897703196
2811,27,Female,Arizona,No,0,11,532.2,48.38,2022-05-15,2024-12-26,5,2,Clientes recientes en desarrollo,1.791759469228055
2812,69,Female,Ohio,No,0,20,867.9,43.4,2022-02-06,2024-12-21,10,2,Clientes recientes en desarrollo,2.3978952727983707
2813,66,Female,North Dakota,No,0,2,95.3,47.65,2022-07-20,2024-08-03,150,0,Clientes de baja actividad,5.017279836814924
2814,45,Female,Vermont,No,0,40,2248.8,56.22,2022-01-01,2024-12-22,9,1,Clientes de alto valor activos,2.302585092994046
2815,31,Female,Minnesota,No,0,15,721.6,48.11,2022-04-08,2024-12-10,21,2,Clientes recientes en desarrollo,3.091042453358316
2816,33,Female,Idaho,No,0,41,1971.5,48.09,2022-02-05,2024-12-10,21,3,Clientes valiosos en riesgo,3.091042453358316
2817,43,Female,Maryland,No,0,46,2308.2,50.18,2022-02-05,2024-12-10,21,3,Clientes valiosos en riesgo,3.091042453358316
2818,25,Female,South Carolina,No,1,7,349.0,49.86,2022-06-10,2024-04-20,255,0,Clientes de baja actividad,5.545177444479562
2819,46,Female,California,No,1,13,628.5,48.35,2023-08-23,2024-08-20,133,0,Clientes de baja actividad,4.897839799950911
2820,67,Female,Georgia,No,0,20,786.8,39.34,2022-07-10,2024-12-22,9,2,Clientes recientes en desarrollo,2.302585092994046
2821,26,Female,Vermont,No,0,6,346.9,57.82,2022-05-13,2024-09-19,103,0,Clientes de baja actividad,4.6443908991413725
2822,35,Female,Georgia,No,0,38,2021.9,53.21,2022-01-01,2024-12-29,2,1,Clientes de alto valor activos,1.0986122886681098
2823,61,Female,New Jersey,No,0,34,1944.1,57.18,2022-01-02,2024-12-28,3,1,Clientes de alto valor activos,1.3862943611198906
2824,26,Female,Utah,No,0,48,2477.0,51.6,2022-02-02,2024-12-22,9,1,Clientes de alto valor activos,2.302585092994046
2825,39,Female,Utah,No,0,50,2484.5,49.69,2022-03-20,2024-12-01,30,3,Clientes valiosos en riesgo,3.4339872044851463
2826,69,Female,North Carolina,No,0,29,1449.7,49.99,2022-01-01,2024-11-26,35,3,Clientes valiosos en riesgo,3.58351893845611
2827,32,Female,Florida,No,0,24,1367.2,56.97,2022-01-07,2024-12-05,26,3,Clientes valiosos en riesgo,3.295836866004329
2828,20,Female,Wisconsin,No,0,12,734.4,61.2,2022-02-15,2024-12-23,8,2,Clientes recientes en desarrollo,2.1972245773362196
2829,25,Female,Tennessee,No,0,34,1714.3,50.42,2022-01-01,2024-10-31,61,3,Clientes valiosos en riesgo,4.127134385045092
2830,56,Female,Arizona,No,0,48,2310.5,48.14,2022-01-16,2024-12-25,6,1,Clientes de alto valor activos,1.9459101490553132
2831,63,Female,Oregon,No,0,14,678.6,48.47,2022-04-26,2024-08-24,129,0,Clientes de baja actividad,4.867534450455582
2832,34,Female,Virginia,No,0,5,283.7,56.74,2022-01-30,2024-12-01,30,0,Clientes de baja actividad,3.4339872044851463
2833,29,Female,Maryland,No,0,41,1845.7,45.02,2022-03-11,2024-12-25,6,1,Clientes de alto valor activos,1.9459101490553132
2834,43,Female,Arkansas,No,0,20,1096.8,54.84,2022-03-25,2024-12-05,26,2,Clientes recientes en desarrollo,3.295836866004329
2835,39,Female,Texas,No,0,18,951.0,52.83,2022-03-17,2024-11-03,58,0,Clientes de baja actividad,4.07753744390572
2836,33,Female,Vermont,No,0,8,457.8,57.22,2022-05-11,2024-11-20,41,0,Clientes de baja actividad,3.7376696182833684
2837,51,Female,Wyoming,No,0,22,1192.1,54.19,2022-01-01,2024-12-27,4,2,Clientes recientes en desarrollo,1.6094379124341003
2838,65,Female,Alabama,No,0,45,2769.3,61.54,2022-01-30,2024-12-31,0,1,Clientes de alto valor activos,0.0
2839,51,Female,Maine,No,0,3,130.6,43.53,2023-08-05,2024-07-22,162,0,Clientes de baja actividad,5.093750200806762
2840,70,Female,South Dakota,No,0,31,1454.6,46.92,2022-01-24,2024-12-29,2,1,Clientes de alto valor activos,1.0986122886681098
2841,40,Female,West Virginia,No,0,42,2097.7,49.95,2022-01-07,2024-12-23,8,1,Clientes de alto valor activos,2.1972245773362196
2842,19,Female,Ohio,No,0,32,1594.2,49.82,2022-03-05,2024-12-15,16,3,Clientes valiosos en riesgo,2.833213344056216
2843,28,Female,Arizona,No,0,49,2731.5,55.74,2022-01-01,2024-12-30,1,1,Clientes de alto valor activos,0.6931471805599453
2844,51,Female,Ohio,No,1,42,2304.4,54.87,2022-01-15,2024-10-26,66,3,Clientes valiosos en riesgo,4.204692619390966
2845,32,Female,New Mexico,No,0,43,2054.1,47.77,2022-01-06,2024-12-25,6,1,Clientes de alto valor activos,1.9459101490553132
2846,26,Female,South Dakota,No,0,40,2082.3,52.06,2022-01-28,2024-12-22,9,1,Clientes de alto valor activos,2.302585092994046
2847,50,Female,Oklahoma,No,0,16,794.6,49.66,2022-02-02,2024-12-31,0,2,Clientes recientes en desarrollo,0.0
2848,68,Female,Connecticut,No,0,4,186.2,46.55,2022-06-19,2024-02-08,327,0,Clientes de baja actividad,5.793013608384144
2849,33,Female,Wisconsin,No,0,29,1437.4,49.57,2022-02-16,2024-12-25,6,2,Clientes recientes en desarrollo,1.9459101490553132
2850,56,Female,New Hampshire,No,0,28,1358.6,48.52,2022-01-13,2024-12-25,6,2,Clientes recientes en desarrollo,1.9459101490553132
2851,57,Female,Nebraska,No,0,37,1892.3,51.14,2022-02-02,2024-11-25,36,3,Clientes valiosos en riesgo,3.6109179126442243
2852,58,Female,Nevada,No,0,43,2341.5,54.45,2022-03-13,2024-12-27,4,1,Clientes de alto valor activos,1.6094379124341003
2853,40,Female,New York,No,0,31,1718.8,55.45,2022-01-08,2024-12-29,2,1,Clientes de alto valor activos,1.0986122886681098
2854,37,Female,Pennsylvania,No,0,10,507.9,50.79,2022-01-28,2024-06-29,185,0,Clientes de baja actividad,5.225746673713202
2855,36,Female,Delaware,No,0,26,1368.8,52.65,2022-03-15,2024-12-23,8,2,Clientes recientes en desarrollo,2.1972245773362196
2856,29,Female,Mississippi,No,1,34,1604.7,47.2,2022-03-02,2024-10-09,83,3,Clientes valiosos en riesgo,4.430816798843313
2857,65,Female,Iowa,No,0,32,1721.9,53.81,2022-02-05,2024-11-26,35,3,Clientes valiosos en riesgo,3.58351893845611
2858,44,Female,Utah,No,0,36,1879.0,52.19,2022-01-01,2024-12-27,4,1,Clientes de alto valor activos,1.6094379124341003
2859,34,Female,Maryland,No,0,47,2365.4,50.33,2022-01-29,2024-12-21,10,1,Clientes de alto valor activos,2.3978952727983707
2860,31,Female,Utah,No,0,30,1397.4,46.58,2022-03-20,2024-11-30,31,3,Clientes valiosos en riesgo,3.4657359027997265
2861,28,Female,Rhode Island,No,0,50,2939.6,58.79,2022-01-20,2024-12-31,0,1,Clientes de alto valor activos,0.0
2862,66,Female,Maryland,No,0,28,1353.2,48.33,2022-04-06,2024-11-25,36,3,Clientes valiosos en riesgo,3.6109179126442243
2863,68,Female,Hawaii,No,1,6,322.1,53.68,2022-05-02,2023-12-21,376,0,Clientes de baja actividad,5.932245187448011
2864,37,Female,Connecticut,No,1,19,1009.0,53.11,2022-04-19,2024-09-05,117,0,Clientes de baja actividad,4.770684624465665
2865,58,Female,Illinois,No,0,32,1479.3,46.23,2022-01-22,2024-12-20,11,3,Clientes valiosos en riesgo,2.4849066497880004
2866,28,Female,California,No,0,28,1414.6,50.52,2022-01-08,2024-12-15,16,3,Clientes valiosos en riesgo,2.833213344056216
2867,54,Female,Connecticut,No,0,20,1079.4,53.97,2022-07-29,2024-12-24,7,2,Clientes recientes en desarrollo,2.0794415416798357
2868,21,Female,Colorado,No,0,34,1637.9,48.17,2022-01-23,2024-11-30,31,3,Clientes valiosos en riesgo,3.4657359027997265
2869,45,Female,Colorado,No,0,43,2237.5,52.03,2022-05-13,2024-12-18,13,1,Clientes de alto valor activos,2.6390573296152584
2870,57,Female,Georgia,No,0,17,840.0,49.41,2022-01-01,2024-11-09,52,0,Clientes de baja actividad,3.970291913552122
2871,47,Female,North Dakota,No,1,50,2525.1,50.5,2022-03-21,2024-11-08,53,3,Clientes valiosos en riesgo,3.9889840465642745
2872,46,Female,Idaho,No,0,41,2125.0,51.83,2022-03-26,2024-12-27,4,1,Clientes de alto valor activos,1.6094379124341003
2873,63,Female,Connecticut,No,0,6,307.5,51.25,2022-08-03,2024-09-07,115,0,Clientes de baja actividad,4.7535901911063645
2874,44,Female,Montana,No,0,9,562.8,62.53,2022-02-14,2024-12-26,5,2,Clientes recientes en desarrollo,1.791759469228055
2875,36,Female,Colorado,No,1,3,162.2,54.07,2024-06-14,2024-07-27,157,0,Clientes de baja actividad,5.062595033026967
2876,24,Female,Kentucky,No,0,15,787.5,52.5,2022-01-01,2024-09-26,96,0,Clientes de baja actividad,4.574710978503383
2877,65,Female,New Mexico,No,0,6,296.3,49.38,2022-07-30,2024-11-22,39,0,Clientes de baja actividad,3.6888794541139363
2878,32,Female,New Jersey,No,0,35,1708.6,48.82,2022-01-16,2024-12-20,11,1,Clientes de alto valor activos,2.4849066497880004
2879,63,Female,California,No,0,14,803.5,57.39,2022-01-09,2024-12-19,12,2,Clientes recientes en desarrollo,2.5649493574615367
2880,62,Female,North Dakota,No,0,32,1808.1,56.5,2022-01-30,2024-12-27,4,1,Clientes de alto valor activos,1.6094379124341003
2881,19,Female,Florida,No,0,44,2624.1,59.64,2022-01-24,2024-12-30,1,1,Clientes de alto valor activos,0.6931471805599453
2882,38,Female,Texas,No,0,7,300.0,42.86,2022-03-13,2024-06-02,212,0,Clientes de baja actividad,5.3612921657094255
2883,59,Female,Oklahoma,No,1,24,1269.2,52.88,2022-03-18,2024-09-08,114,0,Clientes de baja actividad,4.74493212836325
2884,22,Female,Rhode Island,No,0,11,576.7,52.43,2022-06-20,2024-12-05,26,0,Clientes de baja actividad,3.295836866004329
2885,55,Female,Arkansas,No,0,48,2590.1,53.96,2022-01-01,2024-12-31,0,1,Clientes de alto valor activos,0.0
2886,29,Female,Nevada,No,1,15,912.9,60.86,2022-01-01,2024-05-06,239,0,Clientes de baja actividad,5.480638923341991
2887,42,Female,Utah,No,0,30,1489.2,49.64,2022-05-05,2024-12-15,16,3,Clientes valiosos en riesgo,2.833213344056216
2888,23,Female,Kentucky,No,0,13,819.5,63.04,2022-01-01,2024-11-29,32,0,Clientes de baja actividad,3.4965075614664802
2889,70,Female,Wisconsin,No,0,26,1134.3,43.63,2022-01-15,2024-11-25,36,3,Clientes valiosos en riesgo,3.6109179126442243
2890,64,Female,Minnesota,No,0,22,1118.7,50.85,2022-03-11,2024-10-05,87,0,Clientes de baja actividad,4.477336814478207
2891,39,Female,North Dakota,No,1,24,1172.1,48.84,2022-02-13,2024-08-29,124,0,Clientes de baja actividad,4.8283137373023015
2892,47,Female,Ohio,No,0,11,645.4,58.67,2022-06-23,2024-12-29,2,2,Clientes recientes en desarrollo,1.0986122886681098
2893,22,Female,Nevada,No,0,48,2596.4,54.09,2022-02-13,2024-11-23,38,3,Clientes valiosos en riesgo,3.6635616461296463
2894,69,Female,Kentucky,No,0,45,2368.5,52.63,2022-01-29,2024-12-25,6,1,Clientes de alto valor activos,1.9459101490553132
2895,35,Female,Kentucky,No,0,42,2044.6,48.68,2022-03-12,2024-12-28,3,1,Clientes de alto valor activos,1.3862943611198906
2896,56,Female,Montana,No,1,30,1380.6,46.02,2022-02-03,2024-09-22,100,3,Clientes valiosos en riesgo,4.61512051684126
2897,30,Female,Delaware,No,0,3,148.9,49.63,2022-12-18,2024-11-26,35,0,Clientes de baja actividad,3.58351893845611
2898,43,Female,Montana,No,0,3,192.5,64.17,2022-09-11,2024-11-17,44,0,Clientes de baja actividad,3.8066624897703196
2899,23,Female,New Jersey,No,0,30,1559.1,51.97,2022-02-10,2024-12-29,2,1,Clientes de alto valor activos,1.0986122886681098
2900,50,Female,Nebraska,No,0,23,1102.5,47.93,2022-04-09,2024-11-09,52,3,Clientes valiosos en riesgo,3.970291913552122
2901,41,Female,Maryland,No,1,24,1154.5,48.1,2022-03-06,2024-07-31,153,0,Clientes de baja actividad,5.0369526024136295
2902,41,Female,Alabama,No,0,47,2509.9,53.4,2022-01-01,2024-12-26,5,1,Clientes de alto valor activos,1.791759469228055
2903,27,Female,North Carolina,No,0,20,1139.0,56.95,2022-04-09,2024-11-25,36,0,Clientes de baja actividad,3.6109179126442243
2904,38,Female,Delaware,No,0,25,1450.7,58.03,2022-01-07,2024-12-01,30,3,Clientes valiosos en riesgo,3.4339872044851463
2905,41,Female,Iowa,No,0,44,2280.8,51.84,2022-01-01,2024-12-30,1,1,Clientes de alto valor activos,0.6931471805599453
2906,58,Female,New York,No,0,15,721.8,48.12,2022-09-10,2024-12-30,1,2,Clientes recientes en desarrollo,0.6931471805599453
2907,58,Female,Virginia,No,0,8,501.0,62.62,2023-08-12,2024-10-01,91,0,Clientes de baja actividad,4.5217885770490405
2908,19,Female,Maryland,No,0,51,2734.9,53.63,2022-01-01,2024-12-06,25,3,Clientes valiosos en riesgo,3.258096538021482
2909,43,Female,Texas,No,0,16,795.1,49.69,2022-01-29,2024-12-26,5,2,Clientes recientes en desarrollo,1.791759469228055
2910,27,Female,Louisiana,No,0,41,2007.1,48.95,2022-04-03,2024-12-28,3,1,Clientes de alto valor activos,1.3862943611198906
2911,32,Female,Mississippi,No,0,42,2292.6,54.59,2022-03-30,2024-12-25,6,1,Clientes de alto valor activos,1.9459101490553132
2912,28,Female,Ohio,No,0,35,1821.5,52.04,2022-03-26,2024-12-12,19,3,Clientes valiosos en riesgo,2.995732273553991
2913,48,Female,Oregon,No,0,28,1444.2,51.58,2022-01-15,2024-12-22,9,2,Clientes recientes en desarrollo,2.302585092994046
2914,43,Female,Wyoming,No,0,13,594.5,45.73,2023-06-18,2024-12-01,30,0,Clientes de baja actividad,3.4339872044851463
2915,45,Female,Pennsylvania,No,0,2,61.2,30.6,2022-03-20,2024-05-15,230,0,Clientes de baja actividad,5.442417710521793
2916,26,Female,Oregon,No,0,40,2165.3,54.13,2022-01-07,2024-12-26,5,1,Clientes de alto valor activos,1.791759469228055
2917,62,Female,Oklahoma,No,0,14,792.2,56.59,2022-05-09,2024-12-22,9,2,Clientes recientes en desarrollo,2.302585092994046
2918,58,Female,Colorado,No,0,51,2436.4,47.77,2022-01-01,2024-12-29,2,1,Clientes de alto valor activos,1.0986122886681098
2919,19,Female,New York,No,0,37,2313.6,62.53,2022-01-19,2024-12-24,7,1,Clientes de alto valor activos,2.0794415416798357
2920,64,Female,Minnesota,No,0,32,1701.8,53.18,2022-01-05,2024-11-30,31,3,Clientes valiosos en riesgo,3.4657359027997265
2921,33,Female,Texas,No,0,4,236.1,59.03,2023-03-18,2024-08-15,138,0,Clientes de baja actividad,4.9344739331306915
2922,20,Female,Wisconsin,No,0,12,669.8,55.82,2022-12-23,2024-11-17,44,0,Clientes de baja actividad,3.8066624897703196
2923,45,Female,Kentucky,No,0,17,919.0,54.06,2022-04-07,2024-12-20,11,2,Clientes recientes en desarrollo,2.4849066497880004
2924,28,Female,Pennsylvania,No,0,13,691.8,53.22,2022-04-23,2024-12-05,26,0,Clientes de baja actividad,3.295836866004329
2925,47,Female,Rhode Island,No,0,38,2020.5,53.17,2022-03-05,2024-11-23,38,3,Clientes valiosos en riesgo,3.6635616461296463
2926,54,Female,Illinois,No,0,44,2108.1,47.91,2022-01-01,2024-11-29,32,3,Clientes valiosos en riesgo,3.4965075614664802
2927,64,Female,Maryland,No,0,10,453.2,45.32,2023-02-18,2024-11-24,37,0,Clientes de baja actividad,3.6375861597263857
2928,45,Female,Missouri,No,0,16,938.2,58.64,2022-01-15,2024-12-22,9,2,Clientes recientes en desarrollo,2.302585092994046
2929,40,Female,Alabama,No,0,18,868.3,48.24,2022-01-09,2024-12-22,9,2,Clientes recientes en desarrollo,2.302585092994046
2930,31,Female,Maine,No,0,43,2053.9,47.77,2022-03-22,2024-12-30,1,1,Clientes de alto valor activos,0.6931471805599453
2931,38,Female,Mississippi,No,0,15,720.1,48.01,2022-01-08,2024-10-23,69,0,Clientes de baja actividad,4.248495242049359
2932,36,Female,Alabama,No,0,50,2574.8,51.5,2022-02-20,2024-11-26,35,3,Clientes valiosos en riesgo,3.58351893845611
2933,65,Female,Alaska,No,0,4,194.8,48.7,2022-03-25,2024-01-14,352,0,Clientes de baja actividad,5.8664680569332965
2934,27,Female,Illinois,No,0,29,1466.5,50.57,2022-03-12,2024-12-24,7,2,Clientes recientes en desarrollo,2.0794415416798357
2935,38,Female,Idaho,No,0,42,2523.7,60.09,2022-02-07,2024-12-29,2,1,Clientes de alto valor activos,1.0986122886681098
2936,58,Female,North Carolina,No,0,12,721.5,60.12,2022-06-20,2024-12-22,9,2,Clientes recientes en desarrollo,2.302585092994046
2937,31,Female,Washington,No,0,47,2425.9,51.61,2022-02-08,2024-12-29,2,1,Clientes de alto valor activos,1.0986122886681098
2938,28,Female,West Virginia,No,0,16,908.3,56.77,2022-02-02,2024-12-31,0,2,Clientes recientes en desarrollo,0.0
2939,28,Female,Maine,No,0,16,888.1,55.51,2022-01-22,2024-12-20,11,2,Clientes recientes en desarrollo,2.4849066497880004
2940,32,Female,Kentucky,No,0,35,1953.2,55.81,2022-02-13,2024-12-22,9,1,Clientes de alto valor activos,2.302585092994046
2941,61,Female,Massachusetts,No,0,14,679.7,48.55,2022-01-26,2024-12-23,8,2,Clientes recientes en desarrollo,2.1972245773362196
2942,38,Female,Pennsylvania,No,1,28,1552.4,55.44,2022-02-27,2024-09-18,104,3,Clientes valiosos en riesgo,4.653960350157523
2943,54,Female,Hawaii,No,0,38,2072.2,54.53,2022-04-04,2024-12-20,11,1,Clientes de alto valor activos,2.4849066497880004
2944,29,Female,Virginia,No,0,38,2059.3,54.19,2022-01-01,2024-11-27,34,3,Clientes valiosos en riesgo,3.5553480614894135
2945,50,Female,New York,No,1,5,230.0,46.0,2022-01-08,2023-10-12,446,0,Clientes de baja actividad,6.102558594613569
2946,32,Female,Delaware,No,0,2,195.5,97.75,2022-06-19,2024-12-25,6,2,Clientes recientes en desarrollo,1.9459101490553132
2947,38,Female,Hawaii,No,0,30,1406.6,46.89,2022-03-12,2024-11-24,37,3,Clientes valiosos en riesgo,3.6375861597263857
2948,52,Female,Nebraska,No,0,51,2948.5,57.81,2022-01-07,2024-12-20,11,1,Clientes de alto valor activos,2.4849066497880004
2949,61,Female,Vermont,No,0,39,1921.3,49.26,2022-01-06,2024-12-22,9,1,Clientes de alto valor activos,2.302585092994046
2950,25,Female,Iowa,No,0,16,915.3,57.21,2022-03-12,2024-12-29,2,2,Clientes recientes en desarrollo,1.0986122886681098
2951,22,Female,Iowa,No,0,45,2473.3,54.96,2022-01-12,2024-12-10,21,3,Clientes valiosos en riesgo,3.091042453358316
2952,47,Female,Arkansas,No,0,15,752.2,50.15,2022-03-19,2024-12-24,7,2,Clientes recientes en desarrollo,2.0794415416798357
2953,50,Female,Alabama,No,0,6,196.9,32.82,2022-04-15,2024-10-31,61,0,Clientes de baja actividad,4.127134385045092
2954,45,Female,Maryland,No,0,12,606.4,50.53,2022-03-01,2024-07-08,176,0,Clientes de baja actividad,5.176149732573829
2955,33,Female,South Dakota,No,0,16,851.8,53.24,2022-05-09,2024-11-28,33,0,Clientes de baja actividad,3.5263605246161616
2956,42,Female,Vermont,No,0,47,2505.7,53.31,2022-04-30,2024-11-24,37,3,Clientes valiosos en riesgo,3.6375861597263857
2957,52,Female,Montana,No,0,31,1667.1,53.78,2022-01-29,2024-12-05,26,3,Clientes valiosos en riesgo,3.295836866004329
2958,69,Female,South Dakota,No,0,3,146.3,48.77,2023-11-26,2024-07-04,180,0,Clientes de baja actividad,5.198497031265826
2959,55,Female,Ohio,No,0,29,1488.8,51.34,2022-05-12,2024-11-28,33,3,Clientes valiosos en riesgo,3.5263605246161616
2960,38,Female,Texas,No,0,10,623.2,62.32,2023-05-20,2024-12-26,5,2,Clientes recientes en desarrollo,1.791759469228055
2961,57,Female,Indiana,No,0,48,2954.9,61.56,2022-01-01,2024-12-30,1,1,Clientes de alto valor activos,0.6931471805599453
2962,33,Female,New Hampshire,No,0,22,1179.5,53.61,2022-04-01,2024-12-26,5,2,Clientes recientes en desarrollo,1.791759469228055
2963,57,Female,California,No,0,43,2222.3,51.68,2022-03-31,2024-12-10,21,3,Clientes valiosos en riesgo,3.091042453358316
2964,52,Female,Maine,No,0,29,1532.8,52.86,2022-04-09,2024-12-23,8,2,Clientes recientes en desarrollo,2.1972245773362196
2965,44,Female,Ohio,No,0,14,653.2,46.66,2022-01-29,2024-12-30,1,2,Clientes recientes en desarrollo,0.6931471805599453
2966,48,Female,Delaware,No,0,26,1328.4,51.09,2022-02-09,2024-10-08,84,3,Clientes valiosos en riesgo,4.442651256490317
2967,52,Female,Oklahoma,No,0,39,1838.1,47.13,2022-03-05,2024-11-12,49,3,Clientes valiosos en riesgo,3.912023005428146
2968,34,Female,Indiana,No,0,41,1884.7,45.97,2022-01-21,2024-12-31,0,1,Clientes de alto valor activos,0.0
2969,26,Female,South Carolina,No,0,26,1268.0,48.77,2022-03-07,2024-12-07,24,3,Clientes valiosos en riesgo,3.2188758248682006
2970,36,Female,Vermont,No,0,21,1047.0,49.86,2022-03-11,2024-11-22,39,0,Clientes de baja actividad,3.6888794541139363
2971,24,Female,Kansas,No,0,45,2254.9,50.11,2022-01-01,2024-12-27,4,1,Clientes de alto valor activos,1.6094379124341003
2972,30,Female,Utah,No,0,10,502.8,50.28,2022-04-12,2024-10-11,81,0,Clientes de baja actividad,4.406719247264253
2973,31,Female,New York,No,0,12,612.8,51.07,2022-09-10,2024-12-29,2,2,Clientes recientes en desarrollo,1.0986122886681098
2974,25,Female,Indiana,No,0,4,149.7,37.42,2023-05-01,2024-06-25,189,0,Clientes de baja actividad,5.247024072160486
2975,57,Female,Tennessee,No,0,35,1855.4,53.01,2022-01-01,2024-12-30,1,1,Clientes de alto valor activos,0.6931471805599453
2976,61,Female,Georgia,No,0,49,2460.0,50.2,2022-02-03,2024-12-20,11,1,Clientes de alto valor activos,2.4849066497880004
2977,30,Female,Nebraska,No,0,29,1735.1,59.83,2022-02-04,2024-10-17,75,3,Clientes valiosos en riesgo,4.330733340286331
2978,38,Female,Washington,No,0,21,1232.9,58.71,2022-03-26,2024-12-14,17,2,Clientes recientes en desarrollo,2.8903717578961645
2979,53,Female,Idaho,No,0,50,2538.3,50.77,2022-02-02,2024-12-25,6,1,Clientes de alto valor activos,1.9459101490553132
2980,31,Female,Louisiana,No,0,15,806.4,53.76,2022-07-15,2024-12-29,2,2,Clientes recientes en desarrollo,1.0986122886681098
2981,70,Female,New Jersey,No,0,10,450.2,45.02,2022-04-25,2024-11-30,31,0,Clientes de baja actividad,3.4657359027997265
2982,21,Female,Delaware,No,0,38,1854.6,48.81,2022-01-26,2024-12-15,16,3,Clientes valiosos en riesgo,2.833213344056216
2983,33,Female,Wisconsin,No,0,5,267.0,53.4,2022-03-06,2024-08-25,128,0,Clientes de baja actividad,4.859812404361672
2984,60,Female,West Virginia,No,0,2,92.6,46.3,2022-05-28,2024-01-12,354,0,Clientes de baja actividad,5.872117789475416
2985,45,Female,Texas,No,0,37,2035.2,55.01,2022-01-28,2024-12-29,2,1,Clientes de alto valor activos,1.0986122886681098
2986,46,Female,Hawaii,No,0,22,1140.4,51.84,2022-04-29,2024-11-30,31,3,Clientes valiosos en riesgo,3.4657359027997265
2987,62,Female,Arizona,No,0,17,1060.8,62.4,2022-02-11,2024-12-20,11,2,Clientes recientes en desarrollo,2.4849066497880004
2988,63,Female,Louisiana,No,0,43,2208.4,51.36,2022-01-01,2024-12-29,2,1,Clientes de alto valor activos,1.0986122886681098
2989,69,Female,Nevada,No,1,32,1617.2,50.54,2022-05-09,2024-08-26,127,3,Clientes valiosos en riesgo,4.852030263919617
2990,46,Female,Rhode Island,No,0,7,320.5,45.79,2022-12-26,2024-07-04,180,0,Clientes de baja actividad,5.198497031265826
2991,69,Female,Illinois,No,0,25,1132.4,45.3,2022-04-19,2024-11-27,34,3,Clientes valiosos en riesgo,3.5553480614894135
2992,66,Female,Utah,No,1,8,411.2,51.4,2022-04-24,2024-05-08,237,0,Clientes de baja actividad,5.472270673671475
2993,41,Female,North Dakota,No,0,26,1312.7,50.49,2022-04-02,2024-11-28,33,3,Clientes valiosos en riesgo,3.5263605246161616
2994,32,Female,Kansas,No,0,19,979.0,51.53,2022-06-12,2024-12-28,3,2,Clientes recientes en desarrollo,1.3862943611198906
2995,69,Female,Nevada,No,0,15,712.2,47.48,2022-01-01,2024-12-11,20,2,Clientes recientes en desarrollo,3.044522437723423
2996,29,Female,Virginia,No,0,43,2141.7,49.81,2022-02-11,2024-11-30,31,3,Clientes valiosos en riesgo,3.4657359027997265
2997,70,Female,Utah,No,0,7,301.7,43.1,2022-08-23,2024-12-25,6,2,Clientes recientes en desarrollo,1.9459101490553132
2998,41,Female,Idaho,No,1,15,730.4,48.69,2022-03-15,2024-07-05,179,0,Clientes de baja actividad,5.19295685089021
2999,31,Female,Alaska,No,0,31,1760.8,56.8,2022-02-17,2024-12-30,1,1,Clientes de alto valor activos,0.6931471805599453
3000,31,Female,New Hampshire,No,0,11,499.6,45.42,2022-01-01,2024-07-04,180,0,Clientes de baja actividad,5.198497031265826
3001,57,Female,Ohio,No,0,8,384.0,48.0,2022-05-11,2024-12-19,12,2,Clientes recientes en desarrollo,2.5649493574615367
3002,29,Female,Montana,No,0,29,1381.8,47.65,2022-02-11,2024-12-22,9,2,Clientes recientes en desarrollo,2.302585092994046
3003,70,Female,Louisiana,No,0,20,913.5,45.68,2022-05-18,2024-12-20,11,2,Clientes recientes en desarrollo,2.4849066497880004
3004,51,Female,Oregon,No,0,14,703.1,50.22,2022-05-14,2024-08-15,138,0,Clientes de baja actividad,4.9344739331306915
3005,45,Female,Arizona,No,0,24,1134.6,47.28,2022-05-08,2024-12-10,21,3,Clientes valiosos en riesgo,3.091042453358316
3006,18,Female,Alaska,No,0,6,271.8,45.3,2022-10-19,2024-11-23,38,0,Clientes de baja actividad,3.6635616461296463
3007,37,Female,Utah,No,0,18,937.3,52.07,2022-07-09,2024-12-05,26,0,Clientes de baja actividad,3.295836866004329
3008,23,Female,New York,No,1,32,1357.1,42.41,2022-05-27,2024-08-22,131,3,Clientes valiosos en riesgo,4.882801922586371
3009,39,Female,New Mexico,No,0,20,1003.9,50.2,2022-01-22,2024-12-27,4,2,Clientes recientes en desarrollo,1.6094379124341003
3010,62,Female,Louisiana,No,0,9,418.8,46.53,2022-03-13,2024-11-30,31,0,Clientes de baja actividad,3.4657359027997265
3011,70,Female,Ohio,No,0,16,911.0,56.94,2022-06-19,2024-11-22,39,0,Clientes de baja actividad,3.6888794541139363
3012,20,Female,Nevada,No,0,19,887.2,46.69,2022-01-19,2024-10-31,61,0,Clientes de baja actividad,4.127134385045092
3013,42,Female,Idaho,No,0,17,885.8,52.11,2022-05-12,2024-12-15,16,2,Clientes recientes en desarrollo,2.833213344056216
3014,41,Female,Arizona,No,0,14,710.7,50.76,2022-03-12,2024-10-06,86,0,Clientes de baja actividad,4.465908118654584
3015,24,Female,Utah,No,0,39,2039.6,52.3,2022-01-30,2024-12-28,3,1,Clientes de alto valor activos,1.3862943611198906
3016,37,Female,Wyoming,No,0,28,1372.7,49.02,2022-03-30,2024-11-30,31,3,Clientes valiosos en riesgo,3.4657359027997265
3017,30,Female,Indiana,No,0,32,1737.2,54.29,2022-02-05,2024-12-22,9,1,Clientes de alto valor activos,2.302585092994046
3018,58,Female,Wisconsin,No,0,25,1261.6,50.46,2022-04-01,2024-12-28,3,2,Clientes recientes en desarrollo,1.3862943611198906
3019,43,Female,Texas,No,0,22,1211.6,55.07,2022-01-09,2024-12-25,6,2,Clientes recientes en desarrollo,1.9459101490553132
3020,19,Female,Utah,No,0,16,812.2,50.76,2022-04-16,2024-12-21,10,2,Clientes recientes en desarrollo,2.3978952727983707
3021,23,Female,Arkansas,No,0,49,2464.6,50.3,2022-01-01,2024-12-31,0,1,Clientes de alto valor activos,0.0
3022,65,Female,Pennsylvania,No,0,48,2471.1,51.48,2022-01-15,2024-12-10,21,3,Clientes valiosos en riesgo,3.091042453358316
3023,58,Female,Georgia,No,0,24,1066.0,44.42,2022-07-20,2024-11-29,32,3,Clientes valiosos en riesgo,3.4965075614664802
3024,50,Female,Indiana,No,0,5,210.1,42.02,2022-03-08,2024-05-20,225,0,Clientes de baja actividad,5.420534999272286
3025,67,Female,Idaho,No,0,48,2350.8,48.98,2022-04-03,2024-12-15,16,1,Clientes de alto valor activos,2.833213344056216
3026,40,Female,Montana,No,0,8,299.7,37.46,2022-06-20,2024-08-30,123,0,Clientes de baja actividad,4.820281565605037
3027,55,Female,Tennessee,No,1,7,371.8,53.11,2022-02-09,2024-02-17,318,0,Clientes de baja actividad,5.765191102784844
3028,52,Female,West Virginia,No,0,48,2708.8,56.43,2022-01-02,2024-11-21,40,3,Clientes valiosos en riesgo,3.713572066704308
3029,62,Female,California,No,0,8,452.2,56.52,2022-06-30,2024-10-07,85,0,Clientes de baja actividad,4.454347296253507
3030,64,Female,Georgia,No,0,2,104.2,52.1,2024-01-10,2024-12-15,16,0,Clientes de baja actividad,2.833213344056216
3031,43,Female,Maryland,No,0,24,1193.7,49.74,2022-03-02,2024-12-17,14,2,Clientes recientes en desarrollo,2.70805020110221
3032,61,Female,Idaho,No,0,31,1720.9,55.51,2022-05-07,2024-12-27,4,1,Clientes de alto valor activos,1.6094379124341003
3033,26,Female,California,No,0,25,1158.7,46.35,2022-01-30,2024-12-22,9,2,Clientes recientes en desarrollo,2.302585092994046
3034,22,Female,Alabama,No,0,10,490.6,49.06,2022-02-06,2024-12-28,3,2,Clientes recientes en desarrollo,1.3862943611198906
3035,51,Female,Utah,No,0,26,1210.9,46.57,2022-01-01,2024-10-13,79,3,Clientes valiosos en riesgo,4.382026634673881
3036,69,Female,Kentucky,No,0,19,1025.1,53.95,2022-02-05,2024-12-27,4,2,Clientes recientes en desarrollo,1.6094379124341003
3037,50,Female,Vermont,No,0,8,419.6,52.45,2022-05-12,2024-11-27,34,0,Clientes de baja actividad,3.5553480614894135
3038,51,Female,Iowa,No,0,3,190.8,63.6,2024-01-09,2024-09-03,119,0,Clientes de baja actividad,4.787491742782046
3039,56,Female,Georgia,No,0,37,1626.9,43.97,2022-04-04,2024-12-27,4,1,Clientes de alto valor activos,1.6094379124341003
3040,59,Female,Alabama,No,0,32,1538.7,48.08,2022-03-07,2024-12-05,26,3,Clientes valiosos en riesgo,3.295836866004329
3041,18,Female,Nebraska,No,0,11,565.0,51.36,2022-05-08,2024-08-23,130,0,Clientes de baja actividad,4.875197323201151
3042,48,Female,Rhode Island,No,0,28,1683.0,60.11,2022-02-14,2024-12-24,7,2,Clientes recientes en desarrollo,2.0794415416798357
3043,53,Female,South Dakota,No,0,15,778.8,51.92,2022-08-20,2024-12-28,3,2,Clientes recientes en desarrollo,1.3862943611198906
3044,45,Female,Illinois,No,0,18,890.4,49.47,2022-01-23,2024-11-24,37,0,Clientes de baja actividad,3.6375861597263857
3045,21,Female,North Carolina,No,0,11,602.4,54.76,2022-01-07,2024-10-05,87,0,Clientes de baja actividad,4.477336814478207
3046,42,Female,Florida,No,0,5,215.7,43.14,2022-07-03,2024-10-31,61,0,Clientes de baja actividad,4.127134385045092
3047,60,Female,Pennsylvania,No,0,26,1452.9,55.88,2022-05-10,2024-12-01,30,3,Clientes valiosos en riesgo,3.4339872044851463
3048,21,Female,Vermont,No,0,4,156.9,39.22,2022-12-05,2024-05-04,241,0,Clientes de baja actividad,5.488937726156687
3049,69,Female,Colorado,No,1,48,2370.0,49.38,2022-02-10,2024-10-31,61,3,Clientes valiosos en riesgo,4.127134385045092
3050,40,Female,Utah,No,0,42,2528.4,60.2,2022-01-01,2024-12-30,1,1,Clientes de alto valor activos,0.6931471805599453
3051,31,Female,Kentucky,No,0,29,1555.0,53.62,2022-03-03,2024-11-29,32,3,Clientes valiosos en riesgo,3.4965075614664802
3052,44,Female,Wyoming,No,0,50,2601.3,52.03,2022-01-06,2024-11-28,33,3,Clientes valiosos en riesgo,3.5263605246161616
3053,48,Female,Maine,No,0,8,388.1,48.51,2022-01-19,2024-12-04,27,0,Clientes de baja actividad,3.332204510175204
3054,32,Female,Maine,No,0,23,1301.8,56.6,2022-01-29,2024-11-26,35,3,Clientes valiosos en riesgo,3.58351893845611
3055,42,Female,New Hampshire,No,0,35,2199.3,62.84,2022-02-12,2024-12-31,0,1,Clientes de alto valor activos,0.0
3056,27,Female,Kansas,No,1,6,379.1,63.18,2023-05-10,2024-06-22,192,0,Clientes de baja actividad,5.262690188904886
3057,69,Female,New Jersey,No,0,16,1022.1,63.88,2022-01-20,2024-12-11,20,2,Clientes recientes en desarrollo,3.044522437723423
3058,67,Female,North Carolina,No,1,27,1208.3,44.75,2022-03-17,2024-09-12,110,3,Clientes valiosos en riesgo,4.709530201312334
3059,41,Female,West Virginia,No,0,4,225.3,56.32,2022-01-01,2023-12-15,382,0,Clientes de baja actividad,5.948034989180646
3060,46,Female,Kentucky,No,0,43,2333.8,54.27,2022-01-30,2024-12-22,9,1,Clientes de alto valor activos,2.302585092994046
3061,47,Female,California,No,0,2,76.2,38.1,2022-02-02,2024-11-28,33,0,Clientes de baja actividad,3.5263605246161616
3062,33,Female,South Dakota,No,0,21,981.0,46.71,2022-01-01,2024-11-22,39,0,Clientes de baja actividad,3.6888794541139363
3063,51,Female,California,No,0,40,1821.4,45.54,2022-02-03,2024-12-28,3,1,Clientes de alto valor activos,1.3862943611198906
3064,26,Female,Connecticut,No,0,25,1523.6,60.94,2022-06-02,2024-12-18,13,2,Clientes recientes en desarrollo,2.6390573296152584
3065,22,Female,Idaho,No,0,50,2576.1,51.52,2022-01-01,2024-12-30,1,1,Clientes de alto valor activos,0.6931471805599453
3066,49,Female,North Dakota,No,0,8,365.6,45.7,2022-03-04,2024-10-20,72,0,Clientes de baja actividad,4.290459441148391
3067,58,Female,Michigan,No,0,14,781.4,55.81,2022-01-05,2024-12-20,11,2,Clientes recientes en desarrollo,2.4849066497880004
3068,70,Female,Missouri,No,0,3,164.7,54.9,2022-06-24,2024-06-20,194,0,Clientes de baja actividad,5.272999558563747
3069,32,Female,California,No,0,5,233.8,46.76,2022-04-15,2024-06-04,210,0,Clientes de baja actividad,5.351858133476067
3070,62,Female,Delaware,No,0,18,988.6,54.92,2022-03-13,2024-12-30,1,2,Clientes recientes en desarrollo,0.6931471805599453
3071,52,Female,Alabama,No,0,44,2233.5,50.76,2022-04-15,2024-12-30,1,1,Clientes de alto valor activos,0.6931471805599453
3072,23,Female,New Hampshire,No,0,7,342.9,48.99,2022-03-17,2024-12-26,5,2,Clientes recientes en desarrollo,1.791759469228055
3073,26,Female,New York,No,0,47,2563.3,54.54,2022-03-10,2024-12-20,11,1,Clientes de alto valor activos,2.4849066497880004
3074,58,Female,Oregon,No,0,8,478.0,59.75,2022-03-09,2024-10-12,80,0,Clientes de baja actividad,4.394449154672439
3075,26,Female,Massachusetts,No,0,35,1646.4,47.04,2022-01-05,2024-12-28,3,1,Clientes de alto valor activos,1.3862943611198906
3076,54,Female,Utah,No,0,22,991.6,45.07,2022-03-12,2024-10-31,61,0,Clientes de baja actividad,4.127134385045092
3077,66,Female,New Hampshire,No,1,14,746.0,53.29,2022-06-28,2024-07-07,177,0,Clientes de baja actividad,5.181783550292085
3078,60,Female,Illinois,No,0,34,2052.0,60.35,2022-01-15,2024-12-27,4,1,Clientes de alto valor activos,1.6094379124341003
3079,32,Female,Alaska,No,0,25,1472.1,58.88,2022-01-05,2024-12-06,25,3,Clientes valiosos en riesgo,3.258096538021482
3080,48,Female,Wyoming,No,0,5,251.3,50.26,2022-04-23,2024-10-31,61,0,Clientes de baja actividad,4.127134385045092
3081,69,Female,Colorado,No,0,6,325.8,54.3,2022-07-01,2024-08-29,124,0,Clientes de baja actividad,4.8283137373023015
3082,64,Female,Vermont,No,0,12,629.0,52.42,2022-01-13,2024-09-07,115,0,Clientes de baja actividad,4.7535901911063645
3083,56,Female,Utah,No,0,21,1259.2,59.96,2022-03-26,2024-12-31,0,2,Clientes recientes en desarrollo,0.0
3084,22,Female,Illinois,No,0,29,1468.4,50.63,2022-07-17,2024-12-25,6,2,Clientes recientes en desarrollo,1.9459101490553132
3085,46,Female,Idaho,No,0,44,2184.9,49.66,2022-01-01,2024-12-20,11,1,Clientes de alto valor activos,2.4849066497880004
3086,24,Female,Nevada,No,0,11,636.8,57.89,2022-01-01,2024-12-23,8,2,Clientes recientes en desarrollo,2.1972245773362196
3087,47,Female,Utah,No,0,27,1372.6,50.84,2022-03-15,2024-12-24,7,2,Clientes recientes en desarrollo,2.0794415416798357
3088,62,Female,North Carolina,No,0,30,1576.4,52.55,2022-01-06,2024-12-26,5,2,Clientes recientes en desarrollo,1.791759469228055
3089,34,Female,Arkansas,No,0,36,1861.8,51.72,2022-03-10,2024-12-24,7,1,Clientes de alto valor activos,2.0794415416798357
3090,50,Female,North Carolina,No,0,24,1160.2,48.34,2022-05-12,2024-12-07,24,3,Clientes valiosos en riesgo,3.2188758248682006
3091,29,Female,Texas,No,0,16,715.2,44.7,2022-06-04,2024-12-15,16,2,Clientes recientes en desarrollo,2.833213344056216
3092,68,Female,Nevada,No,0,47,2348.5,49.97,2022-01-08,2024-12-28,3,1,Clientes de alto valor activos,1.3862943611198906
3093,52,Female,Utah,No,0,15,841.7,56.11,2022-02-13,2024-09-02,120,0,Clientes de baja actividad,4.795790545596741
3094,29,Female,Pennsylvania,No,0,18,999.9,55.55,2022-02-11,2024-12-30,1,2,Clientes recientes en desarrollo,0.6931471805599453
3095,22,Female,Georgia,No,0,10,533.0,53.3,2023-06-10,2024-11-23,38,0,Clientes de baja actividad,3.6635616461296463
3096,62,Female,Minnesota,No,0,14,655.8,46.84,2022-06-03,2024-08-22,131,0,Clientes de baja actividad,4.882801922586371
3097,69,Female,Kansas,No,0,21,1123.3,53.49,2022-06-04,2024-11-18,43,0,Clientes de baja actividad,3.784189633918261
3098,48,Female,Delaware,No,0,40,2359.6,58.99,2022-01-01,2024-12-27,4,1,Clientes de alto valor activos,1.6094379124341003
3099,66,Female,New Mexico,No,0,51,2795.9,54.82,2022-01-16,2024-12-26,5,1,Clientes de alto valor activos,1.791759469228055
3100,42,Female,Michigan,No,0,22,1297.0,58.95,2022-03-31,2024-12-23,8,2,Clientes recientes en desarrollo,2.1972245773362196
3101,50,Female,Vermont,No,0,4,275.2,68.8,2022-03-18,2024-12-28,3,2,Clientes recientes en desarrollo,1.3862943611198906
3102,32,Female,Idaho,No,0,10,566.1,56.61,2022-10-22,2024-11-22,39,0,Clientes de baja actividad,3.6888794541139363
3103,51,Female,South Dakota,No,0,30,1873.2,62.44,2022-02-12,2024-12-27,4,2,Clientes recientes en desarrollo,1.6094379124341003
3104,27,Female,Illinois,No,0,43,2135.6,49.67,2022-03-01,2024-11-25,36,3,Clientes valiosos en riesgo,3.6109179126442243
3105,43,Female,Georgia,No,1,42,2049.2,48.79,2022-01-07,2024-10-31,61,3,Clientes valiosos en riesgo,4.127134385045092
3106,48,Female,Oregon,No,0,18,1106.8,61.49,2022-02-05,2024-12-10,21,2,Clientes recientes en desarrollo,3.091042453358316
3107,62,Female,Alabama,No,0,21,1182.1,56.29,2022-02-09,2024-11-20,41,0,Clientes de baja actividad,3.7376696182833684
3108,65,Female,Hawaii,No,0,19,997.8,52.52,2022-01-19,2024-12-31,0,2,Clientes recientes en desarrollo,0.0
3109,50,Female,Oregon,No,0,8,328.3,41.04,2022-03-04,2024-11-28,33,0,Clientes de baja actividad,3.5263605246161616
3110,60,Female,Illinois,No,1,48,2039.6,42.49,2022-03-03,2024-11-10,51,3,Clientes valiosos en riesgo,3.9512437185814275
3111,19,Female,Texas,No,0,3,185.4,61.8,2024-06-19,2024-11-25,36,0,Clientes de baja actividad,3.6109179126442243
3112,21,Female,Kansas,No,0,26,1288.9,49.57,2022-02-02,2024-11-29,32,3,Clientes valiosos en riesgo,3.4965075614664802
3113,19,Female,Texas,No,0,27,1246.1,46.15,2022-01-01,2024-12-18,13,2,Clientes recientes en desarrollo,2.6390573296152584
3114,46,Female,Nebraska,No,1,3,116.5,38.83,2023-06-11,2024-03-18,288,0,Clientes de baja actividad,5.666426688112432
3115,21,Female,Arkansas,No,0,46,2286.2,49.7,2022-01-01,2024-12-15,16,1,Clientes de alto valor activos,2.833213344056216
3116,26,Female,South Dakota,No,0,10,568.4,56.84,2022-05-11,2024-12-22,9,2,Clientes recientes en desarrollo,2.302585092994046
3117,50,Female,Montana,No,1,2,133.8,66.9,2023-08-21,2023-10-21,437,0,Clientes de baja actividad,6.082218910376446
3118,43,Female,Florida,No,0,5,248.7,49.74,2022-03-26,2024-06-03,211,0,Clientes de baja actividad,5.356586274672012
3119,61,Female,Virginia,No,0,32,1590.0,49.69,2022-02-13,2024-12-29,2,1,Clientes de alto valor activos,1.0986122886681098
3120,63,Female,Louisiana,No,0,22,1172.1,53.28,2022-02-03,2024-12-26,5,2,Clientes recientes en desarrollo,1.791759469228055
3121,46,Female,Louisiana,No,0,33,1885.8,57.15,2022-02-07,2024-11-29,32,3,Clientes valiosos en riesgo,3.4965075614664802
3122,63,Female,Louisiana,No,0,17,838.5,49.32,2022-01-28,2024-12-21,10,2,Clientes recientes en desarrollo,2.3978952727983707
3123,23,Female,Georgia,No,0,35,2360.7,67.45,2022-01-01,2024-12-15,16,3,Clientes valiosos en riesgo,2.833213344056216
3124,57,Female,Iowa,No,0,41,2253.3,54.96,2022-01-08,2024-12-20,11,1,Clientes de alto valor activos,2.4849066497880004
3125,57,Female,California,No,0,5,257.4,51.48,2022-03-13,2024-09-02,120,0,Clientes de baja actividad,4.795790545596741
3126,33,Female,Oregon,No,0,4,173.1,43.28,2022-09-06,2024-11-29,32,0,Clientes de baja actividad,3.4965075614664802
3127,57,Female,Maine,No,0,29,1476.3,50.91,2022-01-01,2024-12-05,26,3,Clientes valiosos en riesgo,3.295836866004329
3128,55,Female,Louisiana,No,0,44,2082.5,47.33,2022-03-16,2024-12-25,6,1,Clientes de alto valor activos,1.9459101490553132
3129,65,Female,Arkansas,No,0,21,1063.3,50.63,2022-02-26,2024-12-01,30,3,Clientes valiosos en riesgo,3.4339872044851463
3130,60,Female,Maryland,No,0,41,2150.4,52.45,2022-03-12,2024-11-29,32,3,Clientes valiosos en riesgo,3.4965075614664802
3131,52,Female,Vermont,No,0,35,1887.0,53.91,2022-03-03,2024-12-30,1,1,Clientes de alto valor activos,0.6931471805599453
3132,34,Female,North Dakota,No,0,12,586.8,48.9,2022-07-02,2024-12-26,5,2,Clientes recientes en desarrollo,1.791759469228055
3133,33,Female,Michigan,No,0,27,1508.1,55.86,2022-01-01,2024-12-29,2,2,Clientes recientes en desarrollo,1.0986122886681098
3134,58,Female,Arkansas,No,0,30,1703.5,56.78,2022-01-18,2024-12-23,8,2,Clientes recientes en desarrollo,2.1972245773362196
3135,35,Female,Kentucky,No,0,48,2628.6,54.76,2022-01-01,2024-12-22,9,1,Clientes de alto valor activos,2.302585092994046
3136,68,Female,Indiana,No,0,49,2755.1,56.23,2022-01-27,2024-12-31,0,1,Clientes de alto valor activos,0.0
3137,58,Female,Minnesota,No,0,30,1496.5,49.88,2022-03-03,2024-11-23,38,3,Clientes valiosos en riesgo,3.6635616461296463
3138,34,Female,Louisiana,No,0,15,962.0,64.13,2022-03-17,2024-11-29,32,0,Clientes de baja actividad,3.4965075614664802
3139,47,Female,Kentucky,No,0,41,2290.1,55.86,2022-01-01,2024-11-22,39,3,Clientes valiosos en riesgo,3.6888794541139363
3140,35,Female,Georgia,No,1,5,231.7,46.34,2024-04-11,2024-08-25,128,0,Clientes de baja actividad,4.859812404361672
3141,34,Female,Alaska,No,0,38,1823.7,47.99,2022-02-02,2024-11-26,35,3,Clientes valiosos en riesgo,3.58351893845611
3142,36,Female,Mississippi,No,0,48,2519.9,52.5,2022-02-01,2024-12-05,26,3,Clientes valiosos en riesgo,3.295836866004329
3143,23,Female,Kansas,No,0,2,78.6,39.3,2024-02-10,2024-07-12,172,0,Clientes de baja actividad,5.153291594497779
3144,68,Female,Arizona,No,0,27,1348.3,49.94,2022-01-01,2024-12-13,18,3,Clientes valiosos en riesgo,2.9444389791664403
3145,23,Female,Maine,No,0,13,637.1,49.01,2022-02-10,2024-08-22,131,0,Clientes de baja actividad,4.882801922586371
3146,57,Female,Texas,No,0,17,746.1,43.89,2022-03-02,2024-08-30,123,0,Clientes de baja actividad,4.820281565605037
3147,21,Female,Virginia,No,0,20,1003.7,50.18,2022-03-13,2024-12-10,21,2,Clientes recientes en desarrollo,3.091042453358316
3148,45,Female,North Dakota,No,0,22,1127.5,51.25,2022-03-17,2024-12-01,30,3,Clientes valiosos en riesgo,3.4339872044851463
3149,37,Female,West Virginia,No,0,16,791.0,49.44,2022-05-06,2024-12-05,26,0,Clientes de baja actividad,3.295836866004329
3150,18,Female,North Carolina,No,0,10,439.2,43.92,2022-03-20,2024-10-08,84,0,Clientes de baja actividad,4.442651256490317
3151,55,Female,Georgia,No,0,8,498.0,62.25,2022-08-28,2024-11-30,31,0,Clientes de baja actividad,3.4657359027997265
3152,52,Female,New Mexico,No,0,48,2430.9,50.64,2022-01-09,2024-11-28,33,3,Clientes valiosos en riesgo,3.5263605246161616
3153,49,Female,North Carolina,No,0,18,1001.0,55.61,2022-03-05,2024-12-22,9,2,Clientes recientes en desarrollo,2.302585092994046
3154,56,Female,Alabama,No,0,47,2391.4,50.88,2022-03-25,2024-12-22,9,1,Clientes de alto valor activos,2.302585092994046
3155,27,Female,Connecticut,No,0,33,1663.7,50.42,2022-02-05,2024-11-24,37,3,Clientes valiosos en riesgo,3.6375861597263857
3156,22,Female,Montana,No,0,35,1892.5,54.07,2022-02-18,2024-12-22,9,1,Clientes de alto valor activos,2.302585092994046
3157,18,Female,Montana,No,0,19,1080.0,56.84,2022-02-08,2024-12-08,23,2,Clientes recientes en desarrollo,3.1780538303479458
3158,21,Female,Maine,No,0,6,380.5,63.42,2023-06-19,2024-12-01,30,0,Clientes de baja actividad,3.4339872044851463
3159,30,Female,Mississippi,No,0,45,2503.0,55.62,2022-01-12,2024-12-28,3,1,Clientes de alto valor activos,1.3862943611198906
3160,62,Female,Louisiana,No,0,5,267.5,53.5,2022-12-16,2024-12-22,9,2,Clientes recientes en desarrollo,2.302585092994046
3161,28,Female,Nebraska,No,0,38,2284.2,60.11,2022-02-12,2024-12-22,9,1,Clientes de alto valor activos,2.302585092994046
3162,66,Female,Massachusetts,No,0,44,2199.9,50.0,2022-01-01,2024-12-20,11,1,Clientes de alto valor activos,2.4849066497880004
3163,66,Female,Wisconsin,No,0,29,1364.4,47.05,2022-01-30,2024-12-24,7,2,Clientes recientes en desarrollo,2.0794415416798357
3164,49,Female,Nebraska,No,0,37,1848.1,49.95,2022-01-01,2024-12-27,4,1,Clientes de alto valor activos,1.6094379124341003
3165,40,Female,Arizona,No,0,17,937.1,55.12,2022-02-06,2024-12-18,13,2,Clientes recientes en desarrollo,2.6390573296152584
3166,49,Female,Hawaii,No,0,39,1887.9,48.41,2022-01-08,2024-12-29,2,1,Clientes de alto valor activos,1.0986122886681098
3167,19,Female,Georgia,No,0,38,2276.8,59.92,2022-04-19,2024-12-27,4,1,Clientes de alto valor activos,1.6094379124341003
3168,24,Female,Oregon,No,0,10,629.7,62.97,2022-03-05,2024-12-26,5,2,Clientes recientes en desarrollo,1.791759469228055
3169,31,Female,Montana,No,0,15,874.1,58.27,2022-01-12,2024-12-22,9,2,Clientes recientes en desarrollo,2.302585092994046
3170,35,Female,Georgia,No,0,4,179.9,44.98,2022-05-01,2024-12-09,22,0,Clientes de baja actividad,3.1354942159291497
3171,65,Female,Rhode Island,No,0,11,475.3,43.21,2022-03-09,2024-12-13,18,2,Clientes recientes en desarrollo,2.9444389791664403
3172,68,Female,Tennessee,No,1,27,1305.8,48.36,2022-04-23,2024-09-27,95,3,Clientes valiosos en riesgo,4.564348191467836
3173,57,Female,Missouri,No,1,31,1833.2,59.14,2022-01-01,2024-09-08,114,3,Clientes valiosos en riesgo,4.74493212836325
3174,69,Female,Washington,No,0,33,1791.3,54.28,2022-03-02,2024-11-27,34,3,Clientes valiosos en riesgo,3.5553480614894135
3175,45,Female,Oklahoma,No,0,36,1886.2,52.39,2022-01-13,2024-12-27,4,1,Clientes de alto valor activos,1.6094379124341003
3176,35,Female,Connecticut,No,0,27,1200.5,44.46,2022-03-06,2024-11-29,32,3,Clientes valiosos en riesgo,3.4965075614664802
3177,36,Female,Arkansas,No,0,40,2052.4,51.31,2022-03-04,2024-12-28,3,1,Clientes de alto valor activos,1.3862943611198906
3178,55,Female,Missouri,No,0,32,1610.2,50.32,2022-01-16,2024-12-15,16,3,Clientes valiosos en riesgo,2.833213344056216
3179,66,Female,Washington,No,0,29,1687.7,58.2,2022-02-04,2024-12-30,1,2,Clientes recientes en desarrollo,0.6931471805599453
3180,57,Female,Idaho,No,0,13,686.3,52.79,2022-05-07,2024-09-15,107,0,Clientes de baja actividad,4.68213122712422
3181,18,Female,Montana,No,0,47,2629.6,55.95,2022-03-08,2024-12-31,0,1,Clientes de alto valor activos,0.0
3182,31,Female,Montana,No,0,28,1378.6,49.24,2022-01-15,2024-11-23,38,3,Clientes valiosos en riesgo,3.6635616461296463
3183,50,Female,Georgia,No,0,5,357.3,71.46,2022-11-29,2024-12-31,0,2,Clientes recientes en desarrollo,0.0
3184,50,Female,Mississippi,No,0,15,721.5,48.1,2022-02-09,2024-12-29,2,2,Clientes recientes en desarrollo,1.0986122886681098
3185,61,Female,Hawaii,No,0,31,1734.8,55.96,2022-03-20,2024-10-31,61,3,Clientes valiosos en riesgo,4.127134385045092
3186,52,Female,Ohio,No,0,7,335.0,47.86,2022-06-05,2024-12-07,24,0,Clientes de baja actividad,3.2188758248682006
3187,38,Female,Virginia,No,0,44,2492.4,56.65,2022-06-25,2024-12-28,3,1,Clientes de alto valor activos,1.3862943611198906
3188,67,Female,Texas,No,0,29,1418.7,48.92,2022-01-22,2024-12-21,10,2,Clientes recientes en desarrollo,2.3978952727983707
3189,42,Female,Vermont,No,0,40,2083.7,52.09,2022-03-19,2024-12-30,1,1,Clientes de alto valor activos,0.6931471805599453
3190,25,Female,Kansas,No,0,31,1427.9,46.06,2022-02-05,2024-12-31,0,1,Clientes de alto valor activos,0.0
3191,41,Female,California,No,0,6,316.8,52.8,2022-11-11,2024-12-26,5,2,Clientes recientes en desarrollo,1.791759469228055
3192,62,Female,Mississippi,No,0,43,2223.1,51.7,2022-01-23,2024-12-25,6,1,Clientes de alto valor activos,1.9459101490553132
3193,19,Female,Iowa,No,0,21,1140.7,54.32,2023-02-09,2024-12-28,3,2,Clientes recientes en desarrollo,1.3862943611198906
3194,63,Female,Virginia,No,0,36,1960.2,54.45,2022-01-01,2024-12-20,11,1,Clientes de alto valor activos,2.4849066497880004
3195,43,Female,Maryland,No,0,11,527.2,47.93,2022-03-26,2024-10-15,77,0,Clientes de baja actividad,4.356708826689592
3196,68,Female,Missouri,No,0,37,2004.8,54.18,2022-01-01,2024-12-15,16,3,Clientes valiosos en riesgo,2.833213344056216
3197,24,Female,Wisconsin,No,0,22,1054.5,47.93,2022-01-18,2024-11-20,41,3,Clientes valiosos en riesgo,3.7376696182833684
3198,27,Female,Maine,No,0,30,1639.3,54.64,2022-02-12,2024-10-31,61,3,Clientes valiosos en riesgo,4.127134385045092
3199,61,Female,Pennsylvania,No,0,40,2175.9,54.4,2022-01-01,2024-12-24,7,1,Clientes de alto valor activos,2.0794415416798357
3200,59,Female,Maine,No,0,17,775.8,45.64,2022-07-23,2024-11-26,35,0,Clientes de baja actividad,3.58351893845611
3201,67,Female,Missouri,No,1,33,1972.8,59.78,2022-01-01,2024-08-22,131,3,Clientes valiosos en riesgo,4.882801922586371
3202,46,Female,Vermont,No,0,35,1510.6,43.16,2022-04-13,2024-12-29,2,1,Clientes de alto valor activos,1.0986122886681098
3203,65,Female,Wisconsin,No,0,39,2095.1,53.72,2022-01-26,2024-12-20,11,1,Clientes de alto valor activos,2.4849066497880004
3204,63,Female,New Jersey,No,0,15,673.6,44.91,2022-03-26,2024-11-24,37,0,Clientes de baja actividad,3.6375861597263857
3205,57,Female,New Mexico,No,1,24,1198.8,49.95,2022-02-06,2024-08-31,122,0,Clientes de baja actividad,4.812184355372417
3206,40,Female,Colorado,No,0,51,2670.2,52.36,2022-01-01,2024-12-26,5,1,Clientes de alto valor activos,1.791759469228055
3207,36,Female,California,No,0,50,2617.2,52.34,2022-01-11,2024-11-30,31,3,Clientes valiosos en riesgo,3.4657359027997265
3208,67,Female,Arizona,No,1,15,718.7,47.91,2022-01-05,2024-05-12,233,0,Clientes de baja actividad,5.455321115357702
3209,61,Female,Indiana,No,0,43,2354.0,54.74,2022-01-30,2024-11-23,38,3,Clientes valiosos en riesgo,3.6635616461296463
3210,64,Female,Arkansas,No,0,40,2049.5,51.24,2022-05-09,2024-12-24,7,1,Clientes de alto valor activos,2.0794415416798357
3211,30,Female,Nevada,No,0,44,2492.3,56.64,2022-01-09,2024-12-29,2,1,Clientes de alto valor activos,1.0986122886681098
3212,53,Female,Rhode Island,No,0,13,638.2,49.09,2022-06-18,2024-11-14,47,0,Clientes de baja actividad,3.871201010907891
3213,27,Female,Wyoming,No,0,22,1297.2,58.96,2022-02-06,2024-10-31,61,0,Clientes de baja actividad,4.127134385045092
3214,27,Female,Texas,No,0,34,1951.8,57.41,2022-02-15,2024-12-28,3,1,Clientes de alto valor activos,1.3862943611198906
3215,53,Female,Washington,No,0,7,336.9,48.13,2022-12-25,2024-12-25,6,2,Clientes recientes en desarrollo,1.9459101490553132
3216,34,Female,Rhode Island,No,1,11,483.6,43.96,2023-04-20,2024-08-22,131,0,Clientes de baja actividad,4.882801922586371
3217,39,Female,Illinois,No,0,19,841.1,44.27,2022-07-22,2024-12-10,21,2,Clientes recientes en desarrollo,3.091042453358316
3218,44,Female,Oregon,No,0,47,2503.3,53.26,2022-02-04,2024-12-28,3,1,Clientes de alto valor activos,1.3862943611198906
3219,37,Female,Florida,No,0,50,2550.6,51.01,2022-01-15,2024-12-18,13,1,Clientes de alto valor activos,2.6390573296152584
3220,57,Female,Kansas,No,0,40,1896.2,47.4,2022-01-01,2024-11-26,35,3,Clientes valiosos en riesgo,3.58351893845611
3221,38,Female,North Dakota,No,0,17,867.5,51.03,2022-05-15,2024-11-25,36,0,Clientes de baja actividad,3.6109179126442243
3222,21,Female,New Hampshire,No,0,29,1770.9,61.07,2022-06-09,2024-12-29,2,2,Clientes recientes en desarrollo,1.0986122886681098
3223,45,Female,Texas,No,0,23,1198.6,52.11,2022-02-06,2024-12-15,16,2,Clientes recientes en desarrollo,2.833213344056216
3224,68,Female,Montana,No,0,37,2128.2,57.52,2022-02-26,2024-12-27,4,1,Clientes de alto valor activos,1.6094379124341003
3225,37,Female,Delaware,No,0,19,1198.7,63.09,2022-04-09,2024-11-28,33,0,Clientes de baja actividad,3.5263605246161616
3226,53,Female,New Hampshire,No,0,32,1654.3,51.7,2022-01-01,2024-12-20,11,3,Clientes valiosos en riesgo,2.4849066497880004
3227,57,Female,Minnesota,No,0,39,1814.8,46.53,2022-01-01,2024-12-01,30,3,Clientes valiosos en riesgo,3.4339872044851463
3228,28,Female,Alaska,No,0,43,2454.8,57.09,2022-01-01,2024-12-29,2,1,Clientes de alto valor activos,1.0986122886681098
3229,37,Female,Connecticut,No,0,28,1285.7,45.92,2022-01-06,2024-10-14,78,3,Clientes valiosos en riesgo,4.3694478524670215
3230,54,Female,Connecticut,No,0,25,1169.6,46.78,2022-01-21,2024-12-31,0,2,Clientes recientes en desarrollo,0.0
3231,49,Female,Kansas,No,0,39,1740.6,44.63,2022-03-21,2024-11-29,32,3,Clientes valiosos en riesgo,3.4965075614664802
3232,62,Female,Nevada,No,0,10,508.9,50.89,2022-08-27,2024-12-22,9,2,Clientes recientes en desarrollo,2.302585092994046
3233,45,Female,Massachusetts,No,0,20,931.7,46.58,2022-02-11,2024-09-07,115,0,Clientes de baja actividad,4.7535901911063645
3234,45,Female,Indiana,No,1,12,569.6,47.47,2022-07-08,2024-07-27,157,0,Clientes de baja actividad,5.062595033026967
3235,49,Female,Washington,No,0,17,888.6,52.27,2022-04-10,2024-12-15,16,2,Clientes recientes en desarrollo,2.833213344056216
3236,27,Female,Kansas,No,1,19,843.9,44.42,2022-01-22,2024-08-04,149,0,Clientes de baja actividad,5.0106352940962555
3237,63,Female,South Carolina,No,0,9,460.1,51.12,2023-01-29,2024-12-09,22,0,Clientes de baja actividad,3.1354942159291497
3238,61,Female,Vermont,No,0,5,377.6,75.52,2023-12-20,2024-12-28,3,2,Clientes recientes en desarrollo,1.3862943611198906
3239,25,Female,Wyoming,No,0,38,1997.1,52.56,2022-01-02,2024-11-27,34,3,Clientes valiosos en riesgo,3.5553480614894135
3240,33,Female,Colorado,No,0,31,1703.7,54.96,2022-03-28,2024-12-25,6,1,Clientes de alto valor activos,1.9459101490553132
3241,56,Female,West Virginia,No,1,38,1690.2,44.48,2022-02-02,2024-09-04,118,3,Clientes valiosos en riesgo,4.77912349311153
3242,50,Female,Connecticut,No,0,31,1435.4,46.3,2022-02-10,2024-11-29,32,3,Clientes valiosos en riesgo,3.4965075614664802
3243,45,Female,Oregon,No,0,18,920.2,51.12,2022-01-22,2024-11-30,31,0,Clientes de baja actividad,3.4657359027997265
3244,45,Female,Idaho,No,1,12,543.6,45.3,2022-05-05,2024-06-19,195,0,Clientes de baja actividad,5.278114659230517
3245,65,Female,Arkansas,No,0,43,2165.1,50.35,2022-01-01,2024-12-28,3,1,Clientes de alto valor activos,1.3862943611198906
3246,63,Female,Kansas,No,0,21,1045.1,49.77,2022-06-04,2024-12-28,3,2,Clientes recientes en desarrollo,1.3862943611198906
3247,70,Female,Michigan,No,0,38,1803.9,47.47,2022-04-15,2024-12-27,4,1,Clientes de alto valor activos,1.6094379124341003
3248,53,Female,Arkansas,No,0,13,489.2,37.63,2022-07-09,2024-12-22,9,2,Clientes recientes en desarrollo,2.302585092994046
3249,22,Female,Pennsylvania,No,0,42,2164.8,51.54,2022-02-12,2024-11-25,36,3,Clientes valiosos en riesgo,3.6109179126442243
3250,26,Female,Virginia,No,0,33,1784.1,54.06,2022-01-04,2024-12-27,4,1,Clientes de alto valor activos,1.6094379124341003
3251,23,Female,Minnesota,No,0,16,679.4,42.46,2022-06-19,2024-11-02,59,0,Clientes de baja actividad,4.0943445622221
3252,25,Female,Nevada,No,0,40,2133.2,53.33,2022-01-01,2024-11-24,37,3,Clientes valiosos en riesgo,3.6375861597263857
3253,69,Female,Montana,No,0,49,2724.9,55.61,2022-01-06,2024-12-25,6,1,Clientes de alto valor activos,1.9459101490553132
3254,36,Female,Nebraska,No,0,9,494.5,54.94,2022-12-18,2024-09-30,92,0,Clientes de baja actividad,4.532599493153256
3255,21,Female,Indiana,No,0,12,616.9,51.41,2022-08-26,2024-08-21,132,0,Clientes de baja actividad,4.890349128221754
3256,57,Female,New Jersey,No,0,37,1899.3,51.33,2022-02-04,2024-12-20,11,1,Clientes de alto valor activos,2.4849066497880004
3257,60,Female,Wisconsin,No,0,51,2719.0,53.31,2022-01-01,2024-12-29,2,1,Clientes de alto valor activos,1.0986122886681098
3258,44,Female,Minnesota,No,0,40,1923.1,48.08,2022-03-19,2024-12-15,16,3,Clientes valiosos en riesgo,2.833213344056216
3259,31,Female,New Jersey,No,0,12,617.7,51.48,2022-06-05,2024-11-22,39,0,Clientes de baja actividad,3.6888794541139363
3260,57,Female,Oklahoma,No,0,6,334.1,55.68,2022-08-25,2024-11-25,36,0,Clientes de baja actividad,3.6109179126442243
3261,39,Female,Wisconsin,No,0,8,441.5,55.19,2022-10-21,2024-12-29,2,2,Clientes recientes en desarrollo,1.0986122886681098
3262,48,Female,Rhode Island,No,0,51,2762.9,54.17,2022-02-17,2024-12-28,3,1,Clientes de alto valor activos,1.3862943611198906
3263,42,Female,Indiana,No,0,22,1005.2,45.69,2022-03-13,2024-10-16,76,0,Clientes de baja actividad,4.343805421853684
3264,56,Female,Vermont,No,0,32,1712.4,53.51,2022-02-27,2024-12-29,2,1,Clientes de alto valor activos,1.0986122886681098
3265,28,Female,Maine,No,0,40,2093.0,52.32,2022-05-09,2024-12-28,3,1,Clientes de alto valor activos,1.3862943611198906
3266,40,Female,Alabama,No,0,29,1435.4,49.5,2022-02-08,2024-12-29,2,2,Clientes recientes en desarrollo,1.0986122886681098
3267,49,Female,Alabama,No,0,34,1897.1,55.8,2022-01-09,2024-12-25,6,1,Clientes de alto valor activos,1.9459101490553132
3268,37,Female,Idaho,No,1,43,1963.6,45.67,2022-01-22,2024-10-18,74,3,Clientes valiosos en riesgo,4.31748811353631
3269,22,Female,Arkansas,No,0,6,313.9,52.32,2022-07-03,2024-10-02,90,0,Clientes de baja actividad,4.51085950651685
3270,27,Female,Ohio,No,0,26,1330.3,51.17,2022-06-20,2024-12-21,10,2,Clientes recientes en desarrollo,2.3978952727983707
3271,59,Female,Illinois,No,0,49,2502.5,51.07,2022-01-01,2024-12-24,7,1,Clientes de alto valor activos,2.0794415416798357
3272,35,Female,Nevada,No,0,31,1597.9,51.55,2022-02-19,2024-12-05,26,3,Clientes valiosos en riesgo,3.295836866004329
3273,58,Female,Texas,No,0,35,2072.8,59.22,2022-01-15,2024-12-21,10,1,Clientes de alto valor activos,2.3978952727983707
3274,58,Female,Nevada,No,0,35,1975.6,56.45,2022-01-11,2024-12-22,9,1,Clientes de alto valor activos,2.302585092994046
3275,46,Female,Oklahoma,No,1,15,741.2,49.41,2022-05-01,2024-06-30,184,0,Clientes de baja actividad,5.220355825078324
3276,43,Female,Alabama,No,0,3,148.1,49.37,2023-06-16,2024-10-31,61,0,Clientes de baja actividad,4.127134385045092
3277,39,Female,South Dakota,No,0,42,2288.5,54.49,2022-02-12,2024-12-26,5,1,Clientes de alto valor activos,1.791759469228055
3278,59,Female,Texas,No,0,4,343.7,85.92,2022-01-04,2024-12-21,10,2,Clientes recientes en desarrollo,2.3978952727983707
3279,59,Female,Montana,No,0,19,1120.7,58.98,2022-05-15,2024-11-20,41,0,Clientes de baja actividad,3.7376696182833684
3280,59,Female,Wyoming,No,0,2,127.0,63.5,2022-01-08,2024-06-05,209,0,Clientes de baja actividad,5.3471075307174685
3281,45,Female,New York,No,0,6,400.4,66.73,2022-03-20,2024-07-04,180,0,Clientes de baja actividad,5.198497031265826
3282,27,Female,Oregon,No,0,42,2212.5,52.68,2022-01-16,2024-12-20,11,1,Clientes de alto valor activos,2.4849066497880004
3283,24,Female,California,No,0,6,338.0,56.33,2022-03-14,2024-11-21,40,0,Clientes de baja actividad,3.713572066704308
3284,47,Female,North Carolina,No,1,11,463.7,42.15,2022-03-03,2024-06-02,212,0,Clientes de baja actividad,5.3612921657094255
3285,70,Female,Kentucky,No,0,21,975.9,46.47,2022-05-15,2024-12-25,6,2,Clientes recientes en desarrollo,1.9459101490553132
3286,58,Female,Hawaii,No,0,12,567.1,47.26,2022-04-08,2024-12-05,26,0,Clientes de baja actividad,3.295836866004329
3287,45,Female,Illinois,No,0,5,216.6,43.32,2023-08-23,2024-09-30,92,0,Clientes de baja actividad,4.532599493153256
3288,24,Female,West Virginia,No,0,39,2063.6,52.91,2022-01-23,2024-11-29,32,3,Clientes valiosos en riesgo,3.4965075614664802
3289,67,Female,South Carolina,No,0,20,1015.6,50.78,2022-03-17,2024-12-31,0,2,Clientes recientes en desarrollo,0.0
3290,31,Female,Montana,No,0,17,936.6,55.09,2022-03-30,2024-11-24,37,0,Clientes de baja actividad,3.6375861597263857
3291,52,Female,North Dakota,No,0,3,172.6,57.53,2023-01-20,2024-12-20,11,2,Clientes recientes en desarrollo,2.4849066497880004
3292,29,Female,New Mexico,No,1,12,565.6,47.13,2022-07-23,2024-07-15,169,0,Clientes de baja actividad,5.135798437050262
3293,62,Female,Missouri,No,0,19,914.3,48.12,2022-03-12,2024-12-26,5,2,Clientes recientes en desarrollo,1.791759469228055
3294,19,Female,West Virginia,No,0,48,2787.9,58.08,2022-03-10,2024-11-29,32,3,Clientes valiosos en riesgo,3.4965075614664802
3295,62,Female,South Carolina,No,1,16,926.5,57.91,2022-03-15,2024-08-02,151,0,Clientes de baja actividad,5.0238805208462765
3296,70,Female,West Virginia,No,0,16,960.0,60.0,2022-07-22,2024-12-25,6,2,Clientes recientes en desarrollo,1.9459101490553132
3297,20,Female,Alaska,No,0,48,2530.4,52.72,2022-01-06,2024-12-27,4,1,Clientes de alto valor activos,1.6094379124341003
3298,67,Female,West Virginia,No,0,48,2482.5,51.72,2022-01-22,2024-11-24,37,3,Clientes valiosos en riesgo,3.6375861597263857
3299,65,Female,New Mexico,No,0,7,333.0,47.57,2023-04-25,2024-12-08,23,0,Clientes de baja actividad,3.1780538303479458
3300,45,Female,South Dakota,No,0,19,1037.8,54.62,2022-04-04,2024-12-28,3,2,Clientes recientes en desarrollo,1.3862943611198906
3301,26,Female,Oklahoma,No,0,41,2081.7,50.77,2022-01-30,2024-12-01,30,3,Clientes valiosos en riesgo,3.4339872044851463
3302,36,Female,Oklahoma,No,0,32,1688.0,52.75,2022-01-01,2024-12-27,4,1,Clientes de alto valor activos,1.6094379124341003
3303,36,Female,Alabama,No,0,32,1513.2,47.29,2022-03-05,2024-12-19,12,3,Clientes valiosos en riesgo,2.5649493574615367
3304,20,Female,Mississippi,No,0,5,237.8,47.56,2022-02-12,2024-10-24,68,0,Clientes de baja actividad,4.23410650459726
3305,30,Female,Mississippi,No,0,37,1896.2,51.25,2022-02-02,2024-12-22,9,1,Clientes de alto valor activos,2.302585092994046
3306,34,Female,Nebraska,No,0,32,1351.7,42.24,2022-03-23,2024-12-22,9,1,Clientes de alto valor activos,2.302585092994046
3307,63,Female,Colorado,No,0,7,443.0,63.29,2022-09-06,2024-12-24,7,2,Clientes recientes en desarrollo,2.0794415416798357
3308,18,Female,Pennsylvania,No,0,2,111.8,55.9,2022-09-01,2024-10-04,88,0,Clientes de baja actividad,4.48863636973214
3309,55,Female,Utah,No,0,30,1592.9,53.1,2022-01-05,2024-11-26,35,3,Clientes valiosos en riesgo,3.58351893845611
3310,48,Female,Massachusetts,No,0,20,1100.3,55.02,2022-02-03,2024-12-26,5,2,Clientes recientes en desarrollo,1.791759469228055
3311,45,Female,Iowa,No,0,13,813.7,62.59,2022-01-08,2024-12-23,8,2,Clientes recientes en desarrollo,2.1972245773362196
3312,29,Female,Florida,No,0,19,1035.9,54.52,2022-06-02,2024-12-21,10,2,Clientes recientes en desarrollo,2.3978952727983707
3313,55,Female,Louisiana,No,0,46,2454.7,53.36,2022-01-21,2024-12-20,11,1,Clientes de alto valor activos,2.4849066497880004
3314,55,Female,Kansas,No,0,46,2316.1,50.35,2022-03-15,2024-11-29,32,3,Clientes valiosos en riesgo,3.4965075614664802
3315,55,Female,Kansas,No,0,9,534.3,59.37,2023-02-10,2024-11-24,37,0,Clientes de baja actividad,3.6375861597263857
3316,48,Female,Kentucky,No,0,5,298.4,59.68,2023-08-30,2024-11-10,51,0,Clientes de baja actividad,3.9512437185814275
3317,42,Female,New Mexico,No,0,6,314.4,52.4,2023-05-05,2024-08-22,131,0,Clientes de baja actividad,4.882801922586371
3318,21,Female,North Carolina,No,0,31,1501.4,48.43,2022-01-01,2024-12-22,9,1,Clientes de alto valor activos,2.302585092994046
3319,45,Female,North Dakota,No,0,16,855.9,53.49,2022-07-09,2024-12-21,10,2,Clientes recientes en desarrollo,2.3978952727983707
3320,23,Female,North Dakota,No,0,18,915.7,50.87,2022-03-09,2024-12-15,16,2,Clientes recientes en desarrollo,2.833213344056216
3321,66,Female,Illinois,No,0,46,2442.0,53.09,2022-01-01,2024-12-28,3,1,Clientes de alto valor activos,1.3862943611198906
3322,32,Female,Maine,No,0,4,172.7,43.18,2022-12-15,2024-10-31,61,0,Clientes de baja actividad,4.127134385045092
3323,52,Female,Indiana,No,0,44,2229.1,50.66,2022-02-08,2024-12-21,10,1,Clientes de alto valor activos,2.3978952727983707
3324,54,Female,North Dakota,No,0,5,216.3,43.26,2023-01-01,2024-10-31,61,0,Clientes de baja actividad,4.127134385045092
3325,37,Female,Missouri,No,0,42,2253.0,53.64,2022-01-17,2024-12-20,11,1,Clientes de alto valor activos,2.4849066497880004
3326,29,Female,Alaska,No,0,17,794.3,46.72,2022-02-09,2024-11-27,34,0,Clientes de baja actividad,3.5553480614894135
3327,47,Female,North Dakota,No,0,11,683.9,62.17,2022-01-14,2024-11-23,38,0,Clientes de baja actividad,3.6635616461296463
3328,47,Female,Connecticut,No,0,3,149.4,49.8,2023-10-29,2024-09-15,107,0,Clientes de baja actividad,4.68213122712422
3329,42,Female,Wisconsin,No,0,12,616.1,51.34,2022-03-05,2024-11-18,43,0,Clientes de baja actividad,3.784189633918261
3330,34,Female,New Jersey,No,0,2,68.8,34.4,2024-10-19,2024-12-22,9,2,Clientes recientes en desarrollo,2.302585092994046
3331,38,Female,Missouri,No,0,42,2240.3,53.34,2022-01-08,2024-12-28,3,1,Clientes de alto valor activos,1.3862943611198906
3332,55,Female,California,No,0,40,2219.6,55.49,2022-01-01,2024-12-30,1,1,Clientes de alto valor activos,0.6931471805599453
3333,27,Female,Washington,No,0,2,149.4,74.7,2023-11-29,2024-09-18,104,0,Clientes de baja actividad,4.653960350157523
3334,55,Female,Minnesota,No,0,4,213.7,53.42,2022-11-30,2024-06-20,194,0,Clientes de baja actividad,5.272999558563747
3335,66,Female,California,No,0,22,937.5,42.61,2022-01-05,2024-10-31,61,0,Clientes de baja actividad,4.127134385045092
3336,44,Female,Texas,No,0,49,2801.8,57.18,2022-01-22,2024-12-28,3,1,Clientes de alto valor activos,1.3862943611198906
3337,39,Female,Montana,No,0,25,1373.1,54.92,2022-03-13,2024-12-01,30,3,Clientes valiosos en riesgo,3.4339872044851463
3338,23,Female,Arizona,No,0,46,2528.6,54.97,2022-02-04,2024-12-20,11,1,Clientes de alto valor activos,2.4849066497880004
3339,29,Female,Minnesota,No,0,47,2252.5,47.93,2022-02-06,2024-11-22,39,3,Clientes valiosos en riesgo,3.6888794541139363
3340,20,Female,Nebraska,No,0,36,1673.8,46.49,2022-01-21,2024-10-31,61,3,Clientes valiosos en riesgo,4.127134385045092
3341,42,Female,Virginia,No,0,48,2340.6,48.76,2022-03-02,2024-12-23,8,1,Clientes de alto valor activos,2.1972245773362196
3342,55,Female,Connecticut,No,0,36,1886.6,52.41,2022-01-22,2024-11-30,31,3,Clientes valiosos en riesgo,3.4657359027997265
3343,66,Female,New Jersey,No,0,46,2657.8,57.78,2022-01-06,2024-12-28,3,1,Clientes de alto valor activos,1.3862943611198906
3344,24,Female,Kentucky,No,0,7,322.3,46.04,2022-09-02,2024-12-25,6,2,Clientes recientes en desarrollo,1.9459101490553132
3345,62,Female,Washington,No,0,21,1068.4,50.88,2022-06-19,2024-12-05,26,3,Clientes valiosos en riesgo,3.295836866004329
3346,28,Female,Florida,No,0,4,276.5,69.12,2022-02-12,2024-04-29,246,0,Clientes de baja actividad,5.5093883366279774
3347,30,Female,Oklahoma,No,0,31,1631.9,52.64,2022-02-06,2024-12-13,18,3,Clientes valiosos en riesgo,2.9444389791664403
3348,22,Female,Iowa,No,0,29,1559.8,53.79,2022-01-01,2024-12-28,3,2,Clientes recientes en desarrollo,1.3862943611198906
3349,28,Female,New Hampshire,No,0,16,775.5,48.47,2022-06-17,2024-09-07,115,0,Clientes de baja actividad,4.7535901911063645
3350,35,Female,Georgia,No,0,30,1503.4,50.11,2022-01-21,2024-12-23,8,2,Clientes recientes en desarrollo,2.1972245773362196
3351,45,Female,Mississippi,No,0,16,895.1,55.94,2022-01-01,2024-12-12,19,2,Clientes recientes en desarrollo,2.995732273553991
3352,43,Female,New Hampshire,No,1,19,854.7,44.98,2022-05-01,2024-08-15,138,0,Clientes de baja actividad,4.9344739331306915
3353,55,Female,Washington,No,0,8,325.7,40.71,2022-06-19,2024-12-20,11,2,Clientes recientes en desarrollo,2.4849066497880004
3354,31,Female,Ohio,No,1,20,901.3,45.06,2022-07-08,2024-08-25,128,0,Clientes de baja actividad,4.859812404361672
3355,42,Female,Maryland,No,0,16,772.1,48.26,2022-02-03,2024-12-23,8,2,Clientes recientes en desarrollo,2.1972245773362196
3356,40,Female,Delaware,No,0,4,221.3,55.32,2023-01-28,2024-10-11,81,0,Clientes de baja actividad,4.406719247264253
3357,39,Female,Tennessee,No,0,14,790.5,56.46,2022-07-30,2024-12-21,10,2,Clientes recientes en desarrollo,2.3978952727983707
3358,41,Female,Arkansas,No,1,38,1839.5,48.41,2022-02-05,2024-08-28,125,3,Clientes valiosos en riesgo,4.836281906951478
3359,56,Female,Tennessee,No,0,27,1317.0,48.78,2022-01-17,2024-12-20,11,2,Clientes recientes en desarrollo,2.4849066497880004
3360,43,Female,New Hampshire,No,0,30,1790.9,59.7,2022-01-27,2024-12-25,6,2,Clientes recientes en desarrollo,1.9459101490553132
3361,22,Female,Minnesota,No,0,48,2425.6,50.53,2022-01-22,2024-12-25,6,1,Clientes de alto valor activos,1.9459101490553132
3362,47,Female,Florida,No,0,48,2793.1,58.19,2022-01-14,2024-12-31,0,1,Clientes de alto valor activos,0.0
3363,50,Female,Tennessee,No,0,49,2567.5,52.4,2022-02-12,2024-12-31,0,1,Clientes de alto valor activos,0.0
3364,58,Female,California,No,0,47,2384.4,50.73,2022-02-04,2024-12-18,13,1,Clientes de alto valor activos,2.6390573296152584
3365,50,Female,Oregon,No,0,8,396.2,49.52,2022-10-22,2024-12-15,16,2,Clientes recientes en desarrollo,2.833213344056216
3366,43,Female,Tennessee,No,0,46,2314.1,50.31,2022-03-03,2024-12-21,10,1,Clientes de alto valor activos,2.3978952727983707
3367,38,Female,North Carolina,No,0,48,2333.1,48.61,2022-01-15,2024-12-28,3,1,Clientes de alto valor activos,1.3862943611198906
3368,44,Female,Tennessee,No,0,7,298.6,42.66,2022-03-23,2024-04-22,253,0,Clientes de baja actividad,5.537334267018537
3369,30,Female,Nebraska,No,0,30,1912.5,63.75,2022-04-10,2024-11-22,39,3,Clientes valiosos en riesgo,3.6888794541139363
3370,47,Female,Maine,No,0,43,2167.2,50.4,2022-01-05,2024-12-28,3,1,Clientes de alto valor activos,1.3862943611198906
3371,30,Female,Illinois,No,0,47,2291.9,48.76,2022-01-05,2024-12-27,4,1,Clientes de alto valor activos,1.6094379124341003
3372,49,Female,Colorado,No,0,29,1273.5,43.91,2022-04-05,2024-11-30,31,3,Clientes valiosos en riesgo,3.4657359027997265
3373,56,Female,Pennsylvania,No,0,15,580.0,38.67,2022-04-24,2024-11-30,31,0,Clientes de baja actividad,3.4657359027997265
3374,70,Female,Minnesota,No,0,13,872.3,67.1,2022-04-23,2024-11-24,37,0,Clientes de baja actividad,3.6375861597263857
3375,22,Female,Nevada,No,0,42,2001.4,47.65,2022-01-29,2024-11-28,33,3,Clientes valiosos en riesgo,3.5263605246161616
3376,51,Female,Connecticut,No,0,9,453.6,50.4,2022-03-04,2024-12-12,19,2,Clientes recientes en desarrollo,2.995732273553991
3377,22,Female,Ohio,No,0,25,1284.7,51.39,2022-01-01,2024-12-13,18,3,Clientes valiosos en riesgo,2.9444389791664403
3378,37,Female,Kentucky,No,0,19,872.0,45.89,2022-04-04,2024-12-10,21,2,Clientes recientes en desarrollo,3.091042453358316
3379,49,Female,Minnesota,No,0,7,367.4,52.49,2022-03-13,2024-11-26,35,0,Clientes de baja actividad,3.58351893845611
3380,61,Female,Tennessee,No,0,41,2125.6,51.84,2022-01-01,2024-12-31,0,1,Clientes de alto valor activos,0.0
3381,41,Female,North Dakota,No,0,7,298.5,42.64,2022-07-16,2024-08-29,124,0,Clientes de baja actividad,4.8283137373023015
3382,57,Female,Minnesota,No,0,28,1483.0,52.96,2022-01-16,2024-10-05,87,3,Clientes valiosos en riesgo,4.477336814478207
3383,34,Female,Nebraska,No,0,3,148.2,49.4,2022-08-22,2024-01-05,361,0,Clientes de baja actividad,5.8916442118257715
3384,27,Female,Delaware,No,0,40,2002.3,50.06,2022-01-01,2024-12-27,4,1,Clientes de alto valor activos,1.6094379124341003
3385,39,Female,Minnesota,No,0,10,541.6,54.16,2022-02-10,2024-11-04,57,0,Clientes de baja actividad,4.060443010546419
3386,62,Female,Rhode Island,No,0,17,878.5,51.68,2022-02-12,2024-08-23,130,0,Clientes de baja actividad,4.875197323201151
3387,34,Female,Michigan,No,1,37,1754.5,47.42,2022-01-23,2024-08-30,123,3,Clientes valiosos en riesgo,4.820281565605037
3388,53,Female,New Jersey,No,1,3,181.7,60.57,2023-10-07,2024-01-27,339,0,Clientes de baja actividad,5.8289456176102075
3389,35,Female,South Dakota,No,0,22,1151.0,52.32,2022-03-09,2024-11-25,36,3,Clientes valiosos en riesgo,3.6109179126442243
3390,38,Female,North Carolina,No,0,40,2016.0,50.4,2022-03-01,2024-12-28,3,1,Clientes de alto valor activos,1.3862943611198906
3391,32,Female,Oregon,No,0,39,2272.3,58.26,2022-01-13,2024-12-28,3,1,Clientes de alto valor activos,1.3862943611198906
3392,47,Female,Montana,No,0,7,387.2,55.31,2022-03-11,2024-10-12,80,0,Clientes de baja actividad,4.394449154672439
3393,53,Female,New Jersey,No,0,7,415.8,59.4,2022-11-12,2024-12-01,30,0,Clientes de baja actividad,3.4339872044851463
3394,60,Female,Arizona,No,0,51,2588.6,50.76,2022-01-03,2024-12-24,7,1,Clientes de alto valor activos,2.0794415416798357
3395,31,Female,Vermont,No,0,10,495.0,49.5,2022-02-02,2024-12-25,6,2,Clientes recientes en desarrollo,1.9459101490553132
3396,44,Female,Colorado,No,1,16,682.3,42.64,2022-03-07,2024-03-22,284,0,Clientes de baja actividad,5.652489180268651
3397,29,Female,Tennessee,No,0,6,298.2,49.7,2022-05-06,2024-12-21,10,2,Clientes recientes en desarrollo,2.3978952727983707
3398,19,Female,New Jersey,No,0,14,611.0,43.64,2022-03-26,2024-11-23,38,0,Clientes de baja actividad,3.6635616461296463
3399,54,Female,Montana,No,0,45,2527.0,56.16,2022-01-28,2024-11-29,32,3,Clientes valiosos en riesgo,3.4965075614664802
3400,40,Female,Montana,No,0,37,1859.8,50.26,2022-03-03,2024-12-27,4,1,Clientes de alto valor activos,1.6094379124341003
3401,39,Female,Nevada,No,0,19,1010.5,53.18,2022-01-22,2024-12-01,30,0,Clientes de baja actividad,3.4339872044851463
3402,44,Female,Nevada,No,0,40,2166.4,54.16,2022-01-22,2024-12-27,4,1,Clientes de alto valor activos,1.6094379124341003
3403,22,Female,Louisiana,No,1,12,521.4,43.45,2022-02-26,2024-07-01,183,0,Clientes de baja actividad,5.214935757608986
3404,30,Female,Illinois,No,0,2,60.1,30.05,2023-08-26,2024-08-24,129,0,Clientes de baja actividad,4.867534450455582
3405,69,Female,South Carolina,No,0,35,1678.3,47.95,2022-01-01,2024-12-26,5,1,Clientes de alto valor activos,1.791759469228055
3406,28,Female,Washington,No,0,48,2543.1,52.98,2022-03-25,2024-12-28,3,1,Clientes de alto valor activos,1.3862943611198906
3407,57,Female,Nebraska,No,0,25,1120.2,44.81,2022-03-20,2024-12-23,8,2,Clientes recientes en desarrollo,2.1972245773362196
3408,46,Female,Alabama,No,0,21,1053.6,50.17,2022-02-10,2024-12-30,1,2,Clientes recientes en desarrollo,0.6931471805599453
3409,48,Female,Montana,No,0,12,684.4,57.03,2022-07-12,2024-09-05,117,0,Clientes de baja actividad,4.770684624465665
3410,24,Female,Minnesota,No,0,4,176.0,44.0,2022-07-03,2024-07-12,172,0,Clientes de baja actividad,5.153291594497779
3411,50,Female,Ohio,No,0,39,2025.7,51.94,2022-04-01,2024-12-27,4,1,Clientes de alto valor activos,1.6094379124341003
3412,29,Female,New York,No,0,46,2531.8,55.04,2022-02-01,2024-12-24,7,1,Clientes de alto valor activos,2.0794415416798357
3413,61,Female,Indiana,No,0,32,1757.9,54.93,2022-01-01,2024-12-27,4,1,Clientes de alto valor activos,1.6094379124341003
3414,34,Female,Delaware,No,1,17,714.0,42.0,2022-02-03,2024-06-21,193,0,Clientes de baja actividad,5.267858159063328
3415,27,Female,Connecticut,No,0,4,189.4,47.35,2022-09-09,2024-11-27,34,0,Clientes de baja actividad,3.5553480614894135
3416,38,Female,New York,No,0,16,771.7,48.23,2022-01-06,2024-12-05,26,0,Clientes de baja actividad,3.295836866004329
3417,25,Female,Alabama,No,0,12,572.8,47.73,2022-04-08,2024-12-25,6,2,Clientes recientes en desarrollo,1.9459101490553132
3418,54,Female,Massachusetts,No,1,23,1194.8,51.95,2022-05-09,2024-08-24,129,0,Clientes de baja actividad,4.867534450455582
3419,53,Female,South Carolina,No,0,36,1940.2,53.89,2022-01-29,2024-12-27,4,1,Clientes de alto valor activos,1.6094379124341003
3420,23,Female,West Virginia,No,0,6,278.0,46.33,2022-05-07,2024-11-20,41,0,Clientes de baja actividad,3.7376696182833684
3421,19,Female,Kentucky,No,1,36,1713.3,47.59,2022-03-03,2024-10-05,87,3,Clientes valiosos en riesgo,4.477336814478207
3422,57,Female,New Jersey,No,0,28,1593.3,56.9,2022-03-13,2024-10-31,61,3,Clientes valiosos en riesgo,4.127134385045092
3423,19,Female,New York,No,1,10,515.9,51.59,2022-06-19,2024-06-22,192,0,Clientes de baja actividad,5.262690188904886
3424,33,Female,Massachusetts,No,1,22,1034.6,47.03,2022-03-31,2024-08-25,128,0,Clientes de baja actividad,4.859812404361672
3425,33,Female,Florida,No,0,24,1264.3,52.68,2022-01-01,2024-12-29,2,2,Clientes recientes en desarrollo,1.0986122886681098
3426,38,Female,Michigan,No,0,4,267.0,66.75,2023-06-24,2024-12-29,2,2,Clientes recientes en desarrollo,1.0986122886681098
3427,47,Female,Oregon,No,0,32,1768.2,55.26,2022-01-01,2024-12-27,4,1,Clientes de alto valor activos,1.6094379124341003
3428,39,Female,Michigan,No,0,45,2243.1,49.85,2022-01-01,2024-12-21,10,1,Clientes de alto valor activos,2.3978952727983707
3429,32,Female,Washington,No,0,21,1053.5,50.17,2022-03-03,2024-11-22,39,0,Clientes de baja actividad,3.6888794541139363
3430,27,Female,Alaska,No,0,35,2025.6,57.87,2022-01-22,2024-11-29,32,3,Clientes valiosos en riesgo,3.4965075614664802
3431,67,Female,Montana,No,1,18,717.0,39.83,2022-05-03,2024-08-17,136,0,Clientes de baja actividad,4.919980925828125
3432,46,Female,New Mexico,No,0,21,999.8,47.61,2022-01-09,2024-12-20,11,2,Clientes recientes en desarrollo,2.4849066497880004
3433,36,Female,Connecticut,No,0,47,2526.9,53.76,2022-02-11,2024-12-21,10,1,Clientes de alto valor activos,2.3978952727983707
3434,62,Female,Alaska,No,0,29,1578.7,54.44,2022-02-15,2024-12-28,3,2,Clientes recientes en desarrollo,1.3862943611198906
3435,31,Female,Ohio,No,0,7,385.6,55.09,2023-01-01,2024-09-28,94,0,Clientes de baja actividad,4.553876891600541
3436,68,Female,Montana,No,0,51,2788.4,54.67,2022-01-01,2024-12-27,4,1,Clientes de alto valor activos,1.6094379124341003
3437,57,Female,Nebraska,No,0,42,2490.4,59.3,2022-01-16,2024-12-25,6,1,Clientes de alto valor activos,1.9459101490553132
3438,22,Female,Oklahoma,No,0,51,2609.6,51.17,2022-01-21,2024-12-05,26,3,Clientes valiosos en riesgo,3.295836866004329
3439,26,Female,Kentucky,No,0,34,1734.8,51.02,2022-04-04,2024-12-15,16,3,Clientes valiosos en riesgo,2.833213344056216
3440,43,Female,Idaho,No,0,26,1279.9,49.23,2022-02-24,2024-12-22,9,2,Clientes recientes en desarrollo,2.302585092994046
3441,45,Female,Maryland,No,0,3,154.3,51.43,2022-08-20,2024-01-06,360,0,Clientes de baja actividad,5.8888779583328805
3442,64,Female,Tennessee,No,0,16,827.1,51.69,2022-01-15,2024-12-25,6,2,Clientes recientes en desarrollo,1.9459101490553132
3443,28,Female,Michigan,No,0,13,562.0,43.23,2022-06-23,2024-08-24,129,0,Clientes de baja actividad,4.867534450455582
3444,47,Female,Tennessee,No,1,29,1518.1,52.35,2022-02-05,2024-09-28,94,3,Clientes valiosos en riesgo,4.553876891600541
3445,53,Female,Rhode Island,No,0,13,691.7,53.21,2022-03-03,2024-12-28,3,2,Clientes recientes en desarrollo,1.3862943611198906
3446,42,Female,Florida,No,0,4,164.7,41.18,2022-12-08,2024-12-23,8,2,Clientes recientes en desarrollo,2.1972245773362196
3447,51,Female,Louisiana,No,0,21,1172.0,55.81,2022-01-25,2024-12-27,4,2,Clientes recientes en desarrollo,1.6094379124341003
3448,62,Female,Arkansas,No,0,4,225.4,56.35,2022-09-02,2024-06-22,192,0,Clientes de baja actividad,5.262690188904886
3449,18,Female,Kentucky,No,0,33,1602.4,48.56,2022-01-10,2024-11-24,37,3,Clientes valiosos en riesgo,3.6375861597263857
3450,48,Female,Kansas,No,0,36,1868.6,51.91,2022-02-03,2024-11-26,35,3,Clientes valiosos en riesgo,3.58351893845611
3451,20,Female,Vermont,No,1,32,1460.6,45.64,2022-01-12,2024-09-26,96,3,Clientes valiosos en riesgo,4.574710978503383
3452,32,Female,Nevada,No,0,14,678.6,48.47,2022-10-24,2024-10-13,79,0,Clientes de baja actividad,4.382026634673881
3453,26,Female,Oklahoma,No,0,4,194.0,48.5,2022-07-04,2024-03-08,298,0,Clientes de baja actividad,5.700443573390687
3454,31,Female,Alabama,No,0,49,2405.8,49.1,2022-03-26,2024-12-15,16,1,Clientes de alto valor activos,2.833213344056216
3455,55,Female,Louisiana,No,0,16,790.3,49.39,2022-10-16,2024-12-28,3,2,Clientes recientes en desarrollo,1.3862943611198906
3456,49,Female,Ohio,No,0,14,803.9,57.42,2022-01-06,2024-11-17,44,0,Clientes de baja actividad,3.8066624897703196
3457,42,Female,Texas,No,1,22,953.6,43.35,2022-02-04,2024-09-06,116,0,Clientes de baja actividad,4.762173934797756
3458,64,Female,Maryland,No,0,30,1482.6,49.42,2022-05-11,2024-12-21,10,2,Clientes recientes en desarrollo,2.3978952727983707
3459,68,Female,West Virginia,No,0,25,1153.5,46.14,2022-02-06,2024-12-23,8,2,Clientes recientes en desarrollo,2.1972245773362196
3460,68,Female,Ohio,No,0,22,1203.5,54.7,2022-01-17,2024-11-22,39,3,Clientes valiosos en riesgo,3.6888794541139363
3461,41,Female,Indiana,No,0,6,363.7,60.62,2022-05-07,2024-11-26,35,0,Clientes de baja actividad,3.58351893845611
3462,51,Female,Wyoming,No,0,48,2492.1,51.92,2022-02-11,2024-12-31,0,1,Clientes de alto valor activos,0.0
3463,44,Female,Michigan,No,0,35,1713.2,48.95,2022-02-01,2024-12-25,6,1,Clientes de alto valor activos,1.9459101490553132
3464,27,Female,Maine,No,0,46,2446.4,53.18,2022-01-01,2024-12-31,0,1,Clientes de alto valor activos,0.0
3465,36,Female,Utah,No,0,13,688.6,52.97,2022-05-13,2024-11-15,46,0,Clientes de baja actividad,3.8501476017100584
3466,19,Female,Iowa,No,0,32,1654.2,51.69,2022-01-01,2024-12-20,11,3,Clientes valiosos en riesgo,2.4849066497880004
3467,49,Female,Maryland,No,0,44,2632.0,59.82,2022-03-20,2024-12-29,2,1,Clientes de alto valor activos,1.0986122886681098
3468,18,Female,Texas,No,0,6,359.9,59.98,2022-11-26,2024-12-15,16,2,Clientes recientes en desarrollo,2.833213344056216
3469,36,Female,Ohio,No,0,37,1901.9,51.4,2022-01-06,2024-12-29,2,1,Clientes de alto valor activos,1.0986122886681098
3470,36,Female,North Dakota,No,1,13,661.2,50.86,2022-06-24,2024-07-27,157,0,Clientes de baja actividad,5.062595033026967
3471,19,Female,West Virginia,No,0,32,1575.2,49.22,2022-02-05,2024-12-28,3,1,Clientes de alto valor activos,1.3862943611198906
3472,43,Female,North Carolina,No,0,32,1632.5,51.02,2022-01-01,2024-12-27,4,1,Clientes de alto valor activos,1.6094379124341003
3473,31,Female,Georgia,No,0,16,823.2,51.45,2022-01-01,2024-12-20,11,2,Clientes recientes en desarrollo,2.4849066497880004
3474,63,Female,Kansas,No,1,12,717.3,59.78,2022-02-15,2024-02-24,311,0,Clientes de baja actividad,5.7430031878094825
3475,41,Female,Maine,No,0,19,952.1,50.11,2022-01-01,2024-09-06,116,0,Clientes de baja actividad,4.762173934797756
3476,48,Female,South Carolina,No,0,10,573.4,57.34,2022-04-30,2024-12-27,4,2,Clientes recientes en desarrollo,1.6094379124341003
3477,68,Female,South Carolina,No,0,12,735.0,61.25,2022-01-01,2024-12-20,11,2,Clientes recientes en desarrollo,2.4849066497880004
3478,53,Female,Kentucky,No,0,39,1937.0,49.67,2022-01-28,2024-12-20,11,1,Clientes de alto valor activos,2.4849066497880004
3479,36,Female,Arizona,No,0,43,1965.3,45.7,2022-04-13,2024-11-24,37,3,Clientes valiosos en riesgo,3.6375861597263857
3480,46,Female,New York,No,0,42,2366.7,56.35,2022-03-25,2024-12-27,4,1,Clientes de alto valor activos,1.6094379124341003
3481,21,Female,New Hampshire,No,0,46,2250.8,48.93,2022-01-06,2024-11-26,35,3,Clientes valiosos en riesgo,3.58351893845611
3482,52,Female,Ohio,No,0,42,2296.0,54.67,2022-02-12,2024-12-10,21,3,Clientes valiosos en riesgo,3.091042453358316
3483,66,Female,Hawaii,No,0,36,1915.6,53.21,2022-01-08,2024-12-25,6,1,Clientes de alto valor activos,1.9459101490553132
3484,19,Female,Texas,No,0,22,1182.1,53.73,2022-01-28,2024-12-30,1,2,Clientes recientes en desarrollo,0.6931471805599453
3485,44,Female,Illinois,No,0,14,847.3,60.52,2022-03-12,2024-12-25,6,2,Clientes recientes en desarrollo,1.9459101490553132
3486,50,Female,Massachusetts,No,0,24,1214.8,50.62,2022-03-17,2024-12-27,4,2,Clientes recientes en desarrollo,1.6094379124341003
3487,51,Female,North Carolina,No,0,7,299.2,42.74,2022-07-03,2024-07-20,164,0,Clientes de baja actividad,5.10594547390058
3488,25,Female,West Virginia,No,0,40,2025.6,50.64,2022-01-27,2024-12-28,3,1,Clientes de alto valor activos,1.3862943611198906
3489,62,Female,Delaware,No,0,8,486.1,60.76,2022-01-15,2024-07-26,158,0,Clientes de baja actividad,5.0689042022202315
3490,48,Female,Idaho,No,1,33,1408.1,42.67,2022-03-12,2024-10-12,80,3,Clientes valiosos en riesgo,4.394449154672439
3491,62,Female,Oregon,No,0,44,2077.7,47.22,2022-03-20,2024-12-31,0,1,Clientes de alto valor activos,0.0
3492,22,Female,Maine,No,0,16,682.4,42.65,2022-05-21,2024-11-24,37,0,Clientes de baja actividad,3.6375861597263857
3493,48,Female,South Dakota,No,0,49,2725.2,55.62,2022-01-05,2024-11-28,33,3,Clientes valiosos en riesgo,3.5263605246161616
3494,48,Female,New Mexico,No,0,36,1829.8,50.83,2022-01-01,2024-12-22,9,1,Clientes de alto valor activos,2.302585092994046
3495,62,Female,Washington,No,0,42,2046.5,48.73,2022-01-01,2024-12-25,6,1,Clientes de alto valor activos,1.9459101490553132
3496,24,Female,Georgia,No,0,15,832.9,55.53,2022-01-23,2024-11-28,33,0,Clientes de baja actividad,3.5263605246161616
3497,39,Female,Idaho,No,0,23,1154.7,50.2,2022-03-02,2024-11-20,41,3,Clientes valiosos en riesgo,3.7376696182833684
3498,35,Female,Colorado,No,0,17,1040.6,61.21,2022-04-27,2024-12-18,13,2,Clientes recientes en desarrollo,2.6390573296152584
3499,47,Female,Kentucky,No,1,3,204.4,68.13,2022-12-23,2023-10-06,452,0,Clientes de baja actividad,6.115892125483034
3500,22,Female,New Jersey,No,0,14,699.1,49.94,2022-08-07,2024-08-29,124,0,Clientes de baja actividad,4.8283137373023015
3501,38,Female,Oregon,No,0,39,2080.6,53.35,2022-01-13,2024-10-31,61,3,Clientes valiosos en riesgo,4.127134385045092
3502,53,Female,Nebraska,No,0,44,2262.6,51.42,2022-01-23,2024-12-24,7,1,Clientes de alto valor activos,2.0794415416798357
3503,31,Female,Massachusetts,No,0,27,1592.6,58.99,2022-02-26,2024-11-26,35,3,Clientes valiosos en riesgo,3.58351893845611
3504,31,Female,Nebraska,No,0,40,2082.2,52.05,2022-02-08,2024-12-28,3,1,Clientes de alto valor activos,1.3862943611198906
3505,65,Female,Hawaii,No,0,51,2583.3,50.65,2022-01-22,2024-12-28,3,1,Clientes de alto valor activos,1.3862943611198906
3506,48,Female,Indiana,No,0,41,2118.8,51.68,2022-03-25,2024-12-27,4,1,Clientes de alto valor activos,1.6094379124341003
3507,18,Female,Illinois,No,1,13,554.2,42.63,2022-06-25,2024-05-01,244,0,Clientes de baja actividad,5.501258210544727
3508,46,Female,Colorado,No,1,34,1942.5,57.13,2022-01-16,2024-10-03,89,3,Clientes valiosos en riesgo,4.499809670330265
3509,52,Female,Pennsylvania,No,0,50,2566.7,51.33,2022-03-12,2024-12-29,2,1,Clientes de alto valor activos,1.0986122886681098
3510,50,Female,Ohio,No,0,44,2331.8,53.0,2022-01-29,2024-12-30,1,1,Clientes de alto valor activos,0.6931471805599453
3511,49,Female,Pennsylvania,No,0,15,659.0,43.93,2022-03-05,2024-12-24,7,2,Clientes recientes en desarrollo,2.0794415416798357
3512,69,Female,Mississippi,No,0,22,943.1,42.87,2022-02-06,2024-12-27,4,2,Clientes recientes en desarrollo,1.6094379124341003
3513,36,Female,Kentucky,No,0,32,1677.9,52.43,2022-02-03,2024-12-23,8,1,Clientes de alto valor activos,2.1972245773362196
3514,30,Female,Alaska,No,0,30,1400.9,46.7,2022-05-13,2024-11-27,34,3,Clientes valiosos en riesgo,3.5553480614894135
3515,25,Female,Georgia,No,0,33,1678.3,50.86,2022-03-07,2024-11-26,35,3,Clientes valiosos en riesgo,3.58351893845611
3516,19,Female,South Dakota,No,0,17,970.5,57.09,2022-03-19,2024-11-23,38,0,Clientes de baja actividad,3.6635616461296463
3517,34,Female,South Carolina,No,0,39,1822.5,46.73,2022-02-10,2024-12-24,7,1,Clientes de alto valor activos,2.0794415416798357
3518,29,Female,Tennessee,No,0,35,1853.6,52.96,2022-02-11,2024-12-27,4,1,Clientes de alto valor activos,1.6094379124341003
3519,50,Female,Colorado,No,0,31,1596.5,51.5,2022-03-05,2024-10-19,73,3,Clientes valiosos en riesgo,4.30406509320417
3520,31,Female,Wisconsin,No,0,15,789.9,52.66,2022-05-31,2024-11-30,31,0,Clientes de baja actividad,3.4657359027997265
3521,41,Female,Georgia,No,0,34,1724.1,50.71,2022-03-17,2024-12-24,7,1,Clientes de alto valor activos,2.0794415416798357
3522,52,Female,Maryland,No,0,36,1706.3,47.4,2022-01-22,2024-12-27,4,1,Clientes de alto valor activos,1.6094379124341003
3523,27,Female,New Jersey,No,0,14,717.6,51.26,2022-08-31,2024-08-29,124,0,Clientes de baja actividad,4.8283137373023015
3524,49,Female,Nevada,No,0,31,1576.5,50.85,2022-01-05,2024-12-18,13,3,Clientes valiosos en riesgo,2.6390573296152584
3525,69,Female,Michigan,No,0,31,1747.9,56.38,2022-02-27,2024-12-15,16,3,Clientes valiosos en riesgo,2.833213344056216
3526,45,Female,Wyoming,No,0,48,2309.3,48.11,2022-01-22,2024-12-26,5,1,Clientes de alto valor activos,1.791759469228055
3527,20,Female,Massachusetts,No,0,2,129.3,64.65,2022-08-26,2024-08-03,150,0,Clientes de baja actividad,5.017279836814924
3528,25,Female,Washington,No,0,2,100.8,50.4,2023-05-06,2024-07-22,162,0,Clientes de baja actividad,5.093750200806762
3529,38,Female,Maine,No,0,34,1713.4,50.39,2022-05-09,2024-12-21,10,1,Clientes de alto valor activos,2.3978952727983707
3530,55,Female,Montana,No,0,44,2057.7,46.77,2022-02-02,2024-12-25,6,1,Clientes de alto valor activos,1.9459101490553132
3531,62,Female,Oklahoma,No,0,38,2081.2,54.77,2022-01-01,2024-12-31,0,1,Clientes de alto valor activos,0.0
3532,54,Female,North Dakota,No,0,24,1299.4,54.14,2022-02-27,2024-11-26,35,3,Clientes valiosos en riesgo,3.58351893845611
3533,61,Female,Connecticut,No,0,13,683.2,52.55,2022-01-11,2024-10-11,81,0,Clientes de baja actividad,4.406719247264253
3534,50,Female,Texas,No,0,31,1546.6,49.89,2022-03-11,2024-12-28,3,1,Clientes de alto valor activos,1.3862943611198906
3535,65,Female,Delaware,No,0,8,359.2,44.9,2022-04-01,2024-07-10,174,0,Clientes de baja actividad,5.1647859739235145
3536,68,Female,Mississippi,No,0,21,1024.8,48.8,2022-05-31,2024-11-22,39,0,Clientes de baja actividad,3.6888794541139363
3537,55,Female,Minnesota,No,0,11,563.2,51.2,2022-03-04,2024-08-25,128,0,Clientes de baja actividad,4.859812404361672
3538,57,Female,Georgia,No,0,41,2193.1,53.49,2022-06-20,2024-11-30,31,3,Clientes valiosos en riesgo,3.4657359027997265
3539,56,Female,Iowa,No,0,22,1178.6,53.57,2022-05-11,2024-12-25,6,2,Clientes recientes en desarrollo,1.9459101490553132
3540,29,Female,New York,No,0,18,871.6,48.42,2022-02-03,2024-12-28,3,2,Clientes recientes en desarrollo,1.3862943611198906
3541,24,Female,Nevada,No,0,6,346.2,57.7,2023-04-08,2024-08-29,124,0,Clientes de baja actividad,4.8283137373023015
3542,59,Female,Virginia,No,0,23,1259.5,54.76,2022-04-24,2024-12-18,13,2,Clientes recientes en desarrollo,2.6390573296152584
3543,62,Female,Idaho,No,0,6,333.3,55.55,2022-03-18,2024-12-25,6,2,Clientes recientes en desarrollo,1.9459101490553132
3544,58,Female,Colorado,No,0,19,906.5,47.71,2022-03-03,2024-12-06,25,2,Clientes recientes en desarrollo,3.258096538021482
3545,64,Female,Wisconsin,No,0,43,2220.4,51.64,2022-01-07,2024-11-24,37,3,Clientes valiosos en riesgo,3.6375861597263857
3546,48,Female,Connecticut,No,0,23,1158.0,50.35,2022-03-12,2024-12-25,6,2,Clientes recientes en desarrollo,1.9459101490553132
3547,60,Female,Kansas,No,0,38,2109.9,55.52,2022-01-01,2024-12-25,6,1,Clientes de alto valor activos,1.9459101490553132
3548,52,Female,Pennsylvania,No,0,24,1257.3,52.39,2022-01-26,2024-12-10,21,3,Clientes valiosos en riesgo,3.091042453358316
3549,63,Female,Utah,No,0,48,2610.3,54.38,2022-03-28,2024-12-26,5,1,Clientes de alto valor activos,1.791759469228055
3550,44,Female,Oregon,No,1,12,523.7,43.64,2022-03-25,2024-05-03,242,0,Clientes de baja actividad,5.493061443340548
3551,63,Female,West Virginia,No,0,33,1649.0,49.97,2022-01-16,2024-11-30,31,3,Clientes valiosos en riesgo,3.4657359027997265
3552,66,Female,Montana,No,0,21,1072.5,51.07,2022-02-11,2024-11-22,39,0,Clientes de baja actividad,3.6888794541139363
3553,22,Female,Kentucky,No,0,4,215.9,53.98,2022-07-31,2024-02-13,322,0,Clientes de baja actividad,5.777652323222656
3554,62,Female,Minnesota,No,0,33,1599.9,48.48,2022-02-12,2024-11-26,35,3,Clientes valiosos en riesgo,3.58351893845611
3555,39,Female,Louisiana,No,1,6,328.7,54.78,2023-08-18,2024-05-20,225,0,Clientes de baja actividad,5.420534999272286
3556,25,Female,Delaware,No,0,46,2343.5,50.95,2022-04-02,2024-11-21,40,3,Clientes valiosos en riesgo,3.713572066704308
3557,70,Female,Arizona,No,0,44,2370.2,53.87,2022-01-14,2024-12-26,5,1,Clientes de alto valor activos,1.791759469228055
3558,52,Female,Nevada,No,1,2,168.3,84.15,2023-03-21,2023-12-22,375,0,Clientes de baja actividad,5.929589143389895
3559,68,Female,Alaska,No,0,10,416.2,41.62,2022-04-30,2024-08-27,126,0,Clientes de baja actividad,4.844187086458591
3560,18,Female,Utah,No,1,14,832.8,59.49,2022-05-31,2024-05-09,236,0,Clientes de baja actividad,5.4680601411351315
3561,18,Female,Kansas,No,0,6,220.6,36.77,2022-12-10,2024-08-30,123,0,Clientes de baja actividad,4.820281565605037
3562,63,Female,North Carolina,No,0,40,2252.4,56.31,2022-05-07,2024-12-27,4,1,Clientes de alto valor activos,1.6094379124341003
3563,47,Female,Maryland,No,0,8,387.8,48.48,2022-06-17,2024-06-20,194,0,Clientes de baja actividad,5.272999558563747
3564,43,Female,Maine,No,0,9,555.5,61.72,2022-12-21,2024-11-23,38,0,Clientes de baja actividad,3.6635616461296463
3565,60,Female,Illinois,No,0,41,2105.7,51.36,2022-01-02,2024-12-27,4,1,Clientes de alto valor activos,1.6094379124341003
3566,49,Female,Pennsylvania,No,0,36,2016.3,56.01,2022-01-01,2024-12-21,10,1,Clientes de alto valor activos,2.3978952727983707
3567,28,Female,Alaska,No,0,15,766.1,51.07,2022-03-15,2024-12-30,1,2,Clientes recientes en desarrollo,0.6931471805599453
3568,32,Female,New Mexico,No,0,27,1456.4,53.94,2022-01-17,2024-12-23,8,2,Clientes recientes en desarrollo,2.1972245773362196
3569,29,Female,Arkansas,No,0,15,853.3,56.89,2022-03-16,2024-12-20,11,2,Clientes recientes en desarrollo,2.4849066497880004
3570,35,Female,Alaska,No,0,10,524.5,52.45,2022-01-29,2024-10-12,80,0,Clientes de baja actividad,4.394449154672439
3571,23,Female,Louisiana,No,0,33,1796.6,54.44,2022-03-09,2024-11-22,39,3,Clientes valiosos en riesgo,3.6888794541139363
3572,70,Female,North Dakota,No,0,16,917.7,57.36,2022-04-04,2024-11-20,41,0,Clientes de baja actividad,3.7376696182833684
3573,23,Female,Rhode Island,No,0,26,1318.5,50.71,2022-02-03,2024-12-31,0,2,Clientes recientes en desarrollo,0.0
3574,43,Female,Connecticut,No,0,28,1546.3,55.22,2022-01-01,2024-12-22,9,2,Clientes recientes en desarrollo,2.302585092994046
3575,29,Female,New York,No,0,40,1941.6,48.54,2022-02-15,2024-12-20,11,1,Clientes de alto valor activos,2.4849066497880004
3576,61,Female,Kentucky,No,0,50,2387.5,47.75,2022-01-15,2024-12-28,3,1,Clientes de alto valor activos,1.3862943611198906
3577,29,Female,Maine,No,0,13,751.0,57.77,2022-04-11,2024-12-10,21,2,Clientes recientes en desarrollo,3.091042453358316
3578,66,Female,Missouri,No,0,14,601.0,42.93,2022-04-20,2024-11-20,41,0,Clientes de baja actividad,3.7376696182833684
3579,46,Female,Georgia,No,0,23,1393.1,60.57,2022-03-19,2024-12-30,1,2,Clientes recientes en desarrollo,0.6931471805599453
3580,34,Female,Arizona,No,0,20,1084.6,54.23,2022-03-08,2024-12-16,15,2,Clientes recientes en desarrollo,2.772588722239781
3581,51,Female,New Hampshire,No,0,4,196.3,49.08,2022-12-23,2024-11-21,40,0,Clientes de baja actividad,3.713572066704308
3582,26,Female,Georgia,No,0,51,3021.2,59.24,2022-01-01,2024-12-28,3,1,Clientes de alto valor activos,1.3862943611198906
3583,23,Female,California,No,0,16,899.0,56.19,2022-03-26,2024-09-07,115,0,Clientes de baja actividad,4.7535901911063645
3584,52,Female,Arizona,No,0,45,2256.7,50.15,2022-02-05,2024-12-29,2,1,Clientes de alto valor activos,1.0986122886681098
3585,39,Female,Florida,No,0,49,2541.7,51.87,2022-01-01,2024-12-28,3,1,Clientes de alto valor activos,1.3862943611198906
3586,39,Female,New York,No,0,5,292.6,58.52,2022-03-19,2024-08-31,122,0,Clientes de baja actividad,4.812184355372417
3587,33,Female,Idaho,No,0,13,581.8,44.75,2022-04-04,2024-12-10,21,2,Clientes recientes en desarrollo,3.091042453358316
3588,33,Female,Virginia,No,0,34,1611.9,47.41,2022-03-04,2024-11-30,31,3,Clientes valiosos en riesgo,3.4657359027997265
3589,23,Female,Michigan,No,1,41,1891.5,46.13,2022-03-10,2024-09-01,121,3,Clientes valiosos en riesgo,4.804021044733257
3590,31,Female,New Hampshire,No,1,39,1751.9,44.92,2022-01-14,2024-09-10,112,3,Clientes valiosos en riesgo,4.727387818712341
3591,27,Female,South Dakota,No,0,20,1002.1,50.1,2022-02-05,2024-09-09,113,0,Clientes de baja actividad,4.736198448394496
3592,48,Female,South Dakota,No,0,39,1820.9,46.69,2022-04-02,2024-11-23,38,3,Clientes valiosos en riesgo,3.6635616461296463
3593,61,Female,New Jersey,No,0,19,868.8,45.73,2022-01-08,2024-12-06,25,2,Clientes recientes en desarrollo,3.258096538021482
3594,63,Female,Wyoming,No,0,25,1258.4,50.34,2022-02-12,2024-12-12,19,3,Clientes valiosos en riesgo,2.995732273553991
3595,19,Female,Alabama,No,0,30,1625.6,54.19,2022-02-01,2024-12-28,3,1,Clientes de alto valor activos,1.3862943611198906
3596,21,Female,South Dakota,No,0,15,636.6,42.44,2022-03-19,2024-12-11,20,2,Clientes recientes en desarrollo,3.044522437723423
3597,28,Female,South Carolina,No,0,45,2172.2,48.27,2022-04-01,2024-12-24,7,1,Clientes de alto valor activos,2.0794415416798357
3598,29,Female,New Mexico,No,0,19,945.1,49.74,2022-04-04,2024-12-08,23,2,Clientes recientes en desarrollo,3.1780538303479458
3599,23,Female,Connecticut,No,0,20,1060.1,53.0,2022-05-10,2024-12-27,4,2,Clientes recientes en desarrollo,1.6094379124341003
3600,37,Female,Kansas,No,0,5,287.3,57.46,2022-11-23,2024-04-20,255,0,Clientes de baja actividad,5.545177444479562
3601,67,Female,South Carolina,No,0,26,1233.3,47.43,2022-01-25,2024-12-28,3,2,Clientes recientes en desarrollo,1.3862943611198906
3602,34,Female,North Carolina,No,0,4,211.2,52.8,2022-04-29,2024-11-25,36,0,Clientes de baja actividad,3.6109179126442243
3603,58,Female,Wyoming,No,0,41,2060.1,50.25,2022-01-13,2024-11-22,39,3,Clientes valiosos en riesgo,3.6888794541139363
3604,45,Female,Louisiana,No,0,6,325.0,54.17,2022-06-04,2024-11-28,33,0,Clientes de baja actividad,3.5263605246161616
3605,63,Female,Louisiana,No,0,18,936.1,52.01,2022-02-09,2024-12-18,13,2,Clientes recientes en desarrollo,2.6390573296152584
3606,68,Female,Alabama,No,0,37,1861.5,50.31,2022-01-01,2024-12-28,3,1,Clientes de alto valor activos,1.3862943611198906
3607,41,Female,Minnesota,No,0,42,2315.8,55.14,2022-02-05,2024-12-26,5,1,Clientes de alto valor activos,1.791759469228055
3608,50,Female,New Mexico,No,0,21,1238.4,58.97,2022-02-10,2024-12-18,13,2,Clientes recientes en desarrollo,2.6390573296152584
3609,24,Female,Tennessee,No,0,3,149.9,49.97,2023-04-04,2024-09-13,109,0,Clientes de baja actividad,4.700480365792417
3610,21,Female,New Mexico,No,0,32,1532.6,47.89,2022-01-19,2024-12-15,16,3,Clientes valiosos en riesgo,2.833213344056216
3611,18,Female,Texas,No,1,24,1254.9,52.29,2022-06-18,2024-08-29,124,0,Clientes de baja actividad,4.8283137373023015
3612,63,Female,Washington,No,0,31,1853.1,59.78,2022-02-03,2024-12-21,10,3,Clientes valiosos en riesgo,2.3978952727983707
3613,47,Female,Michigan,No,0,27,1491.6,55.24,2022-04-02,2024-11-25,36,3,Clientes valiosos en riesgo,3.6109179126442243
3614,58,Female,Minnesota,No,0,41,2132.6,52.01,2022-01-08,2024-12-27,4,1,Clientes de alto valor activos,1.6094379124341003
3615,46,Female,Delaware,No,0,20,1038.2,51.91,2022-06-10,2024-10-01,91,0,Clientes de baja actividad,4.5217885770490405
3616,35,Female,California,No,0,5,225.4,45.08,2022-03-27,2024-12-25,6,2,Clientes recientes en desarrollo,1.9459101490553132
3617,42,Female,Wisconsin,No,0,34,1710.2,50.3,2022-03-25,2024-12-30,1,1,Clientes de alto valor activos,0.6931471805599453
3618,48,Female,Kentucky,No,0,30,1630.6,54.35,2022-06-20,2024-12-28,3,1,Clientes de alto valor activos,1.3862943611198906
3619,28,Female,Nevada,No,0,48,2454.5,51.14,2022-02-12,2024-12-01,30,3,Clientes valiosos en riesgo,3.4339872044851463
3620,44,Female,North Carolina,No,0,51,2785.4,54.62,2022-02-10,2024-12-25,6,1,Clientes de alto valor activos,1.9459101490553132
3621,60,Female,Louisiana,No,0,29,1604.0,55.31,2022-04-23,2024-12-31,0,1,Clientes de alto valor activos,0.0
3622,38,Female,New Jersey,No,0,6,276.1,46.02,2023-10-31,2024-11-08,53,0,Clientes de baja actividad,3.9889840465642745
3623,46,Female,Wisconsin,No,0,13,665.0,51.15,2022-05-11,2024-10-26,66,0,Clientes de baja actividad,4.204692619390966
3624,39,Female,Arkansas,No,0,5,271.6,54.32,2022-07-01,2024-12-01,30,0,Clientes de baja actividad,3.4339872044851463
3625,22,Female,Texas,No,0,23,1177.6,51.2,2022-04-10,2024-12-26,5,2,Clientes recientes en desarrollo,1.791759469228055
3626,44,Female,Illinois,No,0,33,1538.0,46.61,2022-01-01,2024-10-31,61,3,Clientes valiosos en riesgo,4.127134385045092
3627,69,Female,Mississippi,No,0,33,1576.4,47.77,2022-04-22,2024-11-28,33,3,Clientes valiosos en riesgo,3.5263605246161616
3628,39,Female,Delaware,No,0,49,2658.1,54.25,2022-01-01,2024-12-25,6,1,Clientes de alto valor activos,1.9459101490553132
3629,53,Female,Georgia,No,0,36,1836.5,51.01,2022-01-14,2024-12-27,4,1,Clientes de alto valor activos,1.6094379124341003
3630,52,Female,Kansas,No,0,45,2331.8,51.82,2022-01-01,2024-12-25,6,1,Clientes de alto valor activos,1.9459101490553132
3631,65,Female,Oklahoma,No,0,30,1504.1,50.14,2022-01-01,2024-12-08,23,3,Clientes valiosos en riesgo,3.1780538303479458
3632,48,Female,New Jersey,No,0,27,1426.0,52.81,2022-02-19,2024-12-27,4,2,Clientes recientes en desarrollo,1.6094379124341003
3633,27,Female,Utah,No,1,4,219.2,54.8,2022-12-01,2024-03-08,298,0,Clientes de baja actividad,5.700443573390687
3634,39,Female,Montana,No,0,2,119.6,59.8,2023-05-04,2024-11-29,32,0,Clientes de baja actividad,3.4965075614664802
3635,59,Female,Ohio,No,0,18,875.1,48.62,2022-05-15,2024-10-10,82,0,Clientes de baja actividad,4.418840607796598
3636,52,Female,Colorado,No,0,18,762.6,42.37,2022-01-22,2024-12-10,21,2,Clientes recientes en desarrollo,3.091042453358316
3637,50,Female,California,No,0,37,2069.5,55.93,2022-01-07,2024-12-28,3,1,Clientes de alto valor activos,1.3862943611198906
3638,32,Female,Utah,No,0,33,1518.4,46.01,2022-03-20,2024-12-30,1,1,Clientes de alto valor activos,0.6931471805599453
3639,40,Female,Kansas,No,0,51,2335.5,45.79,2022-03-26,2024-12-15,16,1,Clientes de alto valor activos,2.833213344056216
3640,26,Female,Illinois,No,0,40,2173.6,54.34,2022-01-01,2024-12-22,9,1,Clientes de alto valor activos,2.302585092994046
3641,47,Female,Minnesota,No,0,18,1016.9,56.49,2022-03-24,2024-12-29,2,2,Clientes recientes en desarrollo,1.0986122886681098
3642,51,Female,New York,No,0,40,2173.5,54.34,2022-01-01,2024-12-31,0,1,Clientes de alto valor activos,0.0
3643,47,Female,Arizona,No,0,6,270.5,45.08,2022-06-01,2024-05-08,237,0,Clientes de baja actividad,5.472270673671475
3644,53,Female,Tennessee,No,0,48,2515.2,52.4,2022-03-13,2024-12-16,15,1,Clientes de alto valor activos,2.772588722239781
3645,35,Female,Arkansas,No,0,19,1062.3,55.91,2022-02-02,2024-12-30,1,2,Clientes recientes en desarrollo,0.6931471805599453
3646,38,Female,Colorado,No,0,32,1608.6,50.27,2022-01-01,2024-12-20,11,3,Clientes valiosos en riesgo,2.4849066497880004
3647,69,Female,Nevada,No,0,40,2281.5,57.04,2022-01-01,2024-12-30,1,1,Clientes de alto valor activos,0.6931471805599453
3648,47,Female,Kansas,No,0,13,741.5,57.04,2022-11-26,2024-11-21,40,0,Clientes de baja actividad,3.713572066704308
3649,31,Female,New York,No,0,46,2323.4,50.51,2022-01-01,2024-12-29,2,1,Clientes de alto valor activos,1.0986122886681098
3650,68,Female,Minnesota,No,0,34,1621.3,47.69,2022-03-27,2024-12-15,16,3,Clientes valiosos en riesgo,2.833213344056216
3651,51,Female,Ohio,No,0,4,197.4,49.35,2022-02-06,2024-11-06,55,0,Clientes de baja actividad,4.02535169073515
3652,20,Female,Arizona,No,0,6,263.7,43.95,2022-06-24,2024-07-30,154,0,Clientes de baja actividad,5.043425116919247
3653,27,Female,Kentucky,No,0,24,1479.1,61.63,2022-02-11,2024-12-28,3,2,Clientes recientes en desarrollo,1.3862943611198906
3654,67,Female,Minnesota,No,0,40,2081.7,52.04,2022-01-20,2024-12-20,11,1,Clientes de alto valor activos,2.4849066497880004
3655,21,Female,Arkansas,No,0,11,531.2,48.29,2022-07-04,2024-09-07,115,0,Clientes de baja actividad,4.7535901911063645
3656,20,Female,Wyoming,No,0,5,166.3,33.26,2023-06-07,2024-10-11,81,0,Clientes de baja actividad,4.406719247264253
3657,35,Female,North Dakota,No,0,19,1019.7,53.67,2022-06-03,2024-12-22,9,2,Clientes recientes en desarrollo,2.302585092994046
3658,58,Female,Alabama,No,0,2,53.6,26.8,2023-07-29,2024-04-27,248,0,Clientes de baja actividad,5.517452896464707
3659,28,Female,Mississippi,No,0,19,893.6,47.03,2022-08-29,2024-12-21,10,2,Clientes recientes en desarrollo,2.3978952727983707
3660,27,Female,Illinois,No,0,47,2473.4,52.63,2022-01-06,2024-12-20,11,1,Clientes de alto valor activos,2.4849066497880004
3661,19,Female,Arkansas,No,0,14,797.3,56.95,2022-10-07,2024-12-20,11,2,Clientes recientes en desarrollo,2.4849066497880004
3662,63,Female,Kansas,No,0,6,289.0,48.17,2022-01-07,2024-10-07,85,0,Clientes de baja actividad,4.454347296253507
3663,69,Female,Rhode Island,No,0,12,586.7,48.89,2022-01-01,2024-12-28,3,2,Clientes recientes en desarrollo,1.3862943611198906
3664,65,Female,Florida,No,0,50,2516.3,50.33,2022-01-14,2024-12-23,8,1,Clientes de alto valor activos,2.1972245773362196
3665,63,Female,Missouri,No,0,2,93.0,46.5,2024-01-01,2024-09-05,117,0,Clientes de baja actividad,4.770684624465665
3666,28,Female,North Carolina,No,1,12,654.0,54.5,2022-03-22,2024-05-03,242,0,Clientes de baja actividad,5.493061443340548
3667,67,Female,Alabama,No,0,48,2457.8,51.2,2022-01-06,2024-12-21,10,1,Clientes de alto valor activos,2.3978952727983707
3668,51,Female,Washington,No,0,21,1151.5,54.83,2022-02-12,2024-11-29,32,3,Clientes valiosos en riesgo,3.4965075614664802
3669,59,Female,Michigan,No,0,19,1149.5,60.5,2022-02-04,2024-10-05,87,0,Clientes de baja actividad,4.477336814478207
3670,25,Female,Washington,No,0,44,2333.8,53.04,2022-01-01,2024-12-28,3,1,Clientes de alto valor activos,1.3862943611198906
3671,31,Female,Vermont,No,0,5,285.4,57.08,2022-01-01,2024-11-22,39,0,Clientes de baja actividad,3.6888794541139363
3672,62,Female,Illinois,No,0,21,1015.6,48.36,2022-02-14,2024-11-23,38,0,Clientes de baja actividad,3.6635616461296463
3673,51,Female,New York,No,0,8,423.6,52.95,2022-01-15,2024-12-21,10,2,Clientes recientes en desarrollo,2.3978952727983707
3674,32,Female,Rhode Island,No,0,32,1518.9,47.47,2022-04-30,2024-11-30,31,3,Clientes valiosos en riesgo,3.4657359027997265
3675,35,Female,Washington,No,0,42,2259.4,53.8,2022-01-06,2024-12-01,30,3,Clientes valiosos en riesgo,3.4339872044851463
3676,70,Female,Virginia,No,0,4,262.8,65.7,2022-11-23,2024-11-26,35,0,Clientes de baja actividad,3.58351893845611
3677,19,Female,Wisconsin,No,0,17,926.2,54.48,2022-04-16,2024-09-21,101,0,Clientes de baja actividad,4.624972813284271
3678,32,Female,Michigan,No,0,44,2194.2,49.87,2022-01-02,2024-12-25,6,1,Clientes de alto valor activos,1.9459101490553132
3679,56,Female,Texas,No,0,30,1473.0,49.1,2022-01-21,2024-12-26,5,2,Clientes recientes en desarrollo,1.791759469228055
3680,53,Female,Idaho,No,1,6,320.8,53.47,2023-04-05,2024-03-11,295,0,Clientes de baja actividad,5.69035945432406
3681,22,Female,Iowa,No,0,31,1702.1,54.91,2022-02-10,2024-12-26,5,1,Clientes de alto valor activos,1.791759469228055
3682,26,Female,Connecticut,No,0,34,1633.0,48.03,2022-02-17,2024-11-24,37,3,Clientes valiosos en riesgo,3.6375861597263857
3683,42,Female,Wyoming,No,1,47,2343.6,49.86,2022-01-09,2024-10-31,61,3,Clientes valiosos en riesgo,4.127134385045092
3684,30,Female,Mississippi,No,1,18,877.5,48.75,2022-03-27,2024-08-24,129,0,Clientes de baja actividad,4.867534450455582
3685,29,Female,Pennsylvania,No,0,48,2632.8,54.85,2022-03-02,2024-12-01,30,3,Clientes valiosos en riesgo,3.4339872044851463
3686,47,Female,Tennessee,No,0,18,1151.1,63.95,2022-03-02,2024-12-27,4,2,Clientes recientes en desarrollo,1.6094379124341003
3687,59,Female,Louisiana,No,0,18,978.2,54.34,2022-01-01,2024-12-26,5,2,Clientes recientes en desarrollo,1.791759469228055
3688,34,Female,Arkansas,No,0,29,1608.1,55.45,2022-03-03,2024-10-31,61,3,Clientes valiosos en riesgo,4.127134385045092
3689,52,Female,West Virginia,No,1,9,504.7,56.08,2022-05-07,2024-03-10,296,0,Clientes de baja actividad,5.6937321388027
3690,47,Female,South Carolina,No,0,9,438.9,48.77,2022-05-11,2024-10-13,79,0,Clientes de baja actividad,4.382026634673881
3691,24,Female,Kansas,No,1,5,346.4,69.28,2022-05-27,2024-02-05,330,0,Clientes de baja actividad,5.802118375377063
3692,63,Female,Michigan,No,1,25,1342.2,53.69,2022-02-04,2024-09-09,113,0,Clientes de baja actividad,4.736198448394496
3693,59,Female,Alabama,No,0,30,1435.5,47.85,2022-01-07,2024-12-26,5,2,Clientes recientes en desarrollo,1.791759469228055
3694,66,Female,South Dakota,No,0,11,483.1,43.92,2022-05-28,2024-12-31,0,2,Clientes recientes en desarrollo,0.0
3695,45,Female,Rhode Island,No,0,12,532.1,44.34,2022-05-07,2024-10-05,87,0,Clientes de baja actividad,4.477336814478207
3696,38,Female,Florida,No,0,19,924.3,48.65,2022-01-06,2024-09-12,110,0,Clientes de baja actividad,4.709530201312334
3697,63,Female,Connecticut,No,0,27,1499.8,55.55,2022-01-01,2024-12-28,3,2,Clientes recientes en desarrollo,1.3862943611198906
3698,55,Female,Pennsylvania,No,0,40,1865.5,46.64,2022-03-05,2024-11-25,36,3,Clientes valiosos en riesgo,3.6109179126442243
3699,25,Female,California,No,0,5,274.8,54.96,2023-01-20,2024-12-22,9,2,Clientes recientes en desarrollo,2.302585092994046
3700,51,Female,Oklahoma,No,0,25,1132.7,45.31,2022-03-04,2024-10-31,61,3,Clientes valiosos en riesgo,4.127134385045092
3701,28,Female,North Dakota,No,0,3,185.8,61.93,2023-02-15,2024-11-25,36,0,Clientes de baja actividad,3.6109179126442243
3702,46,Female,New Mexico,No,0,37,1710.7,46.24,2022-01-23,2024-12-22,9,1,Clientes de alto valor activos,2.302585092994046
3703,58,Female,South Carolina,No,0,37,1927.5,52.09,2022-01-07,2024-12-22,9,1,Clientes de alto valor activos,2.302585092994046
3704,30,Female,Michigan,No,0,24,1240.6,51.69,2022-02-06,2024-12-22,9,2,Clientes recientes en desarrollo,2.302585092994046
3705,68,Female,Missouri,No,0,37,1919.1,51.87,2022-01-01,2024-12-26,5,1,Clientes de alto valor activos,1.791759469228055
3706,28,Female,Colorado,No,0,3,112.1,37.37,2022-07-30,2024-10-04,88,0,Clientes de baja actividad,4.48863636973214
3707,26,Female,Kansas,No,0,18,905.3,50.29,2022-01-01,2024-12-27,4,2,Clientes recientes en desarrollo,1.6094379124341003
3708,35,Female,Illinois,No,0,20,998.5,49.92,2022-07-16,2024-12-28,3,2,Clientes recientes en desarrollo,1.3862943611198906
3709,40,Female,South Carolina,No,0,42,2226.5,53.01,2022-01-01,2024-12-05,26,3,Clientes valiosos en riesgo,3.295836866004329
3710,31,Female,Utah,No,0,28,1655.8,59.14,2022-01-08,2024-11-29,32,3,Clientes valiosos en riesgo,3.4965075614664802
3711,60,Female,Hawaii,No,0,33,1794.1,54.37,2022-06-25,2024-12-21,10,1,Clientes de alto valor activos,2.3978952727983707
3712,69,Female,Texas,No,0,34,1717.0,50.5,2022-01-07,2024-12-23,8,1,Clientes de alto valor activos,2.1972245773362196
3713,51,Female,Oregon,No,1,25,1280.4,51.22,2022-01-01,2024-07-10,174,0,Clientes de baja actividad,5.1647859739235145
3714,49,Female,Arizona,No,0,32,1668.8,52.15,2022-01-01,2024-10-25,67,3,Clientes valiosos en riesgo,4.219507705176107
3715,18,Female,New York,No,0,36,1932.5,53.68,2022-04-06,2024-12-26,5,1,Clientes de alto valor activos,1.791759469228055
3716,63,Female,Nebraska,No,0,3,157.0,52.33,2022-11-20,2024-03-22,284,0,Clientes de baja actividad,5.652489180268651
3717,57,Female,Vermont,No,0,43,1978.1,46.0,2022-03-04,2024-11-30,31,3,Clientes valiosos en riesgo,3.4657359027997265
3718,45,Female,Maryland,No,0,48,2210.3,46.05,2022-01-16,2024-12-30,1,1,Clientes de alto valor activos,0.6931471805599453
3719,36,Female,Tennessee,No,0,45,2440.7,54.24,2022-01-14,2024-12-29,2,1,Clientes de alto valor activos,1.0986122886681098
3720,20,Female,Pennsylvania,No,0,9,615.6,68.4,2022-08-30,2024-11-28,33,0,Clientes de baja actividad,3.5263605246161616
3721,21,Female,South Carolina,No,0,14,790.3,56.45,2022-01-22,2024-11-29,32,0,Clientes de baja actividad,3.4965075614664802
3722,62,Female,Connecticut,No,0,11,578.8,52.62,2022-05-08,2024-11-27,34,0,Clientes de baja actividad,3.5553480614894135
3723,23,Female,Kentucky,No,0,2,113.2,56.6,2022-11-23,2024-03-14,292,0,Clientes de baja actividad,5.680172609017068
3724,26,Female,Rhode Island,No,1,2,72.7,36.35,2023-08-22,2024-01-20,346,0,Clientes de baja actividad,5.849324779946859
3725,30,Female,Colorado,No,0,19,944.4,49.71,2022-03-19,2024-11-29,32,0,Clientes de baja actividad,3.4965075614664802
3726,18,Female,Oklahoma,No,0,3,137.7,45.9,2023-02-01,2024-11-26,35,0,Clientes de baja actividad,3.58351893845611
3727,47,Female,Idaho,No,0,37,2086.8,56.4,2022-01-01,2024-12-22,9,1,Clientes de alto valor activos,2.302585092994046
3728,41,Female,Maine,No,0,18,796.5,44.25,2022-02-14,2024-12-22,9,2,Clientes recientes en desarrollo,2.302585092994046
3729,62,Female,Vermont,No,1,2,162.3,81.15,2024-01-31,2024-05-12,233,0,Clientes de baja actividad,5.455321115357702
3730,28,Female,Rhode Island,No,0,51,2743.0,53.78,2022-02-03,2024-12-30,1,1,Clientes de alto valor activos,0.6931471805599453
3731,46,Female,Florida,No,1,4,149.9,37.47,2023-05-13,2023-11-25,402,0,Clientes de baja actividad,5.998936561946683
3732,54,Female,West Virginia,No,0,46,2479.5,53.9,2022-01-04,2024-12-25,6,1,Clientes de alto valor activos,1.9459101490553132
3733,36,Female,Indiana,No,0,29,1867.2,64.39,2022-02-14,2024-12-27,4,2,Clientes recientes en desarrollo,1.6094379124341003
3734,25,Female,Illinois,No,0,7,430.2,61.46,2022-10-31,2024-12-26,5,2,Clientes recientes en desarrollo,1.791759469228055
3735,38,Female,California,No,0,34,1653.9,48.64,2022-03-21,2024-12-20,11,1,Clientes de alto valor activos,2.4849066497880004
3736,38,Female,Massachusetts,No,0,30,1648.6,54.95,2022-02-10,2024-12-26,5,2,Clientes recientes en desarrollo,1.791759469228055
3737,42,Female,Idaho,No,0,3,193.1,64.37,2022-04-16,2024-02-04,331,0,Clientes de baja actividad,5.805134968916488
3738,19,Female,Kentucky,No,0,44,2030.8,46.15,2022-02-06,2024-12-27,4,1,Clientes de alto valor activos,1.6094379124341003
3739,34,Female,Delaware,No,0,49,2476.2,50.53,2022-01-15,2024-12-28,3,1,Clientes de alto valor activos,1.3862943611198906
3740,38,Female,Idaho,No,0,44,2203.6,50.08,2022-01-01,2024-12-22,9,1,Clientes de alto valor activos,2.302585092994046
3741,42,Female,Virginia,No,0,27,1293.7,47.91,2022-01-15,2024-12-28,3,2,Clientes recientes en desarrollo,1.3862943611198906
3742,58,Female,Arizona,No,0,27,1414.3,52.38,2022-03-27,2024-12-01,30,3,Clientes valiosos en riesgo,3.4339872044851463
3743,56,Female,Maryland,No,0,51,2464.7,48.33,2022-03-03,2024-12-26,5,1,Clientes de alto valor activos,1.791759469228055
3744,62,Female,Idaho,No,0,37,2107.0,56.95,2022-01-02,2024-12-26,5,1,Clientes de alto valor activos,1.791759469228055
3745,24,Female,New Jersey,No,0,27,1274.1,47.19,2022-01-29,2024-12-15,16,3,Clientes valiosos en riesgo,2.833213344056216
3746,60,Female,Washington,No,0,3,217.2,72.4,2022-11-26,2024-12-24,7,2,Clientes recientes en desarrollo,2.0794415416798357
3747,53,Female,Idaho,No,0,50,2606.2,52.12,2022-02-07,2024-12-31,0,1,Clientes de alto valor activos,0.0
3748,26,Female,Rhode Island,No,0,33,1874.9,56.82,2022-02-05,2024-12-15,16,3,Clientes valiosos en riesgo,2.833213344056216
3749,34,Female,Delaware,No,0,4,144.5,36.12,2022-07-27,2024-10-11,81,0,Clientes de baja actividad,4.406719247264253
3750,24,Female,Alaska,No,1,39,2021.2,51.83,2022-02-08,2024-09-09,113,3,Clientes valiosos en riesgo,4.736198448394496
3751,42,Female,Arizona,No,0,6,387.2,64.53,2022-06-16,2024-12-25,6,2,Clientes recientes en desarrollo,1.9459101490553132
3752,36,Female,Alabama,No,0,9,332.4,36.93,2022-03-26,2024-08-18,135,0,Clientes de baja actividad,4.912654885736052
3753,24,Female,Washington,No,0,44,2426.7,55.15,2022-04-04,2024-12-21,10,1,Clientes de alto valor activos,2.3978952727983707
3754,39,Female,Louisiana,No,0,23,1272.6,55.33,2022-01-14,2024-12-05,26,3,Clientes valiosos en riesgo,3.295836866004329
3755,46,Female,Nebraska,No,0,11,578.4,52.58,2022-12-29,2024-10-31,61,0,Clientes de baja actividad,4.127134385045092
3756,64,Female,Pennsylvania,No,0,27,1400.4,51.87,2022-02-01,2024-12-21,10,2,Clientes recientes en desarrollo,2.3978952727983707
3757,64,Female,South Carolina,No,0,43,2345.6,54.55,2022-01-01,2024-12-29,2,1,Clientes de alto valor activos,1.0986122886681098
3758,61,Female,California,No,0,34,1880.6,55.31,2022-01-01,2024-12-31,0,1,Clientes de alto valor activos,0.0
3759,61,Female,Indiana,No,1,24,1184.7,49.36,2022-01-26,2024-09-05,117,0,Clientes de baja actividad,4.770684624465665
3760,44,Female,Missouri,No,0,31,1654.8,53.38,2022-01-27,2024-10-31,61,3,Clientes valiosos en riesgo,4.127134385045092
3761,65,Female,Connecticut,No,1,37,1875.1,50.68,2022-03-18,2024-09-30,92,3,Clientes valiosos en riesgo,4.532599493153256
3762,60,Female,Nevada,No,1,4,167.4,41.85,2022-08-25,2024-01-30,336,0,Clientes de baja actividad,5.820082930352362
3763,65,Female,New York,No,0,14,597.9,42.71,2022-03-18,2024-09-29,93,0,Clientes de baja actividad,4.543294782270004
3764,27,Female,Oklahoma,No,0,39,2004.0,51.38,2022-02-11,2024-12-01,30,3,Clientes valiosos en riesgo,3.4339872044851463
3765,36,Female,South Dakota,No,1,20,1052.9,52.64,2022-02-19,2024-05-16,229,0,Clientes de baja actividad,5.438079308923196
3766,22,Female,Missouri,No,0,15,739.2,49.28,2022-03-05,2024-12-22,9,2,Clientes recientes en desarrollo,2.302585092994046
3767,62,Female,Texas,No,0,44,1949.2,44.3,2022-03-11,2024-12-20,11,1,Clientes de alto valor activos,2.4849066497880004
3768,59,Female,New York,No,0,11,718.8,65.35,2022-03-05,2024-12-27,4,2,Clientes recientes en desarrollo,1.6094379124341003
3769,50,Female,Vermont,No,0,35,1780.3,50.87,2022-03-07,2024-12-23,8,1,Clientes de alto valor activos,2.1972245773362196
3770,51,Female,Arizona,No,0,32,1968.1,61.5,2022-03-11,2024-12-26,5,1,Clientes de alto valor activos,1.791759469228055
3771,23,Female,Montana,No,0,35,1927.2,55.06,2022-04-04,2024-12-31,0,1,Clientes de alto valor activos,0.0
3772,21,Female,Oklahoma,No,0,29,1530.4,52.77,2022-01-01,2024-12-29,2,2,Clientes recientes en desarrollo,1.0986122886681098
3773,44,Female,New Hampshire,No,0,36,1845.6,51.27,2022-03-06,2024-12-22,9,1,Clientes de alto valor activos,2.302585092994046
3774,25,Female,Wisconsin,No,0,42,2070.0,49.29,2022-01-07,2024-12-28,3,1,Clientes de alto valor activos,1.3862943611198906
3775,57,Female,Alaska,No,1,49,2397.8,48.93,2022-01-09,2024-11-02,59,3,Clientes valiosos en riesgo,4.0943445622221
3776,41,Female,South Dakota,No,0,46,2330.5,50.66,2022-01-01,2024-11-22,39,3,Clientes valiosos en riesgo,3.6888794541139363
3777,19,Female,Alaska,No,0,11,411.6,37.42,2022-06-09,2024-10-03,89,0,Clientes de baja actividad,4.499809670330265
3778,43,Female,Utah,No,0,10,573.1,57.31,2022-04-15,2024-12-07,24,0,Clientes de baja actividad,3.2188758248682006
3779,25,Female,South Dakota,No,0,31,1594.5,51.44,2022-04-26,2024-12-21,10,3,Clientes valiosos en riesgo,2.3978952727983707
3780,60,Female,California,No,0,46,2669.7,58.04,2022-01-07,2024-11-30,31,3,Clientes valiosos en riesgo,3.4657359027997265
3781,54,Female,Mississippi,No,0,42,2540.2,60.48,2022-02-12,2024-12-22,9,1,Clientes de alto valor activos,2.302585092994046
3782,52,Female,Tennessee,No,0,41,1995.3,48.67,2022-01-01,2024-12-11,20,3,Clientes valiosos en riesgo,3.044522437723423
3783,40,Female,Alabama,No,0,43,2240.1,52.1,2022-01-01,2024-12-26,5,1,Clientes de alto valor activos,1.791759469228055
3784,39,Female,Maine,No,0,18,808.0,44.89,2022-01-02,2024-12-20,11,2,Clientes recientes en desarrollo,2.4849066497880004
3785,54,Female,Virginia,No,0,5,250.3,50.06,2022-02-03,2024-12-12,19,0,Clientes de baja actividad,2.995732273553991
3786,64,Female,New Hampshire,No,0,7,491.2,70.17,2022-02-15,2024-12-27,4,2,Clientes recientes en desarrollo,1.6094379124341003
3787,31,Female,Tennessee,No,0,23,1232.2,53.57,2022-03-09,2024-11-11,50,3,Clientes valiosos en riesgo,3.9318256327243257
3788,37,Female,New York,No,0,47,2444.3,52.01,2022-01-01,2024-12-20,11,1,Clientes de alto valor activos,2.4849066497880004
3789,43,Female,Kansas,No,0,28,1525.4,54.48,2022-03-12,2024-11-29,32,3,Clientes valiosos en riesgo,3.4965075614664802
3790,56,Female,North Dakota,No,0,19,972.7,51.19,2022-02-06,2024-10-26,66,0,Clientes de baja actividad,4.204692619390966
3791,27,Female,Alaska,No,0,32,1753.2,54.79,2022-01-26,2024-12-20,11,3,Clientes valiosos en riesgo,2.4849066497880004
3792,40,Female,Texas,No,0,2,157.0,78.5,2022-12-20,2024-07-10,174,0,Clientes de baja actividad,5.1647859739235145
3793,43,Female,Massachusetts,No,0,3,177.3,59.1,2022-01-08,2024-04-15,260,0,Clientes de baja actividad,5.564520407322694
3794,62,Female,Delaware,No,0,47,2346.6,49.93,2022-01-07,2024-11-10,51,3,Clientes valiosos en riesgo,3.9512437185814275
3795,44,Female,South Dakota,No,0,28,1474.1,52.65,2022-02-08,2024-11-23,38,3,Clientes valiosos en riesgo,3.6635616461296463
3796,45,Female,Arkansas,No,0,4,196.6,49.15,2022-06-19,2024-07-27,157,0,Clientes de baja actividad,5.062595033026967
3797,40,Female,Utah,No,0,48,2515.4,52.4,2022-03-21,2024-12-23,8,1,Clientes de alto valor activos,2.1972245773362196
3798,68,Female,California,No,0,21,979.2,46.63,2022-03-31,2024-12-06,25,3,Clientes valiosos en riesgo,3.258096538021482
3799,63,Female,Rhode Island,No,0,24,1169.2,48.72,2022-01-02,2024-12-21,10,2,Clientes recientes en desarrollo,2.3978952727983707
3800,60,Female,Oklahoma,No,0,14,700.0,50.0,2022-01-09,2024-10-04,88,0,Clientes de baja actividad,4.48863636973214
3801,19,Female,Vermont,No,0,13,681.4,52.42,2022-01-22,2024-12-22,9,2,Clientes recientes en desarrollo,2.302585092994046
3802,26,Female,Kentucky,No,0,37,2160.5,58.39,2022-02-01,2024-12-26,5,1,Clientes de alto valor activos,1.791759469228055
3803,70,Female,Illinois,No,1,2,98.5,49.25,2024-04-01,2024-05-12,233,0,Clientes de baja actividad,5.455321115357702
3804,48,Female,Connecticut,No,0,15,922.5,61.5,2022-02-11,2024-12-30,1,2,Clientes recientes en desarrollo,0.6931471805599453
3805,37,Female,Florida,No,0,46,2399.0,52.15,2022-02-03,2024-12-27,4,1,Clientes de alto valor activos,1.6094379124341003
3806,48,Female,New Jersey,No,0,32,1643.8,51.37,2022-03-04,2024-12-18,13,3,Clientes valiosos en riesgo,2.6390573296152584
3807,18,Female,Missouri,No,0,42,1997.8,47.57,2022-03-03,2024-12-24,7,1,Clientes de alto valor activos,2.0794415416798357
3808,38,Female,Michigan,No,0,37,1924.0,52.0,2022-01-30,2024-12-24,7,1,Clientes de alto valor activos,2.0794415416798357
3809,33,Female,Washington,No,0,7,354.6,50.66,2023-08-30,2024-11-23,38,0,Clientes de baja actividad,3.6635616461296463
3810,57,Female,New York,No,0,29,1509.3,52.04,2022-05-03,2024-12-25,6,2,Clientes recientes en desarrollo,1.9459101490553132
3811,46,Female,Wisconsin,No,0,30,1572.8,52.43,2022-03-03,2024-12-01,30,3,Clientes valiosos en riesgo,3.4339872044851463
3812,46,Female,Idaho,No,0,15,734.3,48.95,2022-12-18,2024-12-28,3,2,Clientes recientes en desarrollo,1.3862943611198906
3813,50,Female,Michigan,No,0,8,274.4,34.3,2022-03-04,2024-08-28,125,0,Clientes de baja actividad,4.836281906951478
3814,61,Female,Georgia,No,0,32,1571.4,49.11,2022-04-20,2024-12-22,9,1,Clientes de alto valor activos,2.302585092994046
3815,45,Female,Michigan,No,0,27,1478.2,54.75,2022-03-05,2024-11-05,56,3,Clientes valiosos en riesgo,4.04305126783455
3816,32,Female,Maine,No,0,13,731.8,56.29,2022-01-08,2024-10-26,66,0,Clientes de baja actividad,4.204692619390966
3817,29,Female,Maryland,No,0,46,2303.0,50.07,2022-01-30,2024-12-19,12,1,Clientes de alto valor activos,2.5649493574615367
3818,66,Female,Missouri,No,0,41,1810.1,44.15,2022-02-05,2024-12-13,18,3,Clientes valiosos en riesgo,2.9444389791664403
3819,70,Female,Oregon,No,0,43,2381.9,55.39,2022-02-14,2024-12-22,9,1,Clientes de alto valor activos,2.302585092994046
3820,36,Female,Arkansas,No,0,46,2510.6,54.58,2022-01-01,2024-12-31,0,1,Clientes de alto valor activos,0.0
3821,34,Female,New Hampshire,No,0,35,1664.6,47.56,2022-01-01,2024-12-31,0,1,Clientes de alto valor activos,0.0
3822,20,Female,Oregon,No,0,35,1627.5,46.5,2022-02-06,2024-12-31,0,1,Clientes de alto valor activos,0.0
3823,70,Female,Kansas,No,0,18,837.4,46.52,2022-01-01,2024-12-21,10,2,Clientes recientes en desarrollo,2.3978952727983707
3824,50,Female,California,No,0,28,1442.6,51.52,2022-02-26,2024-12-07,24,3,Clientes valiosos en riesgo,3.2188758248682006
3825,54,Female,Georgia,No,0,32,2005.2,62.66,2022-01-08,2024-11-30,31,3,Clientes valiosos en riesgo,3.4657359027997265
3826,49,Female,Hawaii,No,0,48,2310.7,48.14,2022-01-01,2024-12-25,6,1,Clientes de alto valor activos,1.9459101490553132
3827,50,Female,Montana,No,0,26,1620.4,62.32,2022-02-15,2024-12-28,3,2,Clientes recientes en desarrollo,1.3862943611198906
3828,62,Female,Montana,No,0,48,2586.5,53.89,2022-01-01,2024-12-26,5,1,Clientes de alto valor activos,1.791759469228055
3829,42,Female,Mississippi,No,0,9,483.2,53.69,2022-02-04,2024-12-30,1,2,Clientes recientes en desarrollo,0.6931471805599453
3830,69,Female,Washington,No,0,33,1737.7,52.66,2022-03-28,2024-12-24,7,1,Clientes de alto valor activos,2.0794415416798357
3831,22,Female,Pennsylvania,No,1,34,1431.0,42.09,2022-03-19,2024-09-12,110,3,Clientes valiosos en riesgo,4.709530201312334
3832,36,Female,Nevada,No,0,17,848.6,49.92,2022-01-10,2024-12-30,1,2,Clientes recientes en desarrollo,0.6931471805599453
3833,64,Female,Kansas,No,0,28,1310.5,46.8,2022-01-29,2024-12-23,8,2,Clientes recientes en desarrollo,2.1972245773362196
3834,44,Female,Arizona,No,0,18,970.0,53.89,2022-09-09,2024-12-22,9,2,Clientes recientes en desarrollo,2.302585092994046
3835,43,Female,Tennessee,No,0,18,1033.0,57.39,2022-01-01,2024-12-28,3,2,Clientes recientes en desarrollo,1.3862943611198906
3836,58,Female,Pennsylvania,No,0,29,1668.3,57.53,2022-01-18,2024-12-20,11,2,Clientes recientes en desarrollo,2.4849066497880004
3837,62,Female,Alaska,No,0,39,2055.2,52.7,2022-02-12,2024-12-26,5,1,Clientes de alto valor activos,1.791759469228055
3838,45,Female,New Mexico,No,0,34,1794.5,52.78,2022-02-27,2024-12-29,2,1,Clientes de alto valor activos,1.0986122886681098
3839,47,Female,Rhode Island,No,0,25,1383.5,55.34,2022-01-13,2024-11-21,40,3,Clientes valiosos en riesgo,3.713572066704308
3840,66,Female,Connecticut,No,0,15,927.6,61.84,2022-03-11,2024-12-31,0,2,Clientes recientes en desarrollo,0.0
3841,30,Female,Idaho,No,0,6,285.1,47.52,2022-07-04,2024-10-07,85,0,Clientes de baja actividad,4.454347296253507
3842,68,Female,Mississippi,No,0,9,501.2,55.69,2022-08-27,2024-12-24,7,2,Clientes recientes en desarrollo,2.0794415416798357
3843,35,Female,Colorado,No,0,43,2050.7,47.69,2022-01-21,2024-12-29,2,1,Clientes de alto valor activos,1.0986122886681098
3844,64,Female,Georgia,No,1,49,2512.0,51.27,2022-02-09,2024-09-21,101,3,Clientes valiosos en riesgo,4.624972813284271
3845,30,Female,Montana,No,0,41,1931.5,47.11,2022-04-23,2024-12-22,9,1,Clientes de alto valor activos,2.302585092994046
3846,58,Female,California,No,0,47,2514.4,53.5,2022-01-22,2024-12-15,16,1,Clientes de alto valor activos,2.833213344056216
3847,57,Female,Pennsylvania,No,0,41,2172.8,53.0,2022-03-25,2024-12-31,0,1,Clientes de alto valor activos,0.0
3848,60,Female,Delaware,No,0,32,1672.4,52.26,2022-01-22,2024-12-23,8,1,Clientes de alto valor activos,2.1972245773362196
3849,22,Female,New Hampshire,No,0,40,1973.9,49.35,2022-01-22,2024-12-26,5,1,Clientes de alto valor activos,1.791759469228055
3850,46,Female,Florida,No,0,37,2036.9,55.05,2022-02-04,2024-12-22,9,1,Clientes de alto valor activos,2.302585092994046
3851,27,Female,Mississippi,No,0,26,1413.3,54.36,2022-02-12,2024-12-25,6,2,Clientes recientes en desarrollo,1.9459101490553132
3852,50,Female,Montana,No,1,25,1135.3,45.41,2022-01-08,2024-08-31,122,0,Clientes de baja actividad,4.812184355372417
3853,65,Female,Mississippi,No,1,20,1098.3,54.92,2022-09-08,2024-05-09,236,0,Clientes de baja actividad,5.4680601411351315
3854,61,Female,Tennessee,No,0,50,2651.1,53.02,2022-01-13,2024-12-24,7,1,Clientes de alto valor activos,2.0794415416798357
3855,57,Female,Florida,No,0,5,291.3,58.26,2024-03-09,2024-10-13,79,0,Clientes de baja actividad,4.382026634673881
3856,40,Female,Illinois,No,0,37,2007.5,54.26,2022-02-13,2024-12-31,0,1,Clientes de alto valor activos,0.0
3857,39,Female,Virginia,No,0,9,338.1,37.57,2022-03-05,2024-09-04,118,0,Clientes de baja actividad,4.77912349311153
3858,42,Female,Texas,No,0,30,1660.1,55.34,2022-02-05,2024-11-26,35,3,Clientes valiosos en riesgo,3.58351893845611
3859,30,Female,Missouri,No,0,27,1419.9,52.59,2022-01-01,2024-12-28,3,2,Clientes recientes en desarrollo,1.3862943611198906
3860,65,Female,Mississippi,No,0,48,2388.6,49.76,2022-01-01,2024-12-20,11,1,Clientes de alto valor activos,2.4849066497880004
3861,57,Female,Pennsylvania,No,0,45,2168.5,48.19,2022-02-04,2024-11-23,38,3,Clientes valiosos en riesgo,3.6635616461296463
3862,64,Female,Wyoming,No,0,50,2446.0,48.92,2022-03-02,2024-12-23,8,1,Clientes de alto valor activos,2.1972245773362196
3863,56,Female,Idaho,No,0,10,464.5,46.45,2022-06-09,2024-08-22,131,0,Clientes de baja actividad,4.882801922586371
3864,40,Female,New Hampshire,No,0,29,1525.0,52.59,2022-02-10,2024-12-01,30,3,Clientes valiosos en riesgo,3.4339872044851463
3865,55,Female,Wyoming,No,0,2,60.8,30.4,2022-04-28,2024-10-23,69,0,Clientes de baja actividad,4.248495242049359
3866,25,Female,Nebraska,No,0,29,1503.3,51.84,2022-03-18,2024-12-20,11,2,Clientes recientes en desarrollo,2.4849066497880004
3867,58,Female,Alaska,No,0,34,1792.2,52.71,2022-01-22,2024-12-29,2,1,Clientes de alto valor activos,1.0986122886681098
3868,46,Female,Maryland,No,0,29,1515.4,52.26,2022-01-15,2024-11-30,31,3,Clientes valiosos en riesgo,3.4657359027997265
3869,18,Female,Maryland,No,0,10,544.6,54.46,2022-03-03,2024-12-23,8,2,Clientes recientes en desarrollo,2.1972245773362196
3870,26,Female,Arizona,No,0,29,1747.5,60.26,2022-01-01,2024-12-02,29,3,Clientes valiosos en riesgo,3.4011973816621555
3871,61,Female,Ohio,No,0,20,1195.3,59.76,2022-03-15,2024-12-30,1,2,Clientes recientes en desarrollo,0.6931471805599453
3872,55,Female,Minnesota,No,0,21,1174.1,55.91,2022-02-05,2024-12-02,29,3,Clientes valiosos en riesgo,3.4011973816621555
3873,41,Female,New Hampshire,No,0,4,151.7,37.92,2022-01-01,2024-08-31,122,0,Clientes de baja actividad,4.812184355372417
3874,42,Female,Louisiana,No,0,23,1119.0,48.65,2022-03-15,2024-11-22,39,3,Clientes valiosos en riesgo,3.6888794541139363
3875,70,Female,Nevada,No,0,34,1690.3,49.71,2022-01-02,2024-12-30,1,1,Clientes de alto valor activos,0.6931471805599453
3876,63,Female,New Hampshire,No,1,22,1069.1,48.6,2022-03-20,2024-08-30,123,0,Clientes de baja actividad,4.820281565605037
3877,60,Female,Wisconsin,No,1,8,406.5,50.81,2022-04-08,2024-03-05,301,0,Clientes de baja actividad,5.71042701737487
3878,28,Female,Nevada,No,0,47,2135.1,45.43,2022-02-11,2024-12-26,5,1,Clientes de alto valor activos,1.791759469228055
3879,60,Female,South Carolina,No,0,25,1289.7,51.59,2022-04-09,2024-12-05,26,3,Clientes valiosos en riesgo,3.295836866004329
3880,26,Female,Florida,No,0,7,298.0,42.57,2022-05-10,2024-10-26,66,0,Clientes de baja actividad,4.204692619390966
3881,42,Female,Massachusetts,No,0,41,1987.2,48.47,2022-01-29,2024-12-31,0,1,Clientes de alto valor activos,0.0
3882,56,Female,Georgia,No,0,18,874.9,48.61,2022-02-10,2024-11-25,36,0,Clientes de baja actividad,3.6109179126442243
3883,35,Female,North Dakota,No,0,25,1451.9,58.08,2022-03-17,2024-12-27,4,2,Clientes recientes en desarrollo,1.6094379124341003
3884,34,Female,North Dakota,No,0,23,1445.1,62.83,2022-02-02,2024-12-10,21,3,Clientes valiosos en riesgo,3.091042453358316
3885,47,Female,Maryland,No,0,4,196.6,49.15,2022-04-05,2024-08-11,142,0,Clientes de baja actividad,4.962844630259907
3886,49,Female,New Mexico,No,0,40,2078.7,51.97,2022-01-01,2024-12-28,3,1,Clientes de alto valor activos,1.3862943611198906
3887,37,Female,Iowa,No,0,41,2391.1,58.32,2022-01-01,2024-12-28,3,1,Clientes de alto valor activos,1.3862943611198906
3888,40,Female,Kansas,No,1,2,88.6,44.3,2022-11-29,2023-03-10,662,0,Clientes de baja actividad,6.4967749901858625
3889,45,Female,Virginia,No,0,15,867.5,57.83,2022-01-01,2024-11-30,31,0,Clientes de baja actividad,3.4657359027997265
3890,57,Female,Alaska,No,0,50,3075.7,61.51,2022-01-01,2024-12-31,0,1,Clientes de alto valor activos,0.0
3891,35,Female,Nebraska,No,0,34,1795.0,52.79,2022-01-09,2024-12-21,10,1,Clientes de alto valor activos,2.3978952727983707
3892,36,Female,Colorado,No,0,7,398.8,56.97,2022-12-16,2024-12-22,9,2,Clientes recientes en desarrollo,2.302585092994046
3893,35,Female,Michigan,No,0,6,322.5,53.75,2022-08-05,2024-05-16,229,0,Clientes de baja actividad,5.438079308923196
3894,21,Female,Massachusetts,No,0,30,1527.9,50.93,2022-05-12,2024-12-29,2,1,Clientes de alto valor activos,1.0986122886681098
3895,66,Female,Connecticut,No,0,45,2492.5,55.39,2022-01-01,2024-12-14,17,3,Clientes valiosos en riesgo,2.8903717578961645
3896,40,Female,Virginia,No,0,33,1768.4,53.59,2022-02-11,2024-12-28,3,1,Clientes de alto valor activos,1.3862943611198906
3897,52,Female,Iowa,No,0,42,2141.6,50.99,2022-02-07,2024-12-24,7,1,Clientes de alto valor activos,2.0794415416798357
3898,46,Female,New Jersey,No,0,25,1244.5,49.78,2022-02-13,2024-12-15,16,2,Clientes recientes en desarrollo,2.833213344056216
3899,44,Female,Minnesota,No,0,25,1537.4,61.5,2022-03-04,2024-12-20,11,2,Clientes recientes en desarrollo,2.4849066497880004
3900,52,Female,California,No,0,34,2038.3,59.95,2022-03-26,2024-12-21,10,1,Clientes de alto valor activos,2.3978952727983707
